-1.525861769774577714e-01 2.076023051963388877e+00 5.873655438038511978e-01 7.681916489915144863e-01 -6.150399853394734606e-01 -1.225611835656896936e-01 -9.968575865718808382e-01 9.022062050925501453e-02 -1.634359777624493915e-01 -1.871458202728072839e+00 1.363341902711802778e+00 9.054678629603118978e-01 6.335838912973380810e-02 1.756805268090704530e-01 -5.390880824819247602e-02 -2.098993017098224334e-01 -9.393454525089764973e-01 5.701870902891582882e-02 -5.710172302619050816e-02 4.119062470350100258e-02 8.840646616441578676e-01 -1.143061303988533783e+00 -1.274244332858957884e+00 -5.270613068571770171e-02 1.198708245603884448e+00 -9.347791734671145880e-01 -2.202432250185526741e-01 2.663013337361618271e-01 -1.163952291097398284e+00 -1.369261926753506220e+00 -3.998828536788640031e-01 6.394156843526920264e-01 5.643867036698114736e-01 1.013379129045567817e+00 2.955689942602205966e-01 -9.393705262249452126e-01 2.612323412016548940e-01 -5.583240807731637383e-03 -1.141904453492223581e+00 -9.439038407571873623e-01 2.320822929000419532e-01 9.519155653764840297e-01 7.561380225651006537e-01 -6.233625534635134358e-01 -4.867879838877213206e-01 3.419895467800652122e-01 -7.623218960984927683e-01 6.451865534597032159e-01
-2.455371394489368475e-01 7.656828295220505787e-01 1.847006920159957488e+00 -4.608957872739734979e-02 -1.036177761636663419e+00 -2.357904948027255698e-01 -8.233258448444339406e-01 1.176716329578689324e+00 1.570132505019775637e+00 1.453502767044959842e+00 3.226755478293897861e-01 3.340548239278627318e-01 1.016330177139079805e+00 -1.110497977589993246e+00 5.331300569997755590e-01 1.875799067427694547e-02 3.498824169408200624e-01 -1.145605714753723664e-01 -4.700767911848584973e-02 3.790070563658224922e-01 3.961140081327860218e-01 -1.149697477895620379e+00 -1.715264580522030569e+00 2.189020203573862844e+00 -1.882446457863231393e+00 5.589601819209748246e-02 -6.382130895127381409e-01 1.305708154387447806e+00 1.760481784687795814e+00 7.751919612999544906e-01 7.619115088575826311e-01 5.402373159068368097e-02 -1.094530048658493238e+00 3.607549688926902087e-01 -5.388329235755620061e-01 3.839560767412878439e-01 5.480503441523694175e-01 9.666362530810369835e-02 4.248605757328249855e-01 6.890637974613915695e-01 -1.739565672977199329e+00 -1.049707259140451932e+00 -6.096405229074667309e-01 2.031690865325909146e-01 -1.699846948976878824e+00 -1.583095782012824637e+00 7.154853197986363877e-01 -8.789727152020020418e-01
-1.917434505987117010e-01 -2.977503513688634640e-01 1.244303649586592009e+00 -1.883945308527253948e+00 4.979517024097721567e-01 1.833429479559687936e+00 -1.488112726134517505e+00 2.043293149555989729e-01 1.799066622243022051e+00 -7.243416752001478054e-01 -1.564856623656780910e+00 -2.001125204775127710e-03 -1.890027777643595863e-01 -9.020712624124128665e-01 1.642612516170153913e+00 -6.444290966096410944e-01 -4.859034488286946285e-01 9.821935775794485846e-01 -2.073312439217747938e-01 -5.061437600818508020e-01 1.935416733616249552e+00 1.463098494468040744e+00 4.412646156861542712e-01 6.760195512650308824e-01 -5.185010211536308367e-01 4.923253659466322874e-02 -8.555577542652255119e-01 -5.080969682119688136e-01 -1.008721715430621058e-01 8.450413505226762600e-01 -1.216555923787255633e+00 -2.489360289756702427e-01 -1.560461729565181255e-01 -2.083702106437085033e-01 -8.974411647927964530e-01 1.613199948171972320e+00 1.159984798291560509e-01 -7.800197581604824126e-01 1.906112901673151283e+00 -7.191518487982281327e-01 8.225607745995721087e-01 -9.198516941357003374e-01 2.623817558633880220e-01 1.317751920598092263e-01 2.065074556122364235e+00 1.969573450217921851e+00 1.498491446917170400e+00 2.171865666839539077e+00
1.213968069845291264e+00 1.630344779665731547e+00 2.720845032197326763e+00 -3.839958302698733283e-01 -7.633251523931977589e-01 -6.247139005532534872e-01 -1.563983603844504744e+00 2.677331786692659366e-01 -1.549023691765430533e+00 5.158767955008158879e-01 -1.250654642215475398e+00 1.561973418161528571e+00 -1.268530911110917314e+00 1.169515345246856741e+00 1.934717375076947521e+00 7.306592326090232126e-01 -3.011648404174881999e-01 -1.540683299388545757e+00 4.712616177028243758e-01 2.545745589472268033e-01 1.102967259950599521e+00 -1.902312662589026038e-01 -6.161511953121426854e-01 -3.803474965824178433e-01 -5.102653276765047874e-01 -2.653504833731738510e-01 2.100660832343467233e-01 1.000229833730850837e+00 2.015913169715181086e-01 -9.845651515178034385e-01 -3.441971717255040142e-01 1.158005997113999846e-01 -1.456120026425702374e+00 1.687933289825779559e-01 8.112494490199270714e-02 -7.574456336000598422e-02 2.218714894650148928e-01 -1.181720176250493859e+00 7.944901805836902531e-01 -4.839049240150288672e-02 3.038460813283092379e-02 -1.367080174246543822e-01 -2.280453812412825687e-01 1.084762693137958145e+00 1.039116783628305729e+00 3.147097317463108668e-02 -3.892120780132102276e-02 -8.416766737011240063e-02
6.105208068875013216e-01 -1.477040618891874990e+00 -1.870077059941278819e+00 -6.981732030229476083e-01 6.644099075342249638e-02 -1.105512073009936813e+00 -2.586734413916993991e-02 2.274496229475982290e+00 3.698155168557096806e-01 1.946261002848494737e-01 7.479411991505020563e-01 -5.513036257900603143e-01 1.280287947143940341e+00 5.859842875472990320e-01 4.930533612401372112e-01 9.641083323031091057e-01 1.334090982589240859e+00 5.858826259727629715e-01 -3.823470060795653436e-01 -1.779988610646991543e+00 -1.021447959677496797e+00 4.372029546743597117e-01 -1.525501699492082079e-02 1.005788268730934271e-01 -1.818166686085180173e+00 8.399439916377188231e-02 -1.280149205074990970e+00 2.055297708607214169e+00 1.281845323052772878e+00 6.610683059603882361e-01 6.432576025174904233e-01 -4.286656197286652370e-01 -2.068595604805697263e+00 -5.513658481092416075e-01 1.261569793455195321e-01 -2.282281910499292243e-01 -1.776067732687293121e+00 2.156380714643239660e+00 5.788513096988590068e-01 -6.345669459918916455e-02 1.886109409432651818e+00 -3.151294392314599180e-01 2.645444632205055657e-01 -4.094768853796341146e-01 -1.401973996948417289e+00 8.749575495385798485e-01 1.561589094015655432e-01 -5.048211842592064125e-01
-2.391375491648408125e-01 2.726952177901117436e-01 -1.965589961336357827e-01 7.823455542224475590e-01 4.569275107084042054e-01 1.459524138041423669e+00 3.883221414469823496e-01 -5.698862982953304401e-01 5.391900508419947835e-01 1.159539765647549681e+00 1.381425764123277444e-01 1.392088716764640965e+00 -9.229151120611406300e-01 5.045862765121384985e-01 5.752226488701108753e-01 5.452377914394263003e-01 5.380284700713624524e-01 -1.050626444690523131e+00 2.209931315211632441e+00 -1.224696122527682896e+00 -7.611407936316070266e-01 1.487012046319997172e+00 -6.769029046289646301e-01 -1.058230043032047041e+00 -8.064633140985910664e-01 -4.367007611795808986e-01 -7.443428639010737369e-01 -3.127466627420709133e-01 1.083593295859871741e+00 1.251490287445210514e+00 6.285318678071273313e-01 -1.141408433764423913e+00 -5.044292014078011199e-01 1.443328730324456854e+00 2.219292797438958131e-01 1.100997599036921182e+00 -1.453121995732141070e+00 1.701143512335026475e+00 -8.880919653252349333e-01 4.022979290622407111e-01 1.463316555411064535e+00 3.815889353477734391e-01 -2.827427155682724069e-01 -8.965136395643530376e-01 -9.130002260176893758e-01 -2.443825986952496698e-01 8.697066618971752705e-01 4.458737507728304239e-01
-1.025439895659965850e-01 -2.256918159611169372e+00 -2.336721348551670518e-01 6.496081103204029983e-01 -1.875840131541610001e+00 1.451319331741705909e+00 1.935976397276065186e-01 1.007997291078198021e+00 1.083885927658291060e+00 -1.387260203800845804e-01 6.010385245328119241e-01 9.291112039389043398e-01 -7.092991490335502983e-03 -8.437781829809035683e-01 -1.260835006777274891e+00 -6.157823204706415199e-01 2.308765695510518190e-01 1.674919832311390078e-01 -8.809646518372366009e-01 -1.249823722830306350e-01 8.361421228737984934e-02 -1.422833651225445140e+00 -7.158285015830103681e-01 7.060115996904784419e-01 5.067138670241370935e-02 -9.562747881257430693e-01 1.057221213735713095e+00 -4.234054901384772251e-01 -2.914493123388877671e-01 -4.857466897317543886e-01 -1.698222654082904182e+00 3.480220053788846690e-01 -1.064151769952982995e+00 3.353615608286847904e-01 -3.947876786226560131e-01 1.430739152431127481e+00 1.763448967386730626e+00 8.236793917371022511e-01 -1.065400433063223629e+00 1.137819457050957661e+00 1.031962797779461649e+00 7.601382820578971300e-01 3.461844304764082336e-01 -1.103051993957961940e+00 2.500271139717573088e-01 -6.798726431431977302e-01 1.506928481708723622e-01 -4.622783062643390228e-01
6.378263542383122431e-01 1.087456493415836167e+00 -3.547044034857261829e-01 -2.376307051873044252e+00 6.622705772652900391e-01 -1.362247728102877309e+00 -7.451963237202146040e-01 -6.100137471980556780e-01 1.332067065391784599e-01 1.516453566392229835e+00 1.699123633654797239e+00 9.989871538937830087e-01 2.085397669257270881e+00 -4.347544347355541960e-02 9.243435961350968677e-01 -1.897171027575869084e+00 -5.572985875567651459e-02 -2.145344782052840404e+00 -1.692145550786941621e+00 1.409553409126425461e+00 -2.045015809289665754e+00 2.254789579005874067e+00 7.396153245384720631e-02 -7.945506177911816348e-01 -6.842366012618319449e-01 -2.107543988090077314e-01 -4.345522378513290152e-01 -9.233655259431358120e-01 8.337886701536966205e-01 1.244804342456964807e+00 -9.296749351748980761e-01 1.299393173868346706e-02 2.809910034189888162e+00 8.695008108191121243e-01 1.139080964961398212e+00 1.326315213292082795e+00 -1.090691115098646913e+00 -1.131007234488228486e+00 -3.453534004790608236e-01 -8.933777339533123252e-01 -7.254308101105817475e-01 1.085916829740079637e+00 -8.492086645693164293e-01 9.676143208898203563e-01 -9.687491079854598786e-01 1.117536181980598453e+00 -2.188759247265920638e-01 -8.521639674277912968e-02
-1.718974088134066713e+00 2.309643919484311247e+00 7.714770504548587038e-01 -1.051934304088583794e+00 1.867290079724373830e-01 -5.636949179229088225e-01 -1.091479783348145105e+00 7.527551359501234440e-01 -1.139343263790349031e-01 -4.505003539540027302e-01 2.597237923974232143e-01 1.738994957299186295e+00 -4.534048575456413044e-01 1.063703788857394805e+00 4.373070348327706136e-01 2.083699721169857133e-01 -1.826176873411582857e+00 8.125597677151338294e-01 1.072118868114460888e+00 8.697790258925793827e-01 -8.197218310998214408e-01 -1.503400081373257036e-01 5.724701660416472437e-01 9.384547938221297070e-01 1.732168975659520660e+00 -3.434853390653119093e-02 -3.175419131285591723e-01 1.227135283455712766e+00 7.285811623385066715e-01 -3.231434786692284344e-01 1.186978654096390695e+00 -1.998736036875115918e+00 -6.157739028892222910e-01 8.990095338363078836e-01 -1.124299185052839434e+00 -8.130976182036034894e-01 1.147023958440437807e+00 6.762798335857952425e-01 -2.050580091261478000e-01 -1.451138699630701634e+00 1.004850710781618056e-01 -6.209452007799216577e-01 1.311278948683485490e+00 1.135784382329190656e+00 -1.200634062768292543e+00 1.161716696099920565e+00 5.748583988515612031e-01 -6.042086296186591765e-01
-4.689617961326287277e-01 4.376651746644073526e-01 -3.376444436936433258e-01 1.365392950266060668e+00 -7.007836165505915149e-01 -7.644596295304458000e-02 -4.725965786236038801e-01 1.054187795611642331e+00 8.881364541552818626e-01 1.983554004251543823e+00 -4.943730100243699105e-02 -6.473383433718672697e-02 -6.741693097853354022e-01 -3.649412935724740126e-01 1.270627582057222427e-01 1.273897942390681992e+00 3.975612328565686915e-01 -4.603739988037071074e-01 -4.681656595506398233e-01 1.799926739554628785e+00 1.930633419714778087e+00 -1.037505739993078713e+00 4.709776050464843378e-01 6.460706799684763357e-01 4.242061681084351443e-01 1.279688888631526522e+00 -4.029683304893041940e-01 -1.073594680339429397e+00 1.029329783183512426e+00 -5.570052441465175308e-01 3.913881050143004914e-01 1.323545860264406571e+00 -7.412923199997717427e-02 7.971400394677753409e-01 -2.043936179293840416e-01 -7.198177624263030205e-01 4.239446874736670923e-01 7.051513806582163646e-01 -9.069959650252090722e-01 2.507880383302483640e+00 -1.230383270449399991e+00 6.193929285761118342e-01 -1.120036374117453049e+00 -3.732941245154705046e-01 -1.129918327812298617e+00 -2.087583247818878274e+00 9.098321862046704345e-01 -4.403474329502056195e-01
1.557680960335152964e-01 -1.294915213766491657e+00 -3.624195483828896447e-01 -3.647581883510486733e-01 -5.498842409901378847e-01 -1.675606596724584119e+00 4.213159455275652387e-01 -5.723627721004451718e-01 8.277862059244643633e-02 -3.903844246571017140e-01 -1.691244907796351615e+00 -9.707208359664282193e-02 1.010244338829602961e+00 -1.803289890237443016e+00 4.398096411286484542e-01 -1.132431784367838423e+00 1.273442099746697198e-01 6.194640056844291642e-01 2.066768455563075868e+00 -5.613041587045032310e-01 2.801788213683324424e-01 5.790368997163188869e-01 4.867443191539099767e-01 -4.817716991111972158e-01 1.084516572232122833e+00 -7.233196952551680381e-01 -5.057974710348702718e-01 1.079187327799849827e+00 -2.371162007940045835e-01 3.347894029980874597e-01 1.284660713342611116e+00 -3.121995444806331399e-01 7.755739864201546263e-01 -3.513364349485466054e-01 1.307157043152079867e-01 5.226195944945988270e-01 -9.206495185807418713e-02 1.536830730403700773e+00 -1.521186185755253550e+00 8.182208313228597207e-01 9.981540240581289192e-01 8.736965626378532246e-01 -7.467088892787525634e-01 1.141924337089310848e+00 -3.860374721402006215e-01 -1.855453809904523022e+00 -2.619147420328855613e-01 -4.430272520006718895e-01
1.428631159143391116e+00 -6.521141060569194403e-01 -8.235663457982286273e-01 3.167701314624837838e-01 3.150292301647204807e-02 2.129955070685102536e-01 -9.450075498664677331e-01 1.000275846051591255e+00 7.512001175247505769e-01 -4.582653483142306583e-01 -3.308746547936714522e-01 5.467368243129716587e-01 3.723811789792924043e-01 4.462874993291704451e-01 1.573845506314508480e-01 -4.232951645546342290e-01 6.794177187043806132e-01 -1.750621102981697041e-01 -1.280818421224107495e-01 -2.411037697391679169e-01 -6.978309119559069629e-01 1.272838434271317487e+00 -2.350282578407792977e-01 -1.174953933252470550e+00 1.939316961338627410e+00 -1.104497557124624496e+00 -6.431240809090510435e-01 1.621768917584521796e+00 2.620987113934891255e+00 -6.195126899231552242e-01 1.326002937908232315e+00 1.886998729420653331e-01 1.200851773293180935e+00 -3.998317885046572262e-01 7.776568651861425208e-01 -1.255660238975193632e+00 -8.769325384329964557e-01 1.534822949128576697e-01 8.264081028120296990e-01 -3.819304632404037225e-02 1.538931096035106361e+00 -1.888657053987264911e+00 -6.883537190168673714e-01 -1.278965637812891742e+00 -3.273192281260021819e+00 -5.558095664942387659e-02 2.130997373326433575e+00 2.503744914928188736e-01
-1.626024777461780424e+00 1.921962810159047130e+00 -1.054334525729657912e+00 -1.332532434186945780e+00 -5.945453831130115274e-01 7.795402596920097960e-01 6.874438412537332566e-01 -1.983155200119142147e-01 1.448965129029053112e-01 1.173394375513640453e+00 -1.090547306919289694e+00 2.082569377537043520e-01 2.389772782251714300e+00 9.934045248862832800e-01 -8.157689124560637550e-01 3.375312023255282179e-02 -1.332694158614762037e+00 -7.537534939717230875e-01 5.045822414293331670e-01 2.221811569283977661e-01 9.657423802667728374e-01 1.567172637316221806e+00 1.852242809451765393e-01 -1.572035875718166720e+00 1.797663935635815946e-01 2.313441038315109943e-01 -5.411103549133954305e-01 -1.013057488819740115e+00 8.786615389355918460e-01 1.550391351420738362e+00 -3.756922421803833845e-01 8.758350642506430583e-01 6.831493970628561563e-01 1.051912285703556771e+00 1.415280970718335862e-01 -1.568685379578666605e+00 -2.110803716731983470e-01 1.439694931196784156e+00 -5.078386607012979059e-01 -5.306328770800082806e-01 1.270712384654135052e+00 -2.010261533930225220e+00 -2.400491786489901136e-01 1.333477455091413466e+00 -3.444132626779219941e-01 1.364939832596217817e-01 1.226547301485370500e+00 -1.394159566687892815e-01
8.920635398428288232e-01 -6.205033372858750340e-01 -1.219179279464168292e-01 -1.938285521079980089e+00 8.108983199252134400e-01 1.145500134668500980e+00 8.345349422841600306e-01 5.246952109087895666e-01 -2.100062575226316675e+00 1.276829699060390844e-01 4.813768254240114453e-01 -5.161926404370835719e-01 -3.238351756711591589e-01 7.773101511560139842e-01 -4.250195926581979422e-01 7.231154595181207290e-01 9.139598500876463527e-01 -1.268082502662273736e+00 -4.235923091448197675e-01 -4.347498884513038009e-01 1.383941094673515719e-02 3.853346091268714524e-01 -1.532568032421579352e+00 1.068595903946111481e+00 7.485326977493936829e-01 3.275054891302022764e-01 -2.660169128472218425e-01 6.796133878511233517e-01 1.838843008959563763e+00 1.028823833465191129e+00 -6.229778307985733843e-01 6.977089842209655002e-01 -1.414440194324821931e+00 5.012596951199689288e-01 -8.886026100043346032e-01 -8.719741833449172752e-01 1.103969075175601278e+00 1.178683171650477535e-01 1.450643224456899638e+00 -2.346100623993170320e+00 3.529855640021832275e-01 -5.717807823673208834e-01 -7.444502451193277248e-02 -7.616828237686782549e-03 3.702276387078572151e-02 2.198992550998088991e+00 -7.839873092537540111e-02 -1.396651867132416847e-01
3.042493931123052553e-01 3.420008636326108409e-01 -2.175541147638709871e-01 -2.367531642963965899e-01 2.444366842218391803e-02 4.650078804949324685e-01 2.017443416225736641e+00 -1.246177289377255804e+00 -9.251396864516566731e-01 -9.358250473988199980e-01 -1.993937413687182081e-01 2.399861646281586491e+00 -3.043780408521153946e-01 -1.782065678593336200e+00 -2.348219609861567636e-01 -9.964750328122735645e-01 -8.488736376783155846e-01 -9.046365223727550475e-01 4.900864856899329602e-01 -1.509660277337482759e+00 6.748973140066519827e-01 1.026131815952417092e+00 1.740216019883903176e+00 -6.596292309984960189e-01 -9.605667797079283643e-01 2.645624115887427741e-01 2.691733600405865068e-01 1.105625828201985739e+00 -8.413211707580678933e-01 1.404135539181601833e-01 -8.433676988304157351e-01 -1.352992035284401373e+00 -2.332914699945010661e-01 -1.542469543676521004e+00 1.484009186848693096e+00 -7.384515072892772203e-02 5.394528920400958327e-01 6.362733597264184082e-01 -2.889781365246522071e-01 1.702338061306993167e+00 7.926115881045751044e-01 -2.846551592854528190e-01 -5.053265458832025825e-01 -4.821042427012119935e-01 9.055635615369406199e-01 -3.073377558101934692e+00 8.770671240732087759e-02 1.476080359122233510e-01
1.170436101070423618e+00 4.531515489107453831e-01 -6.673960597325323540e-01 -5.620179820684586547e-01 -1.327795180375996420e+00 -1.270156239946216736e+00 -1.715605590029884553e+00 -8.536745594859046493e-01 -1.376524780664013070e+00 1.953328437029812292e+00 6.589513846301259248e-01 -1.497324336704249026e+00 -7.939905544347177768e-01 1.868730626945303286e-01 -4.156353574577916765e-01 -1.027645060970183932e+00 6.467858235749724960e-01 6.205117582186120417e-02 6.228149991636640070e-01 1.510133810480483563e+00 6.289182036174069124e-01 6.487955102875613278e-01 1.754432221104959444e+00 -9.309764871659589325e-01 -1.192249011046316864e+00 1.043068224007390077e+00 -1.299675626121679084e+00 1.402562220087069655e-01 5.009139252158779226e-02 -5.681813871969753071e-01 7.962984459258454217e-02 6.959198318896939184e-02 -2.515003721627171451e+00 8.929824150906783276e-01 1.146181958654560962e+00 9.249581920531246837e-02 7.251929080721837284e-01 -1.927350149737236062e+00 -9.068494649537213181e-01 2.306845306144307717e+00 -6.910134547440206776e-02 -5.272201932579955175e-01 -1.082017152008022398e+00 -3.249714929752310355e-01 3.445502016790668448e-02 1.833334331902562342e+00 9.553338900410448531e-01 1.415498291391456442e+00
2.280731143794920979e-01 5.828245325740616378e-01 -2.202098709068275317e-01 9.889903688892486278e-01 -1.244976993832379142e+00 -2.901877661081324056e-01 -1.661635661632315131e+00 -1.437293993141878667e+00 7.482533796706316576e-01 -1.029457622102365688e+00 2.119856550879340773e+00 1.396672561272127355e+00 8.702117273799681030e-01 7.104237334433463058e-01 3.798707217402613745e-01 1.748631882660680592e+00 -4.026957007554796131e-02 -1.422695204000137048e+00 -2.754745889746637241e-02 -8.195285817864980116e-01 -1.155755839432144549e+00 2.209004167062850466e-01 3.351190270476906985e-01 -2.156118012435758735e-01 2.038850172058346011e-01 -2.021072870272138111e+00 1.893271549546830246e-01 4.014671956692993371e-01 -7.212718398768329653e-01 -3.278664467601599686e-01 -7.421308628712804112e-02 6.063769093078537065e-01 -5.661708273804147984e-01 1.081540468444367603e-01 1.294777092215306347e+00 1.718301198360666637e+00 -1.096203464628092039e+00 -3.979623856805586946e-01 -2.052048321462098368e+00 1.658070805388157376e-01 6.472984425222372273e-01 1.863456955425051742e+00 -1.094978961424533104e+00 -1.238437562572864747e+00 -1.364480268236063776e-01 -6.646451762267120422e-01 5.090400363168922082e-01 -1.508862285623301658e-01
-1.151404286423773016e+00 2.065300380859954044e-01 8.590029745178296983e-01 -4.648470786393725240e-01 -3.762404600665392729e-01 -1.419705061111526667e-01 -8.020945794226774783e-02 -1.126374038026783264e+00 -1.559786571638081876e+00 -8.921551313685195383e-01 -8.161382037320323857e-01 -2.322240182030331557e+00 -1.725714945866561878e-01 -9.968902757131047343e-01 2.801664441830324648e-02 -2.564181647014913135e-01 9.661875706264501096e-01 -1.276086123641771986e+00 -3.192145749569657576e-01 6.275012964551337502e-01 -1.682487213048750041e+00 -4.809223970193292064e-01 1.464252483009429229e+00 1.113542027334732815e-01 -1.237306886528295458e+00 -2.594037531858315315e-01 -1.052894074007296288e+00 9.024691117857550626e-01 -8.693078785625533156e-01 -3.912585108525479249e-01 -1.619775117303045908e+00 -1.021099641004192149e+00 -1.232679094392255204e+00 5.422065485998547318e-01 -1.221816137088137078e+00 6.617400099903647526e-02 -9.114521815570963970e-01 -5.992002633214128515e-01 5.001043171635409790e-01 -5.701628287802334993e-01 -6.113745288162183433e-01 7.947728723911389181e-01 3.292348237442837000e-01 -5.540008451179991855e-01 -4.940383669876716732e-01 7.519841803124116542e-01 -2.976703470715731381e-01 -4.770915195720524388e-02
1.198255014201832225e+00 -8.664648522772772088e-01 -1.315267404119598194e+00 -1.250951742919445220e+00 -1.102881466491454798e+00 1.439642232345477169e+00 -6.791490444585153163e-01 -2.207817784272911310e-01 -6.853680693449891725e-01 -1.394386618682491030e-01 5.550976688442484930e-01 -5.021005777221393407e-01 -7.539181328028892182e-01 -3.472087055492539126e-02 -4.076025856534589153e-01 -1.912969613153928383e-01 -1.580725677164424026e+00 1.033828312376423170e-01 1.624154357621367728e+00 9.947973392717492924e-01 -6.566465917291107734e-01 1.994495937204835700e-01 3.260187262250216489e-01 1.894149227669923885e+00 1.753914247724174258e+00 -2.435832653230681544e+00 -9.474523226883312388e-01 1.652704757405542901e+00 -6.863307009002553860e-01 1.072864636237230718e+00 1.338617171693531116e+00 -1.779673959054244081e+00 -5.222196561949152827e-01 5.337451951981126985e-01 1.051794077753468670e+00 -8.298702832501373416e-01 3.733719112169409104e-01 1.491495392349682314e+00 6.288220664794103021e-01 -1.165897968170943322e-01 1.199694508803784032e+00 -1.578613251348526536e-01 -8.248291728512202603e-01 -2.845853728093477031e-01 7.379976607689575641e-01 1.444188481357517317e-01 2.549857870901812706e+00 -5.850780480466716282e-02
-1.212628779310079008e-01 -1.454801693004587060e+00 2.385983344397686334e-01 4.376577134892269405e-01 -2.651756188772462219e-01 -3.361292526611043829e-01 4.700547060336771610e-01 5.145120003269862963e-01 1.291355464525726804e+00 -1.189749073829067028e+00 9.189359986719540796e-01 -1.092156752627026384e+00 1.379967131694382898e+00 3.505105753752085773e-01 -1.814564275174738617e+00 1.725727826477248428e+00 -8.371932006916722457e-01 -4.689279050844640806e-01 6.838749642577508503e-01 9.002602583797041369e-01 2.250130208739349769e+00 3.124741902743438104e-01 -5.026938365576947287e-01 -5.359661754927962374e-01 -8.362766258493993243e-01 -1.725480051406768522e+00 -4.816821413478142855e-01 -1.012234341144055833e-01 2.436944746187309774e-01 1.677920915546276870e+00 -4.339296373440224008e-02 1.545825316098681457e+00 4.124263453826666065e-02 1.542209156191191477e+00 2.217573085428563642e-02 5.864626337787477439e-01 2.757232649585641959e-01 5.314952142729738593e-01 5.406326241410530642e-01 -8.212760375226997311e-01 -2.754135770105121117e-01 1.292479352769529077e+00 1.046878242837802730e+00 1.479794877808435327e+00 5.447387371347223173e-01 -4.980810689254970836e-01 -1.462685345231518941e+00 -5.673329461758133130e-01
-1.217323782137339272e+00 6.482701062037242723e-01 1.866324607623365717e+00 -1.365687967344371145e+00 -1.497461555675875688e+00 -2.041704331519098137e+00 4.664839007209285460e-01 2.281304425304703787e-01 5.334133493847393881e-01 -1.398079082345055346e-01 1.288828930527819105e+00 -2.042996884461762530e+00 -8.455350049029022319e-01 -1.769847948337203158e+00 -1.404670931351961638e+00 -1.086868359162143083e+00 1.783536687101424656e+00 -6.134645358765986600e-01 -6.952650052513306145e-01 1.290974353085166948e+00 -3.188517485801423690e-01 -2.431244816100263384e-01 -1.767626115774050044e+00 3.945462992079849518e-01 -6.751460312063349845e-01 1.268701236062986348e+00 3.776191695211704169e-01 -8.107157579207123765e-01 2.820364243948415006e-01 -3.879764152547960365e-01 -9.474336214390313149e-01 -1.606148620016698281e-01 -5.749997077438629978e-01 7.244737652135939399e-02 -1.381836419854260312e+00 -6.595323588774201773e-02 2.033920216845619411e-01 -8.178745388804289362e-01 1.213841345134836214e+00 -8.625013980940838820e-01 2.174719403573773580e+00 -1.980851898139520118e-01 -1.564161948156228832e-01 5.246516181044216243e-01 -1.231894874287713604e+00 -4.074853342462194661e-01 9.900988537008584278e-02 1.164917374736620603e+00
2.600325152321566691e+00 -1.739606949277991754e+00 9.444170756490531948e-01 -7.714381522236486433e-01 2.410004591864950696e-01 6.340417817651268217e-01 -1.327501317691428095e+00 -3.737284570774874748e-01 -1.382824535062520122e+00 -3.801754499373958818e-01 1.133378024880504098e+00 1.234128781457288992e+00 4.573546214153326184e-01 -1.613538313368905186e+00 6.131228314962724468e-01 1.334857234544634563e+00 -1.207025926776035707e+00 2.885605266872638408e-01 8.711072109530443308e-02 -7.429722876717267388e-01 1.901886426990684331e-01 -9.870848425433387252e-01 -6.966518614651858732e-01 -5.623741771922043942e-01 4.568635762608324602e-01 -2.156471602008586785e+00 -1.576320846578019297e-01 -8.588759248290154247e-01 -1.078218042359737755e-01 8.236491478095158136e-01 -1.852296097745704806e-01 -5.031028094980994902e-01 5.316931984053362426e-01 6.919991412430812616e-01 -1.195334109216272117e-01 -9.456025116605386582e-01 -5.536849997143008517e-01 4.081767991133158913e-01 -5.250847904633586527e-01 3.935989586752062230e-01 -8.890327222627907311e-01 2.641302073258126271e+00 -9.680914275565242200e-01 -6.550196538604446950e-02 -9.029087452679580572e-01 -9.452361301290964635e-01 -1.508218607850795090e+00 -4.718163270070759863e-01
2.075905568711680915e-01 -5.729507052702621506e-01 -6.872523712287459396e-01 -7.099956930985608095e-01 -7.468872784951029464e-01 -1.326115951652808267e+00 5.546864041017462998e-01 -4.686277141994356077e-01 -1.345877410319345158e+00 -2.486763949630899917e-01 1.448069814085310103e+00 1.263250484611620816e+00 3.100648671375634269e-01 -5.443303611929621866e-01 8.614827567360999749e-01 2.661854947378103908e-01 2.004517562813793230e+00 8.844316951193633702e-01 -3.559052905546056245e-02 -8.039898079613700954e-01 -1.869894335558810738e-01 -7.621762752476103353e-01 -9.901987638031678474e-01 3.749781563481258684e-01 1.398861611817317843e-02 3.043569203604598594e-02 6.662367396161217314e-01 -4.660848151531651884e-01 -8.885108342920125524e-02 1.612969555200666760e-01 7.926714877217924116e-01 -6.733525800280146800e-01 -5.086221163701645231e-01 1.112687715059903937e+00 -1.297153081036886535e+00 -9.643020094021376165e-01 -1.269239164980696666e-01 -5.067845889012579930e-01 2.128642930974878056e-01 -2.128321190472398872e+00 -5.418224391037826937e-01 3.493839277319624737e-01 1.870918431086133094e+00 9.630006612951581557e-01 9.970473958396006697e-01 1.358387754642080614e+00 1.251222680037663793e+00 -2.070194042692805159e+00
-4.835378963304499678e-01 -4.378540177101978431e-02 9.899882698949935556e-01 8.253166435578619398e-01 1.545618730947935227e+00 -2.673917983935225964e-02 2.997262519738618791e-01 5.715495263546087612e-01 -9.192420128487571729e-01 1.911160766287800961e+00 8.359935744735653707e-01 -2.345376599850728175e-02 -7.108458978714103926e-01 -1.491154096312945210e-01 1.458358099773644501e+00 1.122749506991822965e+00 1.169116365281673398e+00 -3.021748364509203033e-01 -3.284124048994878087e-01 4.521000436040116255e-01 -6.399524554731451653e-01 8.342096376133155688e-01 -2.035867872030225012e+00 1.767185363215557081e-01 -5.458627593551768076e-01 2.075854545250427119e+00 -8.577949672035326545e-01 9.762367410787448074e-02 -1.091909243722487766e+00 -1.194352448474178097e+00 -8.452140532023694197e-01 -1.737687282866281935e+00 -1.135138905926962982e+00 1.566104663473174563e+00 -8.456372257257231961e-01 -9.650695407877275533e-01 -1.145074549083337390e+00 5.613083307200456007e-01 1.115141205123263868e+00 5.737352554470073751e-02 1.574616262040839043e+00 -7.838795146095824951e-01 -1.261178906512959275e+00 1.669184108625443586e-01 -9.005496524349554388e-02 9.375414133410445716e-01 -6.734341157694155866e-01 -1.089971875612711694e+00
-1.492401265551740241e+00 -1.123593956393740406e-01 -7.468674939566667392e-01 -6.800334424870672079e-01 -5.499045956024296578e-01 -9.858570012027410012e-01 7.848264609731245844e-01 1.108194759468164703e+00 1.553100980939945641e+00 1.272274022584876374e-01 6.406437149626567074e-01 -8.390199350459208840e-04 -9.600944789401961721e-01 7.423596714766738103e-01 -9.376159785344918840e-02 5.670001121298207797e-02 -1.570574469216719782e-01 -2.043160641887903584e+00 1.409400794078984775e+00 -1.173548514761381556e+00 -3.485662083905372577e-01 1.042938503539409867e+00 -4.547763217839055627e-02 -1.648427505304760121e+00 -1.770005633426890712e-01 1.350817482698844385e+00 -7.275461293470141255e-01 -1.821018894454944914e-01 1.121423196537544298e+00 -5.262065450057695770e-01 -1.352708498288586469e-01 -1.018886006306231051e+00 -5.370234170896823755e-01 1.582415821499751241e+00 1.406584009154938864e+00 -4.061247760812158880e-01 4.560338996294027170e-01 1.723979782861975174e+00 -2.192689697511000443e-02 1.237943803774099516e+00 8.390177700127149363e-01 2.952354900945818872e-01 -1.827897662378828336e+00 -2.469958169746767074e-01 -5.513821292943635877e-01 1.754673881787678358e+00 -1.677800126698545113e-01 -9.435168764601380154e-02
-2.252401595996785133e+00 -1.650444387546654790e+00 1.909688735084934974e+00 7.989734418072209632e-01 -4.651914671728114015e-01 2.132326209835555986e+00 3.127524767861682431e+00 -1.958184883941187726e+00 5.231920384101474975e-01 6.851108248145677537e-01 4.741602822243533577e-01 -1.413388051591948580e+00 -1.694420312825568875e-01 -1.507081123788613031e+00 7.195919505873503708e-01 2.203975905309680516e-01 3.673023659457664847e-01 -1.810160434512363858e+00 8.185342164090341210e-01 -5.445259534943436980e-02 7.455147010457374712e-01 2.488208691729373589e-01 -4.216535074748579692e-01 -1.325956318107533782e+00 -1.328270293105718203e+00 1.324710120777562006e+00 -1.310838192228293841e-01 1.161897545917619290e+00 6.833815890109947722e-01 -3.756591351017622982e-01 1.076267807637071167e-01 -6.967415890476623686e-01 1.214185081015157097e+00 1.087170372669360896e+00 -1.780954958882466702e-02 -5.480385306860130479e-01 6.030196234455686977e-01 -1.761125564703305002e-01 -7.913687707176706443e-01 -7.372894275883714599e-01 4.340041268087437287e-01 1.312931760576121931e+00 7.821110573243053032e-01 3.398469255621686669e-01 7.738835898343627839e-01 7.686876456059216212e-01 1.172317576202698497e+00 1.007715433879177391e+00
-1.443661590224609992e-01 1.425484038493413541e+00 -4.708556840177189895e-01 -7.610147001994130855e-01 4.243390569398610701e-01 -2.828197289913766399e-01 -5.234207970436426383e-01 1.240286991322566978e-01 3.653463291062887253e-01 1.375643186087567527e+00 -8.673636057974833946e-01 1.633907409084112972e-01 4.738409860566262788e-01 1.639323741707203741e-01 -1.254711172906204153e+00 -1.391679679099432132e+00 1.078186967578209199e+00 9.949600111431626537e-02 3.471694249223701845e-01 1.083869528743100830e+00 -1.151477618829692240e+00 -1.086728972115168723e+00 -5.478914630225035776e-01 3.914639465692932307e-01 -5.147961232089525163e-01 2.234579690075107372e+00 9.036066193024948623e-01 1.447270367198504104e+00 1.789569526705059976e+00 -5.975521988838298701e-03 -1.959202520737957087e-02 1.346840624834773292e+00 -9.227112531953225449e-01 -2.989117362605653305e-01 9.473395899803717379e-02 4.040041928807671101e-01 -1.323480263841092741e+00 -5.611093390922420321e-01 1.593718360821062829e-01 1.590283939914495237e+00 6.884911444116815771e-01 1.201500808147387245e+00 5.139006218841042362e-01 -7.916326611551064429e-01 9.916452115939979883e-01 -4.192418207614074799e-01 2.413312958485874127e+00 1.171703619421187836e+00
3.451752678010149844e-01 8.803414289322980535e-01 -5.249941211134231400e-01 -4.560812443899351920e-01 1.328971057201061123e+00 3.258675002673122045e-01 -1.633617388398939330e+00 6.215808909426117079e-01 -3.188000241913992450e-01 1.134419563039165801e+00 -1.495662045497206272e+00 -2.180654676839362427e+00 -2.920634740363814430e-01 5.636848617937386535e-02 2.967434447237037975e+00 3.593885603008565854e-01 2.493991845330612855e-01 6.423488184181070926e-01 2.484710484691909915e-01 -8.568994058817467341e-01 7.634714643534142864e-01 4.742185277430223667e-01 7.406069137137338831e-01 7.368390380777768423e-01 -5.465935660504203097e-01 6.737916188912599358e-01 -9.413830607843867160e-01 9.093167800743178208e-01 -1.357965946146268144e-01 6.637760455822377947e-01 4.194006064455516603e-01 2.364453163508100086e+00 2.653452006230032634e-01 -2.038172833160945885e+00 8.777573996606734541e-01 -1.055947783368566872e+00 -5.214599534416571869e-01 2.733373976142369766e-01 1.446030713448571259e+00 5.416595635966519051e-01 6.426723993282967839e-01 1.203197673653139343e+00 -1.049667786569707939e+00 -7.577001682606063770e-01 2.409863361660219694e-01 9.423649448256933292e-01 -6.779701854711432940e-01 1.294691485871642067e+00
-7.167906277194894260e-01 1.643228470947195818e+00 1.077972118805198498e+00 -2.040072543719139819e+00 -4.896237827122195130e-01 8.313999881597074204e-02 6.045674699243244743e-02 -1.317015957889518862e+00 8.999185599037921035e-01 5.259563161935313369e-01 -5.326359821973631892e-01 -3.604048494483981235e-01 -1.082828702542469324e-01 1.021280745665270384e+00 1.308719153403564484e+00 -6.826644355741748882e-01 -1.738196128168763233e+00 2.946835496005123511e-01 1.801616726063351770e+00 1.120955182408789552e+00 1.426820121817129694e+00 -4.188158440526893594e-02 5.892730392659842886e-01 1.540980577920396000e+00 -4.713793122568875615e-01 -4.931131852072092037e-01 2.012641850754950390e+00 1.368510702659757383e+00 -3.273331929519884831e-01 1.453410720953519086e-01 4.499340357124078649e-01 2.481987355623684610e-01 4.450673327478782970e-01 1.054957448343650350e+00 -1.150640388368621814e+00 2.105444589600185434e+00 -2.770487342484903026e-01 7.402811667899631409e-01 -5.462678178860378431e-01 -1.184417410736352261e-01 3.152673281737516930e-01 1.678823347726923418e-02 -2.218932990480239065e-01 2.129011873766484264e+00 1.365597480853036894e+00 1.239184316011224585e+00 -5.245607217065776373e-01 -1.208756391641538919e+00
-1.572024059610556801e+00 -1.421094470377970875e+00 -1.353555653424283634e+00 5.206848509220494137e-01 -9.424741929072925906e-02 4.167886953255936500e-01 1.010506559725438125e+00 -8.312408681264886745e-01 2.025319212975277561e-01 -8.046567455360770227e-01 -1.370521819376116224e-01 7.814515037848317469e-01 4.027129278478105423e-01 -4.357180244536476010e-01 1.346788260257641978e+00 1.053345151936021240e-01 -1.920756885472693076e+00 2.941416945568343655e-01 7.030101026950236198e-01 6.054526390308901940e-01 -1.040346465752848282e+00 -1.034114039122870032e+00 -7.214938303102785833e-01 1.053405274028448302e+00 -2.866434717640092833e-01 -3.594272642132797513e-01 -1.115102559539529414e+00 1.254213417009411025e+00 4.284902619868539708e-01 -8.656317259159999888e-02 -9.864674951537480974e-01 2.416272840126582722e+00 1.460866668190603290e+00 -2.320690165005342642e+00 -1.120663458850573946e+00 1.731717739521086985e-01 1.876182806195170749e-01 -1.583463920927430379e-01 -2.911166169526467895e-01 -9.032377536788785410e-02 1.013390175454107922e+00 -7.790301415284420772e-01 3.510248884091056176e-01 4.608041612697328371e-01 -1.545103181946669180e+00 5.538002891823938789e-01 1.006206711515245988e+00 -4.846414202820045203e-01
-1.266904689671036754e+00 1.345289420433434691e+00 2.194593820348901492e+00 7.688678735631805372e-01 -1.614431558174054926e+00 3.210449166492196915e-01 5.392916882763878483e-01 -1.358194407914519841e+00 8.925894002836143315e-01 -4.344754750083052453e-01 -1.399850055623529155e+00 1.498200911760003140e-01 -5.113772397481003429e-01 -6.829986416338935662e-01 6.408810738973222954e-01 8.794034557673092722e-01 -3.015409066504018742e+00 -3.574430521865075150e-01 -1.329459196642798435e+00 -1.939045755684794425e+00 8.538216222655201637e-01 -1.869903821124068721e-01 1.118235965564441381e+00 -4.276704008067941931e-01 -1.746777343079034539e+00 2.525736068062268469e+00 -6.695001748173226019e-01 3.658375601168963875e-01 -2.017733899863685121e+00 5.133592543722855644e-02 1.121711899925382228e-01 8.261801180137711142e-01 -3.587155762706809581e-01 -7.162777666985563618e-01 -1.479511282188095578e+00 -2.130001199203389040e-01 2.842032199462138919e+00 -6.043275469292037627e-01 1.004882603057923429e+00 -7.037811603950624439e-01 7.210076391260455964e-01 6.232987307242508768e-02 5.187794693537050028e-01 1.390425624688023665e-01 1.001732062693674097e+00 4.612679237551567946e-01 7.820733115686758774e-01 -1.167374750076712653e+00
4.504719289613679511e-01 -5.240530743757626508e-01 5.976861312197763176e-01 -2.235064200868744910e-01 -1.378310768406778020e-01 1.642495662060847739e+00 3.578837452492642512e-01 1.645188696780263138e+00 -1.077521465954943913e+00 -1.209938536563499693e-02 -2.831146954505041335e-02 5.545508152477836017e-01 2.765579952516825091e-01 2.362344580145006034e-01 2.760795944546900471e-01 -2.264511650766580231e-01 3.789470298541630089e-01 1.138544495607667795e+00 -2.003010762805602363e-01 -2.597437826589354959e-01 -5.498819799675337405e-01 -1.546176269645846091e+00 8.682875550655529961e-01 5.248635509442401564e-02 -4.001569640436336561e-01 8.399962901598784226e-02 7.480266159703855000e-02 1.721286856972966406e-01 -7.253915081028189382e-01 5.833311968589638408e-01 -1.085471496899979016e+00 -1.926415246972237594e-01 6.654225356022389071e-02 5.880600332293968169e-01 -1.021537826570728447e+00 6.767473845466895899e-01 -6.764475336742559186e-01 1.130710416538931895e+00 -1.266583414899825899e-01 -1.205650454258202497e+00 -3.544642824459673935e-01 1.230942838642318793e-01 -1.330165894261349457e+00 -1.140563871984473732e+00 1.639623752769197307e-01 -1.483111475088836617e-01 1.253719526511442250e+00 9.773453931125632987e-01
-1.435539891401954815e+00 -3.707050546002297886e-01 -1.672320454061426043e+00 -6.112181812205914611e-01 -6.500697116481151117e-01 1.317849650052555166e+00 -2.413285281888745359e+00 -4.510226124660767222e-01 1.592910537152605555e+00 -2.415046440531891658e-01 -1.265278961780583744e-01 8.237176812294784156e-01 1.802941900785640095e-01 -6.186883573586607898e-01 -4.035602483166349508e-01 -6.150085384205877803e-01 -3.493791950144382874e-02 -5.491610468945211376e-02 -1.120407122975305647e+00 1.871561265504891602e-01 -3.212383282159176345e-01 -6.898244110562099518e-01 -1.316963068961402250e+00 3.540104622174288229e-01 -1.077479299839175120e+00 -1.130823834232808078e+00 1.822924403963494422e+00 -5.292431042858278811e-01 -3.736377048882018603e-01 3.743790949545144353e-01 3.216581056633968649e-01 1.508332325197132562e+00 -1.285255417244381970e+00 -7.433298860398055430e-01 -3.114715377245426131e-01 2.775681861455504773e+00 7.528426127651932642e-01 -2.413038729733078258e-01 -1.128152261244762755e+00 5.918041390407524638e-01 -1.998882191140057274e-01 5.804198138380999294e-01 -1.574314138203800617e-01 6.528114884785181093e-01 4.084729525597045052e-01 6.803684636891037529e-01 -6.033395787597169990e-01 -3.172748000247166966e-01
9.222570613827516528e-01 -1.718424126247211081e+00 7.876649470169250211e-01 5.745873792394896873e-02 -4.041836282115860435e-01 8.268608968589595820e-01 4.230422705420848750e-01 8.650081981973601897e-01 -7.179832246346216085e-01 3.300347820898631435e-01 5.382829071350158090e-01 1.099036836984241372e+00 2.245358350214410326e-01 -1.083398299446659330e+00 4.570564263081203227e-01 -2.280413221443514105e-01 -4.280765257787625955e-01 3.278237789899838828e-01 -1.566529232036951991e-01 2.725865856851187874e-01 1.682700453945341401e+00 3.398580362612144690e-01 1.258195002712230171e+00 1.264432800820016078e+00 1.310578298673984454e+00 9.262350666972091195e-01 1.061358027154170047e+00 -2.211650901226071664e+00 3.009912351927157559e-01 -3.460982529012093245e-01 -2.480274233237998338e+00 -1.660646094291572172e+00 1.976362419094189082e+00 1.149715879848303812e+00 9.975963152909539389e-01 3.075873741915217674e-01 -1.690659169991795552e-01 4.672841457795431919e-02 4.590761152603164419e-01 -1.515478256809812962e-01 8.555958477816041352e-01 -1.164786679311416329e+00 -1.361195014516550783e+00 2.248008832195154405e-01 -1.836573384431043066e-01 -3.755365229835450069e-01 -5.990424962349429894e-01 4.397169194246379198e-01
-7.887059113351719830e-01 1.204344574241899557e-01 4.418886850205773764e-01 -7.517582070009749540e-01 -1.790114705045101340e-01 9.581102539367475357e-01 1.779321313861786047e+00 -5.047341542470685782e-01 5.136004686700990085e-01 -9.970131679261001745e-01 -1.512783206587433149e+00 9.813496373462310407e-02 -3.922572525147108302e-02 1.273061878039809303e+00 -8.251859389214365459e-01 -1.369016979330846207e+00 8.892993736500921509e-01 2.175064761861653650e+00 7.703454062884107501e-01 3.497216618538399602e-01 -8.956025472191427861e-01 -1.055136099267649508e+00 -3.645136120155661325e-02 -5.817816143918048272e-02 1.247590999631063458e+00 4.968478809419832332e-01 -1.129734066768249390e+00 -6.773029735892627246e-01 -3.883320020377558635e-01 9.751954795856165870e-01 4.383866420211042225e-01 -8.213472608038926426e-01 8.092945451169852866e-01 -1.154840750054909826e+00 4.723830473281251385e-01 -1.786590539965237756e+00 -1.486490264388408367e+00 -1.441789594997652024e+00 2.440817473076512534e-01 -1.099387945230747343e+00 -8.185216178696881340e-01 -1.098916347842381125e+00 2.067864445705631216e+00 -8.733186711586377049e-01 -9.966688659550899665e-01 -3.181032423353083449e-01 1.592250580985818953e-01 1.930138889510995409e-02
1.442860483090947776e-01 7.418726327089943950e-01 1.155884482412822711e+00 -1.410753383141764017e+00 -3.553196189300077967e-01 6.756950685375211485e-01 -2.247964200823681508e-02 -8.756409401824458705e-01 1.387579488274800710e+00 2.144346729979865973e+00 5.368998313187618443e-01 5.554008524170978012e-01 -6.024119885628970855e-02 -1.344127524779221927e+00 2.018522022917399183e-01 -1.021720352206563209e+00 1.143372371802079401e+00 8.357977098025315410e-01 -7.448711286858900049e-01 -7.046811226555610430e-02 -7.168856733039632445e-01 -2.235754582682321079e-01 -9.697429791018633560e-01 -1.095679621012636551e-01 -7.962147430628657707e-02 1.060392067721142029e+00 9.661146285697952418e-01 5.787592235467049484e-01 1.810564742390158299e-01 -3.368544562309830348e-01 -1.099846263189497186e+00 1.339212621289806782e+00 -7.021133884305978956e-01 -1.116226062242784867e+00 1.597237479499734880e-01 1.010464325949893549e+00 6.772352944380504169e-01 -2.110429811789422683e+00 -1.139169978891018564e+00 1.268821236195646796e+00 5.339886629866162915e-01 -9.793400513600734048e-01 -1.945773820901699702e+00 -6.857530108186364881e-01 -8.334758906000487855e-01 -1.162595753097680706e+00 -2.756414378618042282e-01 -1.631681470394178435e-01
3.354684980407014044e-02 -6.270527488621024936e-01 2.326427367181982120e-01 6.035358824113068454e-01 -1.763045189203472640e+00 5.906966198393923673e-01 3.051168972906604382e-01 -1.953857613395873383e+00 -2.171434982397840441e-01 -2.544544939991347232e-01 9.315065270516917906e-01 3.779226682336352949e-01 -5.082807367910026075e-01 -1.161519699516153858e+00 -1.110383286771308597e+00 1.635717436315298201e+00 5.655105646662256236e-01 1.051360477012492634e-01 5.805099209833081142e-01 -1.579134204802036534e-02 9.475933507304866721e-01 -1.084987767104171441e+00 -7.214935025730814244e-01 8.974408114284279092e-01 9.732014812839151485e-01 1.129005759904117889e+00 -8.838767900415979151e-01 -1.685449478296244807e-01 -1.136436721734324751e+00 1.229305116547737331e+00 1.402722354842028230e+00 2.453762685918475794e-01 1.973831400184972384e+00 -2.566968364982272099e+00 -5.704710359142424192e-01 -6.978120581040692105e-01 5.451549423809954886e-01 -3.893570601803211795e-01 -1.072739642207931610e+00 -2.986293163309255427e-01 -1.894715876044412273e+00 4.746484079202286099e-01 1.912864089057357386e+00 4.334439169458980112e-01 7.691870530363071889e-01 -9.404808017958820043e-01 -3.164355074386855926e-01 -1.247621914243411512e+00
-3.914962910715055200e-01 -1.073409023698533193e+00 -2.346212820709205060e-01 4.446502113816233615e-01 1.122455145017301203e-01 1.342876983397386592e+00 -2.727726878088825302e-01 -2.138537983250063390e-01 -8.019848905681329354e-01 -1.060755637016040698e+00 9.759719498215977396e-01 -6.140486688040465435e-02 -6.214031612170642926e-01 -8.817554049393244719e-02 -2.067506452567128561e-01 6.299111865208778527e-01 6.254452832615085001e-01 -1.786779121319384656e+00 7.601155209079546449e-01 -1.924442524923141162e+00 -1.276822175438571794e+00 2.498110290774773617e-02 7.902974736548730450e-02 -1.348436543864208748e+00 -1.426116393646140068e+00 5.686543980224282313e-01 -2.771113289034874902e-02 -3.478897626030869050e-01 -1.067718196733860259e+00 -3.745766770192243134e-01 5.888329866976493854e-01 1.573991249238885448e+00 7.513641963540141910e-01 5.723659729521949346e-01 -7.925992144055539201e-01 7.383711037995209781e-01 -9.861282795709088722e-01 2.385509238536467347e+00 1.082645986703462571e+00 3.545640191047065293e-01 -9.714111156719994478e-01 -5.748193206110010500e-01 -1.135671159701032717e+00 2.159102085397501369e+00 2.279575380492323763e-02 1.713895782166021897e+00 7.779875594110843284e-01 -8.522345539457956143e-01
5.896436998820482334e-01 1.050440534466895892e+00 4.360618029001033791e-01 -7.135431902813692551e-01 -3.199682922118284867e-01 -8.850165736465852584e-01 7.816641237801301711e-01 5.428526166914519058e-01 -4.644688866422549967e-01 -6.056337527279833655e-01 -7.621795474260775194e-01 -2.166313028347171821e-01 -1.200008597632841179e+00 4.509845447012251207e-01 -3.515780675971505453e-01 -7.945473691238990055e-01 9.473374902355639060e-01 -1.455554309396588808e+00 2.255441115249038619e-01 -2.760487503823482736e-01 2.128337425946317252e-01 1.686597038627653200e+00 -5.515634829221121027e-01 -1.917186283196782526e+00 -5.384149638409817529e-01 -7.959522175476281269e-01 1.952553085747663064e-01 -2.411380766985083746e+00 1.059414754445247853e-01 -8.063249151768543399e-01 2.373020116252560763e-01 5.234880976261963026e-01 2.492635795735032023e+00 1.075738185672112879e+00 3.366392487227981012e-01 1.899772494999970363e+00 1.333770484840090864e+00 8.548945450825073955e-01 -7.043170840951349376e-01 -7.333494629058472380e-01 1.314611857871893719e+00 -1.716375388398814872e+00 -9.474255889996915370e-01 1.021297752332058550e+00 1.321227329195890698e+00 1.103334279459029066e+00 -2.545314313462712086e-01 1.623971931033080685e+00
1.142051170556014794e+00 -5.744996000285468307e-01 7.204532939468990538e-01 -5.558111837626474871e-01 4.577357724478622325e-01 -3.549024464522230748e-01 -2.862104335196882232e-01 1.342129939612391798e+00 3.135163601323883165e-01 8.916003648242323276e-01 -4.768036772755636643e-01 -2.396426773002906074e+00 3.861400284674011418e-01 -1.334386450063008933e+00 1.717496443113855076e-01 8.801350361574105108e-01 -1.036720057725973199e+00 -6.531719723932528643e-01 -1.442521175277587386e-01 -2.090627881083534145e+00 1.262702374496311064e+00 -4.833994318793738421e-01 1.418787179986757740e+00 4.419291645992518558e-01 -2.420110152952979377e+00 -6.191694398074990557e-01 -1.367762846177798419e+00 1.443343916639494351e+00 -2.885844559480513910e-02 1.731862466832223113e+00 -2.472223703188972943e-01 -1.109489714190311949e+00 2.546474752229154870e+00 3.837156250587150930e-01 4.082214559066423831e-01 -3.497801013010273241e-01 4.275504671903515019e-01 -1.958716022202881213e+00 1.042418336980785315e-01 1.127155255697478153e-01 1.626140890735655598e+00 3.519559125142995848e-01 -8.648374091004505937e-01 7.447161646310253014e-01 1.167331061864433639e-01 5.746803110280549604e-02 2.117678012090895567e-02 5.605064455017874092e-01
-1.093233894936336936e+00 -9.959510191430104298e-02 1.180469770488180359e+00 -1.174228128317111208e+00 -1.422982538864941304e+00 7.021257439676891199e-01 1.200383968722624317e+00 5.536573698878483052e-01 -3.727927101286054867e-02 -3.999272471500193160e-01 1.392586960126142248e+00 -1.488433479445367080e+00 1.216384508478836501e+00 -4.452171531846840780e-01 1.845544551631758678e-01 -5.766469917078527185e-01 2.269244707705157793e-01 -6.785299800004233051e-01 9.625269895719492652e-01 -5.021533395079327278e-01 6.742990210305364052e-01 2.341257123458372405e-02 -1.914463321035486665e-01 -4.184208705385876192e-01 1.262956995494634915e+00 -5.426198163525953744e-01 -1.151091658100566129e+00 -1.960672943959324566e-01 4.488315498247730795e-01 -9.806304735087084667e-01 -4.163693623081399231e-01 2.261588356270115563e-01 -2.020426385002761782e-01 1.984088646327479832e+00 -1.748241521959454370e-01 -8.192155699733769669e-01 -2.954335172858003622e-01 -4.894175771710589928e-01 -2.987169713284353323e-01 1.267632716674302884e+00 -1.309984964542948660e+00 -1.485767685741244737e+00 -1.100895334736364251e-01 -4.589587247942820691e-01 -4.745533977777263712e-02 -2.904360145933496451e+00 -4.195544476813503065e-01 -1.658321333875826475e+00
5.044679752706163756e-01 6.562316249979328608e-01 1.129448424634794446e+00 4.956316058016178583e-01 -1.135220947883733178e+00 -4.703966906021321837e-01 -7.172065467896959756e-01 1.269865862029462944e+00 2.603836342261293124e-01 -2.367388586117087357e+00 2.235254272401941744e+00 -1.696271034447855763e+00 -4.363010858591013230e-01 -1.909367617867546441e-01 -1.151275496271729482e-01 -9.025221019441808101e-01 1.719985333218834844e+00 -5.768882543378809347e-01 -1.690143706612296848e+00 1.356016064407095989e+00 1.055716934699966858e+00 -3.838478765861112474e-01 1.907577486102939091e+00 -2.087012971217857282e-01 9.290835901437355382e-01 8.637977479337231035e-01 -1.674936727265353031e+00 5.094703413882121223e-01 2.739046057825374469e-01 1.310446364033778455e+00 -1.122757312912824990e+00 5.543563954716416164e-01 1.528553810909602406e+00 1.896215727478554602e-01 -1.094794667910483854e+00 -6.814000692935222314e-02 6.463404331571788175e-01 -1.501613450515500769e+00 -1.974308927702532079e+00 -2.016074169678245820e+00 -6.148204034071781399e-01 7.695931155423941794e-01 -3.335333267731750984e-01 -1.276435694610125626e+00 -5.409864399755094366e-01 6.829210550981358319e-01 -1.695861114170923667e+00 4.933956841863298415e-01
7.280455898773041667e-01 3.302418255113716561e-01 -8.459426490510720820e-01 3.384972902943704232e-01 -3.430574560319391009e-01 -1.125011000584789311e+00 6.536299095009678872e-01 -7.429822092697303537e-01 8.615357718569992551e-01 6.462068921589818604e-01 7.529249507476898362e-01 -1.139405797217522887e+00 -3.636653654366864830e-01 6.527990797128487843e-01 -6.490526548388944050e-01 1.008996862064417188e+00 4.694502364531880079e-01 -1.042680834655109967e+00 1.037431477731310281e+00 -1.529830156931463403e+00 3.007730441287449263e+00 7.954770142427752821e-01 -1.249119585679314914e+00 5.611751107425856366e-01 -1.012634121544812915e+00 1.307957791199561903e+00 9.548205666128303237e-01 7.091488498310735134e-01 -1.143865766384359439e+00 6.561399747170596486e-01 -1.312589419072324848e+00 -2.357214482688547275e+00 1.326572425245535480e-01 2.442266884130161575e+00 -3.751016056640322560e+00 6.958720702384928458e-01 1.487893585572357402e+00 -7.020131118734851405e-01 5.634089303015636929e-01 1.212475172077147834e+00 6.993413840312446839e-01 -3.554996241287272651e-01 -2.406772946988929851e-01 7.988720262037878328e-01 7.768287778775517793e-02 -1.246590864131959658e-01 -4.532734907990444428e-01 6.431814382569777111e-01
-3.768523856795228388e-01 9.181066949228652296e-01 2.589232457940280896e-01 1.678061958270897547e+00 -1.326418453712882251e+00 -1.205463581605740603e-01 1.257610189545315116e+00 1.666803992482187857e-01 6.027299999927109020e-02 -5.491475749504395182e-02 -3.289770686265235389e-01 1.384175938474418166e-01 -2.001646431296709050e+00 -3.192334010044153292e-01 -6.000326988612557644e-01 -2.040699682301119200e-01 -2.357251473899217853e-01 8.616939354119619310e-01 2.377319683030907904e-01 -4.514676487735718169e-01 8.107326603027933398e-01 -4.299274071034759337e-01 5.422679888139905202e-01 -1.387771597436213922e+00 -1.253143716948011133e-01 -2.704256931994889701e+00 4.091326421492425536e-01 -6.852280513920180338e-01 -2.978867544920108523e-01 -1.797726764302381541e+00 -5.097704541974932280e-01 1.180207840285078857e+00 -2.247796263768246927e-01 1.463113584395340894e+00 7.064444134303965450e-01 -3.341718449435033267e-01 1.886351250715583960e+00 -1.381180499857903365e+00 -2.957719463659744807e-01 -1.580910959694400875e+00 1.974686107998211426e+00 2.264066519491934049e-01 -1.102695960913179229e+00 7.110994693344028228e-01 2.155897272805418652e+00 -6.194448961772491824e-01 8.963655156570738969e-01 -3.306955873709215843e-01
5.356172390258364668e-01 6.718591661515227464e-02 1.235713306046627435e+00 -2.345313153345246759e-01 1.487925056967746018e+00 -3.598627636530494778e-01 1.699295030584980215e-01 5.773904544329758748e-01 2.907719304781924627e-02 1.621054349819461560e-01 8.393407580059434325e-01 -7.850848356666206840e-01 -1.791696936139764329e+00 -2.879052827535609205e-01 4.145222998036673379e-01 -6.774352971793139444e-01 2.914299948409889707e-01 2.270808560944855836e-01 -1.228274463967141239e+00 -1.664904141609960808e-01 1.944466465481241801e+00 3.806244723113197392e-01 7.138939529027515940e-02 1.589715280948846621e+00 -6.764785608167284137e-01 -6.759828788917721099e-01 6.972804951545842345e-01 -5.741223686070462406e-01 -1.649080874263411767e+00 2.543452162731914545e-01 1.836461092852286203e+00 -1.741463774181987167e+00 1.788736124137028760e+00 -7.829780244769177777e-01 -1.749577598955784241e+00 -1.392494744363373949e+00 -3.779036145150027060e-01 1.985332317571294469e+00 -1.126568798193288146e+00 -6.537153193508219440e-01 5.850073329939119854e-02 -2.771879769735895671e+00 2.572663516722225804e-02 1.484363141452574586e-01 -1.021014372124632724e-01 5.927633952732431766e-01 1.866253157301779764e+00 -1.036202888340651995e+00
-5.069726214269475451e-01 -1.032258766597645039e+00 -9.836877968916831749e-01 7.780901122934257286e-01 -1.675416394350083937e+00 7.204651851804141360e-01 -2.907590760346898118e-01 -1.490730149342674560e+00 -5.330105558709414826e-01 -1.560133417194735084e-01 -1.779718146435867787e+00 7.987998430164251484e-01 -1.442091481422241861e+00 1.311470059643685460e+00 1.109022902418743017e+00 4.899256045674809656e-01 1.086787503875315863e+00 6.105225236591318438e-01 -1.170504080429136895e+00 -2.239942023047593267e+00 -3.151134723428190565e-01 -9.813017339164554764e-01 -1.698816670119491556e+00 4.589380626482405523e-01 -5.526508552410652753e-01 2.574680228157212869e-01 -8.604565714123056652e-02 -2.553145583609303770e+00 6.929045103558127972e-01 -1.686716049799603101e-01 1.025846418860751674e+00 4.845087782490856143e-01 3.029647063824548181e-01 -2.152119929218600236e-01 1.532549244550768686e+00 -7.444590739708734084e-01 6.564594177898869232e-01 -7.347215864385686634e-02 -5.668810023010576460e-01 -5.812306001747902240e-01 9.862652780787272144e-01 3.912061173492442090e-01 6.640254472701698774e-01 3.913440756913108554e-01 -1.611139256118328422e+00 -9.204087099776276926e-01 3.080687229486698264e-01 -2.685520132004821647e-01
-3.208146696856594704e-01 -2.669678990153277809e+00 1.846862392198680869e+00 7.993778674977296550e-01 -1.954764921648490805e+00 -9.475272401002101663e-01 -2.243907393912593917e-01 3.388190563505809605e-01 -6.122154661511938212e-01 9.127665940463860483e-01 -1.675454724945012464e+00 -8.826816925413537573e-01 -8.458632199485448533e-01 1.849682859323723338e+00 -2.057441732028104930e-02 -1.498276060063470583e+00 -1.217771391986506746e+00 1.950459936679236117e+00 -9.440116566850202950e-01 -2.441429767431081643e+00 4.687782584360847826e-01 -1.075822663981462202e-01 -5.484974008440343107e-01 -3.646024611716147112e-01 5.043600098571194845e-01 2.741803005168236829e-01 2.364016314933366225e-01 1.071265389648348609e+00 5.087022781374479774e-02 3.337648942129418650e-01 9.760181812157852077e-01 1.820399575682381643e+00 -4.090603046167507473e-01 -5.737271762813526271e-02 1.019473206892707706e+00 1.285622612614008009e+00 -6.397041040565517589e-01 1.070305376182204116e+00 -1.302724450542581680e+00 -6.451266132619225269e-02 -1.104974504831782500e+00 7.438884059468808818e-01 1.493726118441123241e-01 -1.173826097449120615e-01 -6.336899912453274331e-01 -1.384308056855769742e-01 -1.787176835332561442e+00 3.495424017323155996e-01
4.563883598746114600e-01 1.545980667769466743e+00 -3.192065967882214306e+00 9.862895127454597288e-01 -3.900369247960544516e-02 6.992582926458413839e-01 1.137617601816544255e+00 -3.307412459221468759e-01 3.429029230624068281e-01 -1.379781758345419052e+00 1.744758973836870508e+00 4.073033145176220282e-01 -1.238392192150857968e-01 -1.511190954307835677e+00 -1.216711954244760641e+00 -3.312368287593865923e-01 -1.297521242262740016e+00 6.946390676630807004e-01 1.043543691777352400e+00 1.358849215751780914e-01 1.403117716613550225e+00 7.018604290875962715e-01 -1.242328824858042191e+00 1.189273418163979912e+00 -4.845896191398429975e-01 -1.378362752664892721e+00 -1.742630614673169320e-01 -2.171642999841910893e+00 1.882511619398376634e+00 2.196061909305501381e+00 -1.518450229721546585e-01 -8.706025382450931493e-01 8.682904919199357918e-01 -1.493104736058886717e+00 1.142330678293696389e+00 6.365410878837254316e-01 -1.216822501537685453e+00 -7.571652048255164136e-01 9.759682380526868428e-01 -6.557689011716643090e-01 -7.140300125649577667e-02 1.821653536286259659e-02 1.915158381628992990e+00 -1.609953949392054273e+00 -3.796167855097858923e-01 1.527748018378955575e+00 -5.241708304626273573e-01 4.512961958024423736e-02
-5.590377135300208522e-01 -5.306372574001040343e-01 -5.219149195773951089e-01 1.415826614947020889e+00 1.576585319374083305e+00 1.683039326389886847e+00 7.910016819116818532e-01 1.239654567117147277e+00 -6.061065697541253572e-01 -5.034049175246008145e-01 6.559342154578219342e-01 1.905282070163715202e-01 8.901306163422155748e-01 6.504926238803048211e-01 -1.718155486678577981e+00 2.558945662950192768e-01 4.173075221706880611e-01 2.415780389300838105e-01 -1.009935238828500781e+00 -1.032914446426640431e+00 -2.487068446761752094e-01 -2.790405150989806238e+00 9.898952212373327564e-01 -5.232668938996984931e-01 -3.959906658960995474e-01 -8.858651478410004554e-01 2.077466041647031858e+00 -1.054634275599783677e-01 -5.820761778416225912e-02 -4.764887462331253154e-01 2.550743813691002781e+00 -8.600792100615914371e-02 5.036004554254912557e-01 -9.538693482498428189e-01 6.228560638834976793e-01 1.039482523044354956e+00 -8.727214990937702810e-01 7.026328506412731212e-01 1.386303901705810748e+00 2.221362626035010973e-02 1.701061993002828787e+00 7.685285038389167989e-01 -7.466691086343751893e-01 8.026708244603554254e-01 -2.321658213578730312e-01 -8.461879886120977634e-01 -5.862874579352296278e-01 9.885138503360582085e-01
-8.887510438300023630e-01 2.460219576343197767e-01 2.712705303957324565e-01 1.207514874729014531e+00 1.361472453412599037e+00 -1.847496436231299832e-01 -9.276048150895510602e-01 1.253568348601435734e+00 -9.161536213281309959e-02 -9.728169733715988921e-01 2.097624848923794472e-01 3.703651208739620615e-01 -1.531834714109971407e-01 -1.975529797068992677e+00 1.391273862079416557e-01 -2.723881835283063491e-01 -1.490561363563034591e+00 -6.797537534415492022e-01 1.394572258001912202e+00 1.257980711429865783e+00 9.491520546675669134e-01 -1.031689568543721069e+00 -6.638992231983986692e-01 -1.329200362618083275e+00 -6.507607929691103799e-01 -1.959030386288518999e+00 -1.556266238453903439e+00 -9.052796639215057173e-01 1.247910639284528500e+00 1.043605269710881966e+00 -3.644688531655573827e-01 -1.469521908633536489e+00 4.681976279482009118e-01 -2.688473678008401202e-01 3.935398588544011117e-02 8.833242192297018347e-01 -6.369472441579761279e-02 -2.698668962915803382e-01 7.325139177431516657e-01 1.152963401526415188e+00 -2.124094308671575337e+00 -1.235576965065745408e-01 2.920277863958372411e+00 -7.462458392350610481e-01 3.220730342526683110e-01 4.810559573956955104e-01 1.540802593827472311e+00 -2.502787212516816573e-01
-1.700748006687256897e+00 -9.207044615620597616e-01 -7.238201135672711617e-02 5.365460319951157464e-01 -1.017859608624730461e+00 -5.939490802336484521e-01 -4.302716614723772759e-01 1.666593454448201506e+00 1.349696936887479826e+00 5.802515164256470959e-01 1.668812483885335318e+00 -9.494131616238843385e-01 -3.211963625216619489e-01 1.146102848087341197e+00 1.149368710193447107e+00 4.490864016231928546e-01 -1.653596202930560644e+00 5.086632728310251927e-01 6.602414528860038601e-02 1.325469912269198747e-01 7.407318835593927897e-01 2.762373907000943360e-03 -9.705483373820976700e-01 5.815716758076090453e-01 -6.628889100262830292e-01 3.667430988570736794e-01 -7.458415434578089531e-01 -5.738182423446253067e-01 4.257160522980018014e-01 -7.533741888811828873e-03 -1.174236142887093680e-02 3.860533019164333335e-01 8.694068268153866408e-02 -7.021736477771168827e-01 -1.282381809264091288e+00 7.004425489602986166e-02 1.102355500659759846e+00 4.073716371490683219e-01 -1.645230623359067668e+00 -1.336020596060692733e-01 -1.271826646928160720e+00 1.056841168060068226e+00 -6.125533798669950680e-02 -6.705269026653439823e-01 -7.681069451905707390e-02 3.937416994559515548e-01 -1.560136872850839129e-01 -4.855028405804419633e-01
-2.094376886205993049e+00 -5.076110193713889718e-01 7.843282255864839625e-01 -6.851505239428265503e-02 4.947003880596139713e-01 1.112799800941716599e+00 -4.219638531130938119e-01 -2.773289202352188010e+00 1.255835886139014423e+00 -1.437555023054165049e-01 -1.374234672004476021e+00 -4.567174518352267731e-01 -5.220884749421553783e-01 1.725501262298272387e+00 9.429219694709113364e-01 6.306116036199687080e-01 -6.110581851879229309e-02 7.436820030197185405e-01 1.003760887178861250e+00 6.128000880424450993e-03 -5.180109020447969392e-01 3.888728274373316474e-01 -2.101905456809127770e-01 5.005699035786713713e-01 6.700561978375256800e-01 -1.506412404750270051e+00 1.602432621891048292e+00 -2.442794477668259190e-01 1.798946162968547979e-01 -9.936583574768972568e-03 8.599640007538909003e-01 -4.599924901077286910e-01 -9.805332531254213890e-01 1.451009924094540882e+00 9.179321436568370629e-01 9.394596388524335817e-02 -3.803031049138428932e-01 8.097104640284691346e-01 7.676178397997478475e-01 1.194625652838435359e+00 -5.299177988277335993e-01 7.763532914012827302e-01 -2.090106578590396613e-01 4.584058812364487090e-01 2.933384448571002556e-01 -8.667524726148179148e-02 -7.693473070345784315e-01 9.590051256300426985e-01
1.094188620046800065e+00 6.421306094964999156e-01 -2.489846422806836490e-01 3.414491296418528665e-01 1.034979100289120435e+00 1.484794058658542859e-01 4.990342980856482535e-01 1.522763406746244330e+00 8.478516793603713131e-01 -5.988698855454902548e-01 5.345694221083221453e-01 -1.435662450681762348e+00 -8.523647049834344180e-01 1.895233932758655093e-01 -1.533322463905434641e-01 -2.106803139773492539e+00 1.990071171441617770e-01 -4.425748092466170180e-01 1.371067373396006150e+00 -7.591133971494383736e-01 3.343383735533711487e-01 1.959757621855018062e-01 -8.771540623926822322e-01 -1.495877335528599472e+00 -1.525962165081074184e+00 5.590887466015255214e-01 -7.010766425013248426e-02 3.108687234967653090e-01 1.794348269269346208e+00 -1.147900004004221541e+00 -3.098053609595310398e-01 1.034377378692625582e+00 -1.289967786431622798e+00 1.873435363738724657e-01 -4.000774170916414629e-01 -6.145688010868606277e-01 1.749463336681481851e-01 -9.767536516738447583e-01 -6.746456001060365804e-01 2.374724458761505452e-01 -9.044408421935963283e-01 2.118390073990137790e+00 2.113320413764330663e+00 3.927967306095228039e-01 -1.117164800721086176e-01 1.148673841238180213e-02 1.145831591267697513e+00 -4.477390287036088767e-01
-7.142131464222755133e-01 8.784941447010372606e-01 1.310989579614518119e+00 8.995038519666679333e-01 1.022911452406354560e-01 -6.232537021024585622e-01 -9.704121566690039336e-01 -1.267361897730826303e+00 3.647346432306389774e-01 4.814896417916431082e-01 9.343125650139719740e-01 1.116628035891279042e-01 1.139743710676947713e-01 2.618354764450820049e+00 4.313516626243532048e-01 1.359329288712609329e-01 -1.120108507991950164e+00 -8.772391799166086024e-01 -1.184018694162045637e+00 1.918235885481579250e-01 2.452761599201195575e-01 -8.300575678841537464e-01 -9.093436473388156749e-01 2.730539572381549540e-01 6.958396627020589920e-01 9.824314333043143721e-01 -7.731201700904238860e-01 -3.030288821807905375e+00 2.356352194847704806e-01 -1.183683615794393518e+00 4.724171092122271820e-01 3.485412364201695423e-01 2.216761551453162449e-01 -2.400440874971768057e+00 3.377689495285715049e-01 -1.399406263434724851e+00 -1.749357996559010697e+00 -1.219386205512934668e-01 2.744581617681496333e-01 -3.162972779255266986e-01 3.144829833080717840e-01 4.876061749621001806e-01 8.312491706005790126e-01 1.386362909293834100e+00 -2.292368715706206428e-01 7.769820341526637586e-01 1.421339695851428386e+00 -1.589661881685318967e+00
4.979135011447046177e-01 1.297810172950571994e+00 3.946021082809798020e-01 3.915567502360818297e-01 -1.282269994245115674e+00 3.846574755217048724e-01 -8.292131146098143113e-02 -2.131512056061773297e+00 -9.994701540784244331e-01 -3.342171033868261004e-02 5.819099770393972720e-02 -7.663152460962792123e-01 2.473073892717486011e+00 -5.268367374424246519e-01 3.154272323682968393e-01 -9.757370408779360016e-01 -3.980076523748989903e-01 -3.469771389154275854e-01 9.242193848555224633e-02 9.269802030018005068e-01 -1.886899983152817928e+00 8.922852098071822891e-01 5.265497433774334324e-01 7.405878902571877420e-02 9.043648581160684818e-01 -1.731716616477476656e-01 -4.869086081100588298e-02 -1.237258559087739851e+00 8.719345562752478518e-02 5.186582077393204759e-01 5.472744751956962750e-01 8.106376179808545412e-01 -1.243603282462734522e-01 -1.037814251211539363e+00 1.045719448373418681e+00 -8.514125435307420831e-02 -1.176056865237388172e+00 9.980028785710843842e-01 9.829531961034784215e-01 9.519205965658363855e-01 -2.892475650533051224e-01 1.482172558151918507e+00 -2.024270149550385423e+00 -2.496995342721071431e-02 -3.755402964002340638e-01 -1.162276508892179150e+00 -9.411338004414891989e-01 -1.257199712508736633e+00
-1.204755332275329049e+00 2.835548601381387979e-01 -4.767870456175079402e-02 -6.385375327364340992e-01 8.839552786060825840e-01 4.123427444140327358e-01 1.673034105216923084e+00 2.482341396532945499e+00 -4.920981061517997190e-01 -2.321788472776894707e+00 -5.462961467986077180e-01 -4.054693194505226694e-01 3.241270457140758843e-02 -3.050296492119007885e-01 -1.029427462052705078e+00 4.003754314678235615e-01 5.123413102915496120e-01 -1.186507780633333953e+00 -9.258608532805736591e-01 2.455214747853165791e-01 1.131944157652589183e-01 1.321094382693040581e+00 -1.249890723790649361e+00 1.475630949324991947e+00 1.611062808034634530e+00 4.896826487000598971e-01 7.177254958969715437e-01 -1.804597170056186917e-01 7.813926668345380078e-01 -2.767361931409617615e-01 -2.045513218430346392e+00 -1.368959833979689344e+00 -7.570857771750224563e-01 5.225919968535072124e-01 -8.058402608262313915e-01 -9.057895345615279981e-01 -6.890754479395386767e-01 9.439554868940073229e-01 -1.035926938902800964e+00 2.149283826210202364e-01 1.270871196368523082e+00 -1.063018486342269142e+00 -1.143708982525193818e+00 -1.109312177732699967e+00 8.356490374442309133e-01 -1.857390606219536666e+00 2.600019764278363107e-02 -9.613271986391513924e-01
-1.220805957824419238e-02 -1.614234011843262151e-01 -1.185752212668894634e+00 -4.404687247191269583e-01 4.132871722665826253e-01 -4.662605285990880644e-01 1.669471295525030152e-01 6.154670389827719967e-01 2.173847568647559181e-01 -1.992921403362263866e-01 2.111337640550808581e-01 5.919775497066219749e-01 -4.453506179402887399e-01 5.833910976121641223e-01 3.306664996480704888e-01 -1.093247942759722591e+00 1.156339304431571291e+00 1.071060788162137428e-01 1.261031815837053704e+00 -9.999188606903384180e-01 6.355480456813193957e-01 -5.964394562541019962e-01 -9.855010158701865697e-01 2.037276037046123200e-01 -1.238332557843081494e+00 1.040357142366566068e+00 9.668085190391095818e-01 2.451491833350407212e+00 -1.313156140420889961e-01 2.160917322096321813e-01 -1.269414340365752347e-01 -6.117092877615856183e-01 -7.610330983409056005e-01 1.722574606828672694e+00 -1.703143549708892479e+00 1.209805647448187471e-01 2.379655995172985372e-01 1.211170166898027478e+00 1.054898480102009622e-01 -2.624554382050168777e-01 1.600441669068430439e+00 2.816039962274826891e+00 -1.091173094247342990e+00 -4.077942885574837306e-01 -1.339371234476915529e+00 1.664161368556307918e+00 -1.968542662910158336e+00 -1.419408954793759170e+00
1.586209966822842654e+00 -1.604417011366852108e-01 2.355305586818057517e-01 -5.862083386943406360e-01 -1.129903584452007115e+00 -5.336344518248437030e-01 -1.486813960026632346e-02 -5.610162046232642918e-01 -7.136741613956002483e-01 -6.326077420926545791e-02 2.355513293924414997e-01 2.188964305108857290e-03 4.838796860937980004e-01 1.421305699629922259e-01 7.807903769584528808e-02 -7.547307723740097340e-02 -6.995210829639088024e-01 -1.687607756813168103e-01 1.534443207208459725e+00 1.098517824276361132e+00 2.886284045829954348e-01 1.935180381889965329e+00 -1.381506918412817697e+00 9.438520756953047153e-01 1.157343340782931218e+00 4.215573555190542110e-01 -1.183948004591925507e+00 1.475773060014782700e+00 -8.319837303407213724e-01 1.109553695621555258e+00 6.323868880516927415e-01 -8.361360873088825585e-01 -9.925839193937846527e-01 -2.620279834843593503e-01 1.349451520879337396e+00 -6.871648264897893821e-01 -4.554678567032768299e-01 -1.451978294846249851e+00 -7.472297366158834331e-01 1.570517035654507509e+00 -1.899104366315891579e-01 3.656631183853116807e-01 -3.104152649546887965e-01 9.307096490946652478e-01 1.539545320947338092e-01 5.166312633071067778e-02 5.266142821179008449e-01 2.787278180238125014e+00
-1.471074199451666113e-02 -3.242129622732232153e-01 2.751111719654194543e-01 -9.572264611156681979e-02 4.360312268792976287e-01 -1.023321982570966293e+00 1.479105478054244527e-01 2.321425853216844970e-01 -1.271063615673099889e+00 -2.403422132155186575e-01 -2.239720465172439778e-01 -2.435073316389486653e-01 -5.327478878192337675e-01 -2.901253915502553793e-02 -5.879939184051985457e-02 -8.872375675978738663e-01 -1.129103414043406417e+00 -9.739223762609479362e-02 -1.610922338225843076e-01 -9.118181978811237265e-01 -4.802992549016401047e-01 1.974461169969605523e+00 -4.673598582586216410e-01 -7.654440332042776740e-01 -4.377244303553204929e-01 2.318957788797816555e+00 -3.116134629852910232e-01 2.070081179081512471e-02 -4.040113947923157367e-02 -5.706483864656033411e-01 -9.440509133777817974e-01 -3.178447790974859299e-01 1.157553350103047496e+00 1.542145643467331295e+00 -6.158977701028368612e-01 -1.397697661396978264e+00 -6.101364027104098087e-01 -4.826421517048253840e-01 1.179555019199484356e+00 -2.538013506672596176e-01 5.978850189623635680e-01 3.607916170866608541e-01 8.753735928202159844e-01 -4.181206474210178992e-01 3.252176421169093723e-02 2.777772546591796843e+00 2.989113979278503752e-01 1.590522457658623878e+00
-9.161320661434778634e-01 1.429042887275686624e+00 -8.794070365298128911e-01 -1.028132662608214121e+00 -2.800236467784598948e-02 -1.645874294452686737e+00 -8.112838603010681382e-01 8.306954759970416324e-01 6.204272506848576008e-01 4.110839887101224721e-01 2.250679756405981280e+00 -2.431904182405847381e-01 -2.646419088351947835e-01 -4.931178169463068528e-01 1.575152573280480084e+00 -2.385019915578651784e+00 8.959082227231394968e-02 -3.907491844460481145e-01 2.730885108663233529e-01 -1.320156265492890002e+00 -1.166392161885911216e+00 1.966186245509374264e-01 1.684133951114329619e+00 -1.499836972982381500e+00 8.861422289342252290e-01 -5.154741288859771009e-01 6.006645380183593952e-01 -9.703499747035607137e-02 8.274245342369239697e-01 4.162068403632578351e-01 2.220047134318166027e-01 -1.893033505008132333e-01 -1.951086234900221816e+00 -2.237004451635403512e+00 -2.757172164258145375e-01 -1.390353894837861093e+00 4.510437059290668405e-01 3.076607257782669747e-01 -1.320938431776324640e+00 -4.166757671640267668e-01 -9.011071206748191287e-01 6.844500341532105958e-01 -6.549418898427010749e-01 1.844836614655013252e+00 3.209523123792804022e-01 -8.986764511394932375e-01 -2.011546980444316901e+00 -2.150556913619822819e+00
1.179238228696819935e+00 -1.284478319038637517e+00 -6.818872034795522286e-01 3.253453343322399438e-01 7.899711848136005132e-01 -1.054848651313122110e+00 1.466419447561764455e+00 1.607441392675921010e+00 6.589020894880550649e-01 -8.994653325643279240e-01 -1.619716039981212052e+00 1.740065848664086534e+00 9.542330303455795470e-02 1.413366189813420215e+00 -5.521500091252209419e-01 2.401039496646243665e-01 6.700962159966281639e-01 -5.676301900052673766e-01 -1.139953301970919736e-01 1.033754090596476827e+00 -2.421710830884496735e-01 1.586465776866375244e+00 -1.559927302711150876e+00 -7.656854590502977509e-02 -3.885291974668125814e-01 2.875794249133076796e-01 4.450657071391904140e-01 -1.711275142644844843e-02 7.536135720996782750e-01 1.393049259298612119e+00 -2.026903244587476394e+00 7.273667130335309539e-01 3.407474291887535034e-01 2.212901056580810266e+00 -8.100521470704167282e-01 -2.333494334594346409e+00 -1.567490160556464396e+00 -1.192552586104633772e+00 2.277595137670988534e-01 -4.494349773468104270e-01 -9.299368180451436094e-01 1.284406247051238514e-01 3.930120730896896619e-01 2.403250984696909232e+00 -2.976119817503825593e-01 5.101081956701283664e-03 -6.100480015215353768e-01 -2.875127067580032225e-01
-1.999345309903044141e-02 -1.292828751594068404e+00 -1.367822264938878041e+00 -8.004034985629450150e-01 1.002675078344497317e+00 -1.681984513675976345e+00 -1.602096067855760086e+00 -8.733437338413381212e-01 5.873554624681667780e-02 -1.452027740041406945e-01 4.249222082717583615e-01 9.110883779083253087e-01 1.749239390897314450e-01 -3.599542483069873011e-01 -2.101073674628342325e-01 -3.626729612521074619e-01 2.452338014187311066e-01 1.365175758349348234e+00 1.329917531519767770e+00 -1.479869253928797201e-01 -3.956762598659795960e-01 -1.128064560700018593e+00 -1.469961796899297291e+00 1.062114462313946905e+00 -1.714696364450059574e-01 9.624305115006674960e-01 5.228430697277424155e-01 -5.581711267182876135e-01 4.475245885443340788e-01 -1.415888034082258384e+00 -7.523167633747199767e-01 5.272845875528169302e-01 1.866643479743048450e+00 -4.007739963426672491e-01 1.335177628346370549e+00 6.638687477454131569e-01 -8.029289741210444697e-01 1.882445490468687588e+00 -1.799133278590639151e-01 -8.794644835558632634e-01 -8.503593830039288815e-01 -8.267459222974927746e-01 -1.297111749255487334e+00 -8.612382455789384661e-01 1.018969252357488475e+00 -5.530966924154581132e-01 1.519225970318347718e+00 -5.944681672574742004e-01
-5.759074121032189408e-01 5.435424277794096426e-01 8.684918021811979250e-01 -8.507443798906553223e-01 2.153955262421289429e+00 6.375340057175792330e-01 1.779262920165102679e+00 1.191674935612488107e-01 -7.085241161468899262e-01 4.685312009423168722e-01 1.071360652546848424e+00 -2.295515736826875042e+00 1.063438410289351266e+00 1.088976842744603601e+00 1.223227354136018352e+00 1.180356168042754894e-01 -6.108719487387410663e-01 8.603715751791951583e-01 1.188523173994918025e+00 4.777712242897409478e-01 -5.243880511544803946e-01 -1.974894562838989398e-01 1.458727738027542298e+00 -1.792444459392470213e+00 2.704109063439185667e-01 -1.908805084266677332e-01 -5.590395813327894148e-01 1.340009927285610747e+00 1.242905600342977479e+00 1.016709230481795290e+00 6.568741273405263037e-01 -4.067139073757779395e-03 1.552332664267260520e-01 -3.885005360918216133e-01 -5.785020505621254472e-01 -2.553979846260155284e+00 -1.041883359776160978e+00 -1.153831711539861971e+00 7.915935425724391905e-01 8.286775235111888405e-01 2.478110959050512097e-01 -1.778755203351068070e+00 -3.959172512645577902e-01 -1.813537452656910909e-01 3.019328620830392662e-01 1.070303388309286508e+00 1.313711558650926481e+00 6.138130773400668483e-01
-1.490144528522686196e+00 -6.264434393702463799e-01 5.509181345774259997e-01 -3.161085765951180959e-01 -1.067311916565170105e-01 -4.012673003483177570e-01 -3.746523896973638634e-01 1.226589044073126411e+00 6.875423976830181694e-01 1.161995913978377981e+00 -1.510545725026645414e+00 -4.738844257796327453e-01 1.050581551798951185e+00 7.206035353752272554e-01 -1.166885303375293281e+00 -8.255801007753587051e-01 9.399838884499889247e-01 -1.908619598098230563e+00 -3.894306267512815528e-02 5.330638409574018910e-01 -8.186656797390028384e-01 7.495230924701947739e-01 2.080127797558051661e+00 -1.516102272959487074e+00 -1.260023749645514946e-01 -3.003692795659030912e-01 -9.412967633970466264e-02 2.837552686518516887e-01 1.840521210384539863e+00 -5.672675396350769228e-01 5.899995968980166205e-01 1.225952045302525439e+00 -2.947451870034210053e-01 -3.380146739701796466e-01 -3.083297056235432820e-01 3.244781953498430682e-01 1.053006221325085479e+00 -8.244665995400495273e-01 -9.624596949202092466e-02 1.889117410497759830e-01 1.851343116323937110e+00 -7.695928278509015508e-01 -9.527663381852121693e-01 2.192331192367552584e-01 -2.113327289474939419e-01 -3.402785411220344280e-01 -3.858691169717767822e-01 -6.695182662269260065e-01
6.523432885178255258e-01 -8.562460910973208605e-01 6.476163578335301929e-02 6.377893264073605240e-01 -3.311868034601263000e-01 -9.110901480038741118e-01 5.336713617405537680e-02 1.984170333174247292e+00 -5.312410524665244216e-01 -7.143920779549858269e-01 -9.270901925037888791e-01 -1.710453406943352128e+00 9.331195138013385071e-01 5.248792496044461971e-03 5.491409163438148999e-01 -4.980027170205840181e-01 -1.103771126796829538e+00 1.161251253344059542e+00 8.064301846572323740e-01 -1.108621128078149498e+00 1.546594567371160356e-01 -4.901937315579323329e-01 -5.597176116853426198e-01 3.566094525390751668e-01 -4.173334170326242210e-01 -1.096055871093003953e+00 1.413893072286608987e+00 -3.703428848261906547e-01 9.774294500125269014e-01 3.154913410164785215e-01 -3.324714270735690813e-01 -1.045757183543261082e-01 7.208264212426973572e-01 3.233721513934444403e-01 -1.070478994545473572e+00 -1.597272895303352425e-01 -1.211489307022477258e+00 -9.850329436452300857e-01 4.189592116142080991e-02 6.079466706730357606e-01 7.195011642394542051e-01 -8.352108011990567737e-01 -2.848866202887312404e-01 2.333836290410994663e-01 1.068511540490564293e+00 -1.948621179700301687e+00 6.944839946262612029e-01 -3.117228452463026156e-01
-1.276922493218941801e+00 -4.695498146642649862e-01 1.608567523479194961e+00 3.953846510372371892e-01 8.350663902638776337e-01 1.921165528182943449e-01 4.773733354115051175e-01 9.923150516399933396e-01 -1.152562211640157708e+00 7.029099465834329763e-01 -1.379489778513908860e+00 -1.050669298047448796e+00 -6.897057934741924745e-01 -1.614483461199659464e+00 6.921059002531226856e-01 -2.307946875741832660e+00 -2.446124352133006441e-01 -9.070455125048614287e-01 -6.782699057163377176e-01 -7.713449584565736927e-01 -3.278182599091274824e-02 -9.278019198130080802e-01 -8.550785696452037898e-01 9.035151870956898978e-01 -2.188317190794436762e+00 -1.815787919962112973e-01 -6.420564049872211632e-01 9.710358878047093967e-01 -3.581036071453454206e-02 -2.732174942757567560e-01 8.910412217516920919e-01 -8.611766359759859268e-01 4.953553076100927210e-01 -8.642979382263840105e-01 1.857750837676502009e-01 8.311234892523774453e-01 7.913650997595251813e-01 -5.881044816242375628e-01 3.646225977386027273e-01 -1.354975512512282654e+00 5.952896536935708971e-01 -3.753628974047177325e-01 -1.143588347222035839e+00 5.011417775071441011e-02 -5.369937849620683989e-01 1.230552729282441832e-01 1.826271916365447279e+00 2.007475251338720845e+00
1.484584649319607763e+00 3.932045548207022678e-01 -1.092260717284544436e+00 -1.701845216466752131e+00 1.101811323479123139e+00 -1.215487744958654970e+00 -8.062860348857884274e-01 5.569240291042181212e-01 2.091300201726559393e+00 1.359061916717608787e+00 -1.218361365570489324e-01 -1.085026059411807298e+00 -1.027285753762181786e+00 3.066378985683354541e-01 9.293329207365953470e-01 -4.664056445338257695e-01 -7.703993401887698766e-02 -1.013905811097681464e-01 3.527914184359541294e-01 -4.227961773690498970e-01 -2.243552646214534985e+00 -7.235232493709014001e-01 9.624780565043417058e-01 -2.152933773621800440e-01 -1.246217579141892656e-01 3.883955003918133225e-02 1.108890339178562723e+00 1.390614569943135592e+00 1.618421131687995951e-01 -8.873413285218919588e-01 -1.664243883671953639e-01 -7.103123561360369376e-01 -1.105081026285110318e-01 -1.518353567228882595e+00 -1.277679610394824250e+00 6.512674591479529207e-01 1.122698981676606866e+00 -7.245585451192655679e-02 -3.643625740773119293e-01 3.574657637654619913e-02 9.799720642713577456e-01 -8.488893458666615377e-01 1.562331410669110854e+00 2.622340520011385082e-02 5.012987037752912878e-01 -1.243302109228338614e-01 3.888342521283020825e-01 -4.083993755131077319e-01
-1.478854009489065924e-01 -2.799533572098339418e-01 1.474506646450695513e+00 -2.308852395762899801e-01 -5.704358146165307009e-01 4.328217047506346393e-01 2.870684179945623415e-01 -4.207509757441170173e-01 7.357525792525606567e-01 -1.773645090020249948e-01 5.406775154009985096e-01 -2.032080991807843628e-01 3.128085014684922616e-01 -1.802795615779649863e+00 6.931591529311809108e-02 -7.914844703121504121e-01 -5.566996094998399175e-03 8.486890968782585531e-01 1.107684745110928626e+00 -2.802560599559407728e-01 -7.566526451926757213e-01 1.058169553904956484e+00 8.210085701921364665e-01 2.014938613614430718e+00 -2.208228003377389892e-01 -2.639957828960183273e-01 -1.053577181003187563e-01 1.417985819968588856e+00 -1.629310194342463713e+00 -1.245834463548395110e+00 -1.343254749542071469e+00 1.230933366799918521e-01 1.670804881364898797e+00 -5.634947724914707301e-01 -7.813847372516247169e-01 -1.402360850384051449e+00 1.495619973571889583e+00 -1.339144585861774539e+00 -1.974635919687975083e-01 -9.454867513291131953e-01 -3.270936521026268196e+00 1.152255986500236723e-01 -3.782049415320348218e-01 2.209503942098869800e+00 -3.475603879798729312e-01 -9.867688034248469631e-01 1.826600807855032871e+00 6.462629251906193417e-01
1.901875191949469260e-02 5.650008699027341263e-01 -1.186238813952703586e+00 -1.129161808457449512e-01 -1.915123623139540543e+00 -2.458127766476329690e+00 -1.068257358357499909e+00 -8.327269379812264338e-01 -1.527621835241329828e-01 1.357576436386024765e+00 1.195705290993114289e+00 -1.246659281501164118e+00 9.265611442144419119e-01 3.412991322351064949e-01 2.936197610956076676e-01 -7.919730132073415918e-01 6.912215010151157024e-02 4.546806116233640949e-01 -4.760540010011750089e-01 7.656022018919881322e-01 5.627724385507776317e-01 -3.192227260712454107e-01 -8.830736245573796994e-01 4.373926512118756493e-01 1.563430184814310397e+00 -7.939395674425166194e-02 -5.052369056073160447e-01 4.340038740969368591e-01 -4.693999988729625761e-01 2.132918896928526764e-01 -1.975447250324554593e+00 -1.335727961480212833e-01 -4.028825401725504296e-01 -4.349748171878063951e-01 -1.204493381679912600e+00 9.534268562583718687e-01 -1.118853264381807489e-01 -2.909253590000162593e-01 1.456607125905745592e+00 2.698025570878425761e+00 4.027949106459208783e-01 3.990491709747399085e-01 3.673050591720222191e-01 9.395356748607671671e-01 -1.452404074810611234e-01 2.260190639898513043e-01 -1.537927294385320609e+00 4.741561947322623372e-01
1.108302712178968336e-01 -8.152636947143562240e-01 3.842868761003957745e-02 2.259670605311618008e+00 3.842769005797583293e-01 9.404258180035547365e-01 -2.602588172525106130e-02 6.552727094679546838e-01 -1.835203214004184347e-01 -9.410775564169049368e-01 -1.244600982695157398e+00 -4.827239749695185766e-01 4.854776720216415486e-01 -2.359160870000496679e+00 -2.563883999305362149e+00 -3.478027225936583533e-01 -8.159045684193022563e-01 -4.969618841338923620e-01 -9.729512174757971588e-01 2.250959677383121693e-01 1.081307535082980942e-01 -5.982653092460796795e-01 1.347094013370411014e+00 -1.178148542339333554e-01 -3.874956596856946600e-01 3.288628163373566449e-01 7.518153527684920956e-01 -1.607857230064739351e+00 5.374938474888493189e-01 9.197090415144580922e-01 -3.824566034398409475e-01 1.618108188719337370e+00 9.705628841806599461e-01 1.279418773608448356e-01 -4.244869504337939192e-01 6.456568163298116447e-01 -4.422452011856795595e-01 1.935967196907544541e-01 -2.995515742256548153e-01 -4.402366139608207551e-01 -7.856446476131736523e-01 -4.524875741289528519e-01 8.354025576009349585e-02 6.261012112011907771e-01 1.590491612754526995e+00 1.282797929368705570e-01 6.256634130689200379e-01 -8.169009729661198538e-01
8.782077822730244288e-01 -5.933181069151214349e-01 2.760784693148436442e-01 1.173204908960879367e+00 -6.013578631832783294e-01 1.631319233241933508e+00 1.563367882743404103e+00 1.106731928456084812e+00 -1.500219042613850640e+00 -1.811174596973126549e+00 1.053110769154966153e+00 -1.764058219146946993e-01 1.002285878639341959e-01 -4.715138223527980399e-01 -2.386804445016011411e-01 1.404602889483057282e-02 1.157193587378521765e-01 -3.245239161618752810e+00 -5.918339454267871336e-01 -1.462014109702212683e-01 3.081777891860474905e-01 6.726044187508900540e-01 -1.171988700045742404e-01 1.046722509788778011e+00 6.629027907229245731e-02 -1.143055070249757277e+00 6.447833646633057691e-01 1.149874056720725068e+00 1.442243836667908896e+00 8.563300087912130432e-02 -1.531301200569874954e+00 -4.987862385522280340e-01 8.372457291083367226e-01 1.155553024398651596e+00 1.480408375391565556e+00 -1.018255059119019812e+00 2.880579985199466231e-01 -1.070633103460028712e+00 -1.086728620531227651e+00 6.320201956939952570e-01 5.863321788917961186e-01 1.179018624850350028e+00 1.462228737627610187e+00 -7.404726084489774429e-01 -6.930859991583250279e-01 -2.959925727947892993e-01 1.220127928938331691e-01 3.334773524741150297e-01
-4.710470648821837303e-01 9.171927586574703251e-02 7.039317862746676813e-01 5.167655177831403934e-01 -2.343137021185499325e-01 6.325447419519570902e-01 -3.808325281845183485e-01 1.069992896815260774e+00 6.591791346752431391e-01 8.529170048909438806e-02 1.084113574301639238e+00 1.713938483329037199e-01 2.863168692216010447e-01 4.376068190030316454e-03 -1.225575309762290344e+00 7.611104594479749519e-01 -2.088174108317866207e+00 1.419191430528640607e+00 -1.215752645110948604e+00 -3.231046221339535507e-02 5.215864076396569543e-02 -4.786007491746183118e-01 6.159347303665558826e-01 -1.332123269481206629e+00 6.723644201347011018e-01 -1.202444871021004280e+00 8.582257899987872918e-01 -7.685376301343880279e-01 -1.504850615206351216e+00 9.329005612854600615e-01 2.219553876160138273e-01 8.343686005170739550e-01 5.832056140377671616e-01 -2.548031759633560822e-02 -8.458036517178706415e-01 -1.867448122883371031e+00 2.438613135793737119e-01 9.721166597046171365e-01 9.337010926898008378e-01 1.758444411031788723e-01 5.531047173301780751e-01 -7.698161871181413707e-02 -1.573388762859609269e+00 -9.312583549407896788e-01 1.013847369948697841e+00 -1.361166337528318115e-01 2.068676215348633496e-01 9.628480535630188353e-01
-8.996181647525133274e-01 -1.586057588718842171e-01 -1.390213256135991227e+00 1.636340423607884620e-01 1.061202874079925751e+00 4.204521661043538749e-01 -4.962848801807148158e-01 1.261191926022416698e+00 5.183907865808123905e-01 -1.392794842722821391e+00 -8.147172744350532625e-01 -1.212419666362665599e-01 -5.430422880313912071e-01 1.362095182457309317e+00 -1.493129811847909889e-02 -1.991631252469849289e-01 1.062822561854634751e+00 -1.813481410483006817e+00 2.024127191380023838e+00 -4.962008533697901402e-01 8.846155540679169205e-01 1.013690596762024887e+00 1.223181202925508471e+00 -9.581810779126536115e-01 -7.239357067543213953e-01 6.095811083631051952e-01 -1.792214105649772682e+00 1.144826876619853273e+00 7.267031404265278383e-01 2.138032746022512143e+00 -9.171182993853064236e-01 1.046577351301013703e+00 -5.881029747567833033e-01 -1.649539335553898090e+00 2.115620144242096601e-01 -1.784255836221301461e+00 -9.828869013747075778e-01 1.593756307015313567e+00 -7.942724082501171345e-01 7.164120241333499228e-01 1.552525663418700352e+00 1.622100505389044711e+00 1.429408728523276828e+00 5.471565413728516347e-01 -2.318657274351851039e-01 1.029738178450841479e+00 1.706593428037260496e-01 8.739246636724925521e-01
-8.191615644038376109e-02 -2.529345947090662627e-01 1.454117126424987250e+00 -1.652210714880687936e+00 -2.137525675179072215e-01 7.671531856334690147e-01 3.820003439790568556e-01 -9.819509300270941043e-01 -6.693782345195080363e-02 -1.316347258730558245e+00 1.554818808818617004e+00 -5.988388051574100590e-01 -1.250166998400892515e+00 6.086352679944725397e-01 -3.722078379150855487e-01 1.196893100779422014e-01 -3.750366336989493510e-01 8.033854457396542026e-01 8.695475055734988024e-01 8.288328888407971995e-01 5.863905885937067408e-01 1.063837660487216008e-01 8.821275151181648955e-01 -1.193076975033986464e+00 -5.501142693830788494e-02 1.502786650494347898e+00 1.192818066670503052e+00 1.247381192455055743e+00 -4.928619333733127439e-01 5.820597135222670415e-01 6.662224937495178079e-01 -7.544820269745593222e-02 6.099791389396810315e-01 -1.111483103986488086e+00 1.693763740479631963e+00 2.577570211212729667e+00 -1.836447453649956874e+00 1.117858897623963621e+00 7.351806769348103732e-01 4.345865239946049008e-01 -1.111844978794569005e+00 5.853650719803410452e-02 -7.261926693301783420e-01 2.808988235547618117e-01 -2.412836720422310843e-01 1.903630450677145980e+00 -3.908302646735194452e-01 2.700839854046659383e+00
1.917380737293586934e-01 -4.052650850087449741e-01 -4.270499633285340102e-01 1.772607080001359803e+00 5.099552524620382110e-01 1.386177355971431657e+00 1.148313376993120638e+00 5.849748095432497630e-01 1.966971465922208451e-01 -6.780614275990757278e-01 1.997664747678774333e+00 1.222771601941705422e+00 8.780337383609662094e-01 -1.765710965153534984e+00 -1.407308360354283749e+00 1.066742475138147350e+00 7.937355807220274340e-01 -4.338246254354124476e-01 2.202021162150914479e-01 6.190727476203563423e-02 2.946327626577802117e-01 -1.015432405463366911e-01 1.563340100130036880e+00 -9.342577691438165577e-02 -1.188364086617267779e+00 4.251416032896881969e-02 2.602398613291235785e-01 -2.024472651396683975e+00 -1.388365486751728550e+00 -1.174587365372027126e+00 5.079247962684596551e-01 -1.187563100436924257e+00 3.976069491046317905e-01 -1.348548270480385725e+00 -8.843378497639315938e-01 -1.287530062157670185e+00 1.788033638562519512e-01 -8.253072631786670943e-01 2.108993580576966842e+00 -2.616307321107147477e-01 1.192458283061878177e+00 6.787372843486889629e-01 1.412483502690257131e+00 8.532845470884725669e-01 5.078870419043182011e-02 -5.734266797163367624e-01 3.929898532307626313e-01 -7.701033979796356732e-01
-1.759352104718273413e+00 6.001931950048756681e-01 -1.056204333980496957e+00 3.044425625642012689e-01 -1.009564203992118436e+00 -2.391978262052405491e+00 -1.879261643520593994e+00 1.695241809969763869e-01 5.091436932888566691e-01 -6.191135282143856999e-01 -1.019246247228553059e+00 4.570391671689533891e-02 -5.122111216683421508e-01 6.295710270322766311e-01 -1.962721475314870068e+00 3.382675674353708972e-01 8.863720116621055523e-01 4.657558319628498644e-01 -7.667527132856684080e-01 1.321869601138591088e+00 -7.135064093397354146e-01 1.301267267191295263e+00 8.032997011575671031e-01 3.614989608587791947e-01 8.575649608094587650e-01 -6.081259054804504238e-01 -1.782663154883930012e+00 7.548359251668974590e-01 -4.664566894312222045e-01 1.515369625873850268e+00 -2.115308346447601628e-01 2.034596929808894783e-01 8.014758629272341617e-01 1.507455800429304826e-01 1.249324780065330653e+00 -4.193604401445384655e-02 5.143874103631600192e-02 4.088066858351681321e-02 -1.271137509579201297e-01 -1.544158271541039351e+00 1.442286569119990147e-01 -5.111153368888139426e-01 1.381283126120308458e+00 2.377813246023052773e+00 -3.612559332226765729e-01 3.246353361871907595e-01 1.653284952158000642e+00 -8.200532137474655370e-01
1.105940132028866207e+00 3.731405263490114033e-01 8.340418834820103600e-01 -7.200291893607655425e-01 3.919316636990763936e-01 -1.720330558989041636e-01 -1.178137985701806084e-01 1.085070225597918769e+00 -8.712647614279589448e-01 -5.285110883475749866e-01 -2.105697743014299572e+00 1.772368133706816451e+00 -3.750000676579427483e-01 1.435533525969632462e+00 7.677050510641856285e-01 -7.102389133949161826e-01 -1.092554038543341433e+00 -3.351812567077222527e-01 7.817285668337434767e-01 -1.784778987891986413e+00 -2.688693900942507042e-01 -7.724683322565701893e-01 -1.914962614656229078e+00 -1.130965110415441899e+00 7.679229910668292636e-01 3.453897273550829428e-02 2.087960968036625398e-01 -7.311787051051117370e-01 -2.330135233886800439e+00 7.680123584511429069e-01 -9.097646562205874421e-01 -4.416925702786009267e-01 -8.564409192533616322e-01 -8.591763348969425618e-01 1.446191831296869568e+00 -1.387994064842511088e+00 5.796593519942973005e-01 -4.744488762691690398e-01 -2.786065908833167404e-01 7.925057750490290820e-01 1.898080197349700793e-01 -1.212146142705177176e+00 -1.923586775995713261e+00 -6.053633941094022086e-01 9.686052265850148002e-01 1.921414178011554008e-01 2.625242399944931471e-01 -7.093287720732627255e-01
-7.578476160543221041e-02 9.826173831815174786e-01 4.067290567447594540e-01 -1.453506988710114023e-01 -5.524146329570515102e-01 -1.235708269693202577e-01 -1.599368850322173408e-01 -3.722231379205914736e-01 -8.995402127548449700e-01 3.991808301654960478e-01 -2.649244886554430467e-01 1.994304254976856372e+00 -1.550139479632421380e-01 3.220838779388470741e-01 4.248981645741440882e-01 7.799637812835789885e-02 6.993557093658419044e-01 4.816136822300954856e-01 -1.347173924869567330e+00 1.697671806003921494e-02 4.940251477658593182e-01 -4.538446812413378106e-01 1.303225112855075585e+00 -9.886648615214261859e-01 -2.203016135976234580e-01 -3.036839857999744097e-01 -6.248794039784260068e-01 -5.123510297515770917e-01 -1.010205292295928703e-01 4.204870259576014013e-01 -7.394209192436059785e-01 -1.018430668304823206e+00 -2.321700233786478385e-01 -1.761437820675371690e-01 3.857783479406665661e-01 -1.948774238538684367e+00 -7.384951582843261031e-01 -2.264438974918362435e-01 -8.459460551213816570e-01 -1.528712952730709729e+00 9.609776488364057956e-01 -1.802109583744124999e+00 5.341690106488996559e-01 4.984527807246894038e-01 -1.226988840197103942e-01 4.585540704063189033e-01 -6.629482447388285182e-02 2.644476062942308081e-01
-1.047848821464298252e+00 3.622078124943293176e-01 9.892112932207212106e-01 -5.303024986036282140e-01 -1.109786514777562072e+00 -1.798912855515837628e-01 -1.645440334560364315e+00 1.240990005564137855e+00 -4.819779464416013570e-01 7.029621913767233332e-01 4.925532156674709838e-02 -2.109870583282273060e+00 1.533886582907349583e+00 5.728480877110330161e-01 4.571402927762246993e-01 -9.936124693194788859e-01 8.439241147970168999e-01 8.364151307792828671e-01 1.431659472181694870e+00 -3.510093388899223066e-01 -5.835094738112898138e-01 -9.769256761770791497e-01 -2.974642356404828547e-01 -4.081781805472896596e-01 -8.344189650046442974e-01 -1.806512652554854159e-01 -1.301349002791378551e+00 2.865553290811043846e-02 1.329414822383938821e+00 2.013754968939477641e-01 -5.571259682231037846e-01 -1.127300327224434406e+00 -2.426158724020119895e-01 -2.440445079585985277e-01 -8.231228248836347516e-01 7.601549270739479391e-01 -6.610485757472714941e-01 7.760213033160124896e-01 -6.234505681027339152e-01 -4.961498905967534623e-01 -4.623636065101078274e-01 1.600657387178829660e+00 5.306116919144114874e-01 2.176543689813913718e-01 -9.130255122856112404e-01 -3.353694540696329773e-01 1.901250131921456310e+00 4.017952342984625058e-02
9.403253250838966570e-01 -2.749703847030403048e-01 6.609345711036865856e-01 -6.419253973135675695e-01 -1.616604222797206170e+00 -1.779444416273300300e+00 -2.942341574041454008e-02 -2.037841530539860724e+00 6.711293759923125934e-02 2.724720183440715315e-01 -5.664003797158558839e-01 -1.611640187481353070e+00 2.422864174179119867e-01 -2.518722140908772555e+00 1.070024689994875655e-01 -2.937218388039881112e-01 -4.468894302269886820e-01 1.165604367472339309e-02 -5.879776243184344775e-01 -3.007329989364303513e-01 3.303478589428804346e-01 4.404702399539663915e-01 2.493299482661247291e-01 -1.531260845375473245e+00 1.226322940494995350e+00 -6.440675535099053828e-02 9.854259056313904863e-02 1.910848750721352740e+00 -8.630952277014189988e-01 -1.780053267793556826e-01 1.303943385692440060e+00 1.283813479430145676e+00 -1.141457323770279197e+00 1.360035196791882450e+00 -1.224490297796431371e+00 -1.155556568826544117e+00 -4.671894998324124804e-01 1.957533507618911761e+00 -2.489799709846549636e-01 7.056289710598674381e-01 9.713569645750949055e-01 -4.340212556706680713e-01 -5.913899147332336570e-01 4.096649782235770032e-01 4.632488643516055604e-01 1.027261058805721827e+00 8.623105239538426670e-01 -1.016072567457672049e-01
-2.095322514676158487e+00 -4.144818688868130707e-02 -5.981355471428100312e-01 2.122374880773032491e+00 3.243843919943095178e-01 -3.237145352514226304e-01 -3.174067364778493605e+00 6.952554716763850173e-01 -1.545622112143932858e-01 -8.845875656420915112e-02 9.838088593478589994e-01 1.708387919825902768e-01 9.512792463778118046e-01 -1.609991943987846841e-01 8.216770784331756117e-02 8.062029036848775143e-02 7.695842712891034498e-01 8.413893459621596405e-01 -9.012777972634022916e-01 -5.482976286201984156e-02 6.712429721684378681e-01 5.971228720104377469e-02 4.407499837696814970e-01 -1.317676236500623377e-01 -7.367779895306336702e-01 5.167867554301447397e-01 8.431856654567006226e-02 -1.272634051663478871e+00 -3.899777775986921768e-01 5.336301680181147061e-02 -8.232719261526630916e-01 1.104482418158817501e-02 1.108631972303874419e-01 -5.184661922573904347e-01 -3.870491431144089667e-01 6.140037621948545021e-02 8.777031781054704662e-03 -1.413882896655486388e+00 5.739631503094523302e-01 1.505666225537648728e+00 1.635887985541990552e-01 2.648915254042693013e-01 1.717820170178128714e-01 -2.640527692409985194e-01 -1.554037922110699688e+00 -2.387567721935213994e-01 2.299512942833584206e-01 8.354988879235432098e-01
-7.025070394483100555e-01 -2.389159373775149309e+00 -3.463559494079267997e-01 1.313056734620702937e+00 -4.861404340947517166e-01 -6.896204952858965287e-01 1.159880771391216259e+00 -9.208841192131714815e-01 -1.057909816277437187e+00 1.529171241042251550e+00 -1.231656931015081113e+00 -8.452511436070812012e-01 -2.977764363802857250e-01 2.408068247003078144e-01 5.676228929202558060e-01 1.115263506690203466e+00 -8.221857728051086278e-01 7.945813666053103130e-01 -2.202666008573396894e+00 1.684870212094075059e-01 -5.953558712814110976e-01 -6.595213307225920030e-01 1.386408289591406051e+00 5.279955882697268121e-01 -2.579257797914156700e-02 1.883123786535284339e+00 1.599282214845189287e+00 1.702098557016624158e-01 -1.290006623754516246e+00 3.680786531866082623e-01 6.327695109928446748e-02 1.193098442495426958e+00 1.683617105630540456e-01 3.515299099693941498e-01 1.199501166604838298e+00 -5.020817014370654308e-01 2.206856588026258059e+00 1.376426428936232016e+00 2.029353624403300138e+00 -5.542904319444520445e-01 -1.545137286516076736e-01 5.128011562365221154e-01 -4.935743148761640997e-01 -5.514896553210338892e-01 2.037185641439618888e-01 1.257152968892950140e+00 5.037859889621512099e-01 5.144877270857106666e-01
5.519763257168468495e-01 8.675626549951247490e-01 3.985098069877130444e-01 2.497105842506394113e-01 -9.075769942465721218e-01 6.231802232145560172e-01 4.021625743788639351e-01 1.663937796015524939e-01 1.025189104305587628e+00 7.020392368100492053e-02 7.522037441163528237e-01 -4.798844062404161170e-01 -5.104759133209628708e-01 -1.589494812563081672e+00 2.615153778682964614e+00 5.581963694498953688e-01 -3.591999383181058159e-01 -9.896114961221358364e-01 -9.014623574079875246e-01 -4.902228568021693711e-01 1.692626085633447186e+00 6.588400263531544176e-01 -2.969597818802783840e-01 -1.184224555085164665e+00 5.018756077180399622e-01 1.496866487827193337e+00 4.413600003472278877e-01 -5.494025070652294174e-01 -1.256353285352747484e+00 -9.630660281848240079e-01 -1.338918321378811838e+00 -1.340169172060098335e+00 5.587219599685453453e-01 -1.294957316659644864e+00 8.536220144435769930e-01 8.021659715500180088e-01 7.485534079702982346e-01 -2.688351049413132965e-01 1.225486734471071593e+00 -1.156294514903756232e+00 9.865270510247714508e-01 -2.396152426570378191e-01 -1.177538884564789168e+00 3.733070531301126427e-01 1.226962677137264146e+00 1.462824218146599187e-01 -3.471847920993852421e-01 2.054314052584577666e-01
2.053251681837153092e-02 -8.045037516701524991e-03 -4.292207358179559451e-01 1.769841500045994109e-01 4.568751494716202788e-01 8.866688698700431193e-01 -1.447090708359413114e-01 6.492114289012526074e-01 1.583580882389056921e+00 8.899330773435030206e-01 3.035273104598711358e-01 -6.026377829382544710e-03 -9.216164687761677632e-01 1.264993769615683217e-01 2.687503079744548162e-01 -1.559107849688080361e+00 3.018762980808357976e-02 -6.225626595231856797e-01 8.380941009265097108e-01 -2.056458882760440338e-02 3.839837999472904273e-01 1.104707779265644341e+00 6.932763269778022264e-02 6.807082167053860600e-01 -2.236353557708066653e+00 7.965025766878113256e-01 6.210375080463237385e-01 -1.308723391832818717e+00 -1.458352052558685497e+00 1.059340931921954221e+00 5.823799001763637628e-01 -3.350004276188039976e-01 -4.343244961258402870e-01 1.805282645153296062e-01 1.436295998329856438e+00 1.361649064166092549e+00 -3.247271022078735414e-01 9.277152103202961353e-01 -6.124978712660672509e-01 -1.797115745817145782e-01 -4.117879318859651860e-01 -5.412266441861874888e-01 4.322166499027523812e-01 2.579142503992872815e+00 5.987137084840499224e-01 -5.720295500943882727e-01 -1.371316976893848461e+00 -4.123178173295005133e-01
-1.900027129646493784e-01 7.053623632866284909e-02 2.094774002935619439e+00 -3.052268078482606728e-01 -1.442288504473546729e+00 9.114136507159187328e-01 2.093232329280032833e-01 3.464268707729529218e-01 -6.176846341370306748e-02 -6.974384213258487675e-01 -8.384273204497081355e-01 2.838985295984940982e-01 1.916613733386913321e+00 1.407931899674319753e+00 -1.371960249923270370e+00 -1.439277118707970704e+00 1.855454259111023685e+00 -1.593505428812229452e+00 3.130584887666186811e-01 1.218258442456464641e+00 3.105026103934387938e-01 8.617277427590559480e-01 -9.774427967896673897e-01 1.364418357398775594e+00 1.515271394055214937e+00 -8.710727581568047384e-01 -6.906942533224789960e-02 -1.074234822851490856e+00 6.473759610976123624e-02 -1.049878819072523450e+00 -8.099289129041585822e-01 -1.264931115570930853e+00 -4.109402843846150510e-01 1.510546211303211317e+00 7.023202404943081067e-02 4.030535654208790564e-01 1.212371197643961201e-01 3.236278571375039159e-01 -7.602067592865996426e-01 9.360027093049125835e-01 -1.533896380416747418e-01 3.174022668411496384e-01 9.873537264786783618e-01 -1.210113950350814038e+00 -1.997897207821993204e+00 -8.060729392979075758e-01 1.010572904851271270e+00 2.946932483588911578e-01
2.042687885406615056e+00 -2.226351703399608528e+00 3.585271009708524970e-01 3.056146483026792038e-01 2.092247697367726200e+00 -6.888445661217631466e-01 2.326236206819074781e-01 -7.785118075744527077e-01 8.587737940162373240e-01 -1.992533131142165126e-01 -7.373070223317190752e-01 2.663239535449775097e+00 6.552354979053720552e-01 5.564952502476594454e-01 3.012179100028397616e-02 -8.912756387669349412e-01 6.900312508725185978e-01 -5.339442908031639956e-02 -1.151818141244770999e+00 -3.807707418635400964e-01 -1.008383541276126616e-01 4.261548933787491222e-01 1.556150480634975741e-01 -2.593116092335809655e-02 2.494008335192130221e-01 -1.364722623628721321e-01 1.210825448214606359e+00 -2.562777439546805258e+00 3.457871239114949091e-01 -3.503170610284720987e-01 -4.712432826607168557e-01 -6.594190363537831834e-01 1.915607533051879585e+00 -1.714210039105650729e+00 1.114681662394414463e+00 -1.078389463360664102e+00 -2.074177347884809952e-01 -1.628920689421682610e-01 4.110891281351493620e-01 2.457328458189016906e+00 1.048595017667204532e+00 3.653067434314307693e-01 -7.420403933293309162e-01 2.374264169261538493e-01 2.074546860892820810e+00 -8.444207052917248602e-01 4.975642096497120970e-02 -1.352458736712303988e+00
1.017273904673452911e+00 6.700287083892474405e-01 6.482200670353149841e-01 -5.958447282320141758e-01 1.544582035166537914e-01 -3.789011662555258342e-01 -2.670086894825019375e+00 1.625989070167400019e+00 9.069056547919872591e-01 4.860572133237345827e-01 1.002864705074234808e-01 3.804268973426331857e-01 -1.267162327208098738e+00 -4.819635220741481096e-01 -1.164183511415071565e-01 1.528693096599306855e+00 4.615386623294027713e-01 5.222354985472189570e-01 -3.980740026886681049e-01 5.086013611155319747e-02 1.674192195527808735e+00 1.931501603435140380e-01 -1.101880295360357698e+00 -6.417458347683550057e-01 -9.893664639729996546e-01 -1.011220734982187341e+00 -3.295078507330317930e-01 -6.009783338438661193e-01 -1.347161371774915628e-01 -7.533567707803222602e-01 2.624795596416677146e+00 1.798494748584866132e+00 -1.045988714972232003e+00 -6.461912601039851989e-01 9.061641388144324738e-01 2.483574105785621988e+00 3.781821255904056073e-02 1.281160816763979582e-01 -8.857204455453524528e-01 -3.600938611111681453e-01 -1.455700028220718034e-01 5.968594616145529441e-01 -9.140007739701320189e-01 2.612431246421143341e-02 8.946228228221934087e-01 1.856670706863094766e+00 1.110170447773240199e-01 3.163783234005840828e-01
-2.720965479916487850e-01 -2.371229050899637869e+00 -2.134135131915582129e-01 -6.033996418408697077e-02 -5.338379081742199439e-01 -5.048515383157637926e-01 1.319745948120475854e+00 -9.912808771928761920e-02 -1.015948256359259450e+00 5.018807107301384018e-01 6.390554487971750186e-01 3.741773317107011110e-01 -3.894976301036644495e-01 -4.354994991542103233e-01 1.743818300639807944e-02 1.456241741815816892e-01 1.733732285592510358e+00 -1.239147899226117122e+00 1.087662188709643596e+00 -1.737973828584847211e-02 1.233337839157306187e-01 -7.170964837617339604e-01 -3.725767841130985802e-01 7.141513185891688043e-01 6.157901750102975358e-01 1.471040566627833224e+00 2.324890980986697442e-01 1.536767663260828476e+00 1.702753768181038962e+00 1.864779810932172197e-02 -1.527918190854988589e+00 -9.903813787202363494e-01 1.220957741537084251e+00 7.168668152329159549e-01 -4.874628831619708946e-01 9.385833570853157060e-01 -3.079901813239614428e-01 -4.507960254384105192e-01 2.326926402344702688e-02 -1.489659741651527813e+00 1.133437748783428095e-01 -2.423703545244062021e-02 -6.278947665725744809e-01 1.722727082979828572e-01 -9.471749348371567567e-01 -6.748697995867745103e-01 -5.513848421964621105e-01 -6.598425687348659086e-01
2.054280007074747338e+00 -1.215665710506825675e-01 1.111376218904129187e+00 -1.084732481698818640e+00 -2.617656813281982187e-01 -5.368524938903157517e-01 1.391723166695797431e+00 1.223314969877737690e+00 7.617576345238337154e-01 8.196718208884880008e-01 4.808788034663594724e-01 4.832378365468256720e-01 9.445396889328109280e-01 -1.980864862272430971e+00 1.436591933726988790e+00 -5.346976614857594789e-01 -2.157638824821923318e-01 -1.042804703652435272e+00 5.357941316479064575e-02 -7.160305665095777483e-01 1.050536124545109751e-01 -2.145493308335546079e+00 -4.393500450337844421e-01 -1.192671704324580473e+00 1.175642682542771933e+00 4.193659241047216213e-01 1.411827543473651136e+00 -4.479790146146588881e-01 -9.420301122878361744e-01 2.892342065799599626e-01 4.207594513817653481e-01 -6.652410112791877494e-02 -1.775760707187833853e+00 2.313614130781758427e-01 1.519343435924454644e+00 -1.474194136179627135e+00 -6.297950953240032401e-01 -2.809795575442799315e-02 1.126361141498066765e+00 8.419533096683896600e-01 8.786454392510135714e-01 -1.074390560144530410e-01 -4.841597915219772452e-02 -1.479698110394971067e-01 -6.147889457837096838e-01 5.469203852814709110e-01 1.114050800499031491e+00 1.248980165561480948e+00
-3.969356856247425180e-01 1.205849009455265547e-02 -5.934129128561225208e-01 1.616584480599849716e-01 -6.692412442210393664e-01 1.821888900748763751e-01 1.184033644948722319e+00 7.575489996861314856e-02 1.900117310686678218e+00 5.427526351265218318e-01 8.222857171233272089e-01 1.684786346918189182e+00 1.380273812641897413e+00 -4.066073930709162010e-01 -1.201756995382294413e+00 -1.556680425254444167e-01 -2.936006883061347494e+00 -4.290491393977809431e-01 -1.408590523176001419e+00 -2.073381044648529292e-01 4.784571867720500971e-02 1.703679478465905506e+00 -7.693726504375744124e-01 1.165470448857310326e-01 -1.936827465332560325e-02 2.452931218224817522e-01 -3.065804559485632019e-01 3.232066352127950792e-01 1.225737304642940506e+00 3.585375925136361497e-01 2.585747529026465319e-01 -2.175886536842864816e-01 -3.698648903393891851e-01 -8.278836062726756262e-02 -7.494368003000624334e-01 -4.346372816917785098e-01 5.609821821473416348e-01 3.520342823535970722e-01 -1.099507526673200619e+00 3.096654314741643238e-02 -2.933928839050113924e-01 -5.677191758611477507e-04 -1.534870689446401482e+00 5.760719278570820556e-01 7.476145460599139536e-01 6.289538263323172229e-01 2.437649337813182354e-02 -4.800507154944606003e-01
6.940352360644292951e-01 1.570183419918746770e+00 6.493027166708802422e-01 -9.286357768878295005e-01 -1.921314880277317894e+00 -4.800724919162929760e-01 1.421427854225603360e+00 6.070069417825875446e-02 1.398894609805632905e-01 3.144873607189150877e-01 -2.369477800895370689e-01 3.062400590034348724e-01 -7.346328440209091148e-01 -1.730809128112408724e+00 -1.471835366822030755e+00 -2.921472550210702512e-01 -8.496098749815299556e-01 -5.123320731382695614e-01 6.985230782490856605e-01 -1.402552464765938423e+00 1.635302861350508563e-01 4.794186596577509341e-01 -8.169404207136795604e-01 -1.084206195399689543e+00 -4.195868059378548010e-01 -2.016497793607985312e+00 5.622705314865094062e-01 4.603239759530780018e-01 -2.119023252375286770e+00 -4.847595540719220608e-01 -2.102889648994622218e-01 5.279121858463459160e-01 -1.095463100306786952e+00 -2.292607666737639938e-01 5.588919570088159983e-01 -3.213038447094150318e-01 -1.908589883990368774e+00 -2.990120485391632443e-01 -1.311115502037996094e-01 -5.495755584643381431e-01 1.353806748487453304e-01 -5.879817100640415406e-01 -7.673515360585471123e-01 1.364013326426955219e-01 1.414887332490009086e+00 -3.231242706759949179e-01 1.100313290243710940e+00 7.159133662684146193e-01
-1.808475132133785801e-01 -5.030524578801554014e-01 -2.316752062743690388e+00 -5.104760525731142362e-01 1.118382810806925615e-01 -2.054321627854001076e+00 -6.123807735273877340e-01 1.189949419367230199e+00 -2.009511945372389474e-01 -7.859554041206579314e-03 -1.278429118582739665e+00 -5.080152651642610984e-01 2.398999286003402065e-01 1.304978307734825371e+00 -4.825943197027959264e-01 1.424767149856876580e+00 -1.443182443112598579e+00 -4.930691010277586384e-01 -4.451747523577625487e-01 -1.512210648602118512e+00 1.007036900444807204e+00 -1.506210669859458617e+00 -1.456226353639969551e+00 1.016252488874083149e+00 1.247575853186679629e+00 1.881731590351384265e+00 1.019081421537254784e+00 6.409220458515983987e-01 -9.940690368226571053e-03 9.987697671228972229e-01 3.258709419813107244e-01 2.439093427890449278e-02 9.437824791294999738e-01 -5.608119985530609641e-01 -1.463393142252459755e+00 4.253569841644564975e-01 1.181957127535660929e-01 -2.013987098172502765e-01 8.639994066594375299e-01 7.021339060943651011e-01 9.748060354256882221e-01 -9.842396386831636645e-02 -7.080127307919771296e-01 -4.293099580897757894e-01 9.594169388480600080e-01 7.278855039005698302e-01 1.294252347083313659e-01 3.039331690258939567e-01
-1.864427010621998388e-03 -1.757456877760644298e+00 -9.114467187325422382e-01 -1.696839304702949303e+00 -7.080405312713456967e-01 -2.749309116489982441e-01 5.874018021125254618e-02 -1.269417184301996349e+00 1.427727061540908227e-01 1.379732581027718119e+00 -4.078574057159217725e-01 -1.725754481840615501e-02 1.036757026508559276e+00 4.878210779438928446e-01 2.391722509551933717e-01 -2.349772845394103860e-01 1.169464240495919106e-02 -4.170942469243873463e-01 6.630771058592531686e-01 1.883884241026834383e+00 7.256016538165667162e-01 -2.041860489969778758e+00 -5.673571078357367847e-01 1.859349521795096827e+00 -5.825407687160166770e-01 -7.310991284343751895e-01 -3.209090211712525842e-01 3.769532756653128786e-02 -2.902357757768317947e-01 -5.547053139535506050e-01 4.547470423100958281e-01 1.503716573268061296e+00 -2.566872540963956451e-01 -6.130339584638452299e-01 -1.365433527550597548e+00 -1.853110180803068108e+00 -2.473739091600726248e-01 -5.332986407846074944e-02 1.332772422599057371e+00 3.246358317869394439e-01 -5.639664405536576330e-01 -1.402398380882170059e+00 1.664753580874845484e+00 1.715861021806372733e-01 1.463403690019790648e+00 8.767060406660946714e-02 -2.091529052137759970e-01 -5.007978764507117209e-01
-9.268054782366333955e-01 -2.292554264833909089e-02 -2.955155855789242114e-01 3.444765643335865324e-01 -2.720854371621294288e+00 3.783035028014394285e+00 -1.039745103160795825e+00 2.592138410650911551e-01 1.326187651879118690e+00 -4.942498120151043173e-01 1.187638654806810745e+00 2.812257590727469947e-01 -1.512317903724787582e+00 -1.813056716748956188e+00 8.476796527034171636e-01 -2.543392610131831044e-01 9.226726766858526219e-01 5.663202194907376308e-01 5.264922611964912846e-01 5.014784880656339983e-01 -4.100060117556866834e-01 -1.038743285407937700e+00 -7.093972182526534498e-01 3.595892162009847737e-01 -3.907288937799707762e-02 -1.065696406250020434e-01 4.165688755432408463e-01 -3.060524595751827337e-01 7.212242065817676961e-02 -8.081143702820222652e-01 8.062295326755923863e-01 -7.525163362059894556e-01 -7.756491507268777896e-01 1.148307337567806785e+00 -1.011816989968908675e+00 -2.262899195486313797e+00 -1.896493245739679256e+00 2.859656127831943451e+00 -6.656793343152201947e-01 3.841645164672998769e-01 6.150810702575874034e-01 -1.126791050700842955e+00 3.036460210422567974e-01 2.543053530678632601e+00 1.049286503197368603e+00 -1.125230495175062684e+00 -1.450886269867444067e+00 1.286753759631856786e+00
-6.286116191332097314e-01 3.639138472858633455e-01 -1.046814765061841179e-01 -5.537392285546378634e-01 -2.017547659178659636e+00 -9.127542943554661781e-01 8.595992095637409666e-03 -7.217794764576629385e-01 4.484572932073634943e-01 1.963488343232209665e+00 8.138273680671119781e-01 6.918605927304312120e-01 7.059984903440789106e-01 -1.683118112647635556e+00 -2.702839805598001299e-01 5.011475165190543840e-02 1.577915550849879445e+00 2.443161642244207343e-01 1.239002597779485182e+00 -8.894831164535949020e-01 -1.449240607704209927e+00 -8.148981649447848419e-01 -1.244964843134646726e+00 7.584343551771697278e-01 4.031421235747195686e-01 -3.015989836173919580e-01 -2.351533169843186499e+00 -1.478516525546167970e-01 -1.703048897919729132e+00 1.040958376223299897e+00 -3.267396084883902874e-01 1.339780576768677456e+00 -6.005878073922482629e-01 1.985863952743265104e+00 -2.290747799488605518e-01 -1.235464360012668641e-02 -4.787210580447702202e-01 -2.048564725134383924e+00 -6.772516535166117624e-01 2.037535147225159327e-01 7.137648480594130374e-02 -4.133032665707908060e-01 -2.285264694470622582e-01 -6.250680812378345275e-01 -1.352025333756847969e+00 -1.664374801454012509e+00 6.909988619562895673e-01 6.931097251868332254e-01
2.809563253613641121e-01 -5.322782698680925684e-01 1.223777923616168772e+00 -6.281009032428056527e-01 1.011239583429023092e+00 6.012514101251442700e-01 5.963756262504544825e-01 1.245187333639391269e+00 5.513240877266526452e-01 2.991877739159080063e-01 -1.102538224856894677e+00 -1.406267032166146569e+00 -9.911358735655422247e-01 -1.452548284190003924e+00 1.899246984168943886e+00 -1.588810114450326660e-01 2.387255370824034606e-01 8.086499655031328393e-01 1.422479231939132838e+00 3.746545679842334664e-01 2.196259754235826978e-01 1.187518545964618255e+00 5.489116374705327317e-01 3.683557592858698881e-01 -6.431704616229133586e-01 3.018989658809705934e-01 4.313608817776979354e-01 -1.564186198173941333e+00 -4.826346437750693441e-02 -3.270420125298189595e-01 2.314878867492071279e+00 1.332282431027152492e-01 6.996398705491725378e-01 9.967626914343082900e-01 4.900043935126849881e-01 -1.580206690438192840e-01 2.236932113658386179e+00 3.885265082247866264e-01 9.457564011309723684e-01 6.476805657237391101e-01 -9.595967831427490990e-01 8.886221918993774116e-01 -2.234044215648452875e-02 1.260381224298766867e+00 -2.529011795695785825e+00 4.651198981291684298e-01 5.558469674470130073e-01 4.748478068112264860e-02
-1.116594386211410050e+00 -1.109805073648427454e-01 5.545306541479909646e-01 4.516672632569714296e-01 -1.332410825060291182e-01 1.383970079111914497e+00 6.171374961766005196e-01 3.827635181565800515e-01 5.044277908520358178e-01 2.021632539801136996e+00 1.514628096158199488e+00 -1.336682027405538653e+00 8.399650784579297813e-01 -7.325866373366889395e-01 8.811710646527234347e-01 8.219319544179458648e-01 4.196973259535426992e-01 -4.020178083555818183e-01 6.375894515846450838e-01 2.157903230293827523e-01 -1.329714335124410618e-01 1.076042960083586131e+00 -1.036660188804392480e+00 -2.783393351012398709e-01 4.746703746628482268e-01 -5.290035435041701845e-02 2.197812363537431923e-01 -2.017584046767622041e+00 -1.496644093376697571e+00 -1.404832862318992071e+00 -8.202123071310440938e-02 6.479806873818186874e-01 -2.432600983898842273e+00 9.664160617965932287e-01 -1.742770048775412528e+00 9.848173742422916977e-04 -1.808920104155608222e+00 1.259698483723648843e-01 -1.656439400668772377e+00 6.263292560143215448e-01 6.476682892067283648e-01 8.332159199952247075e-01 -3.754159355372535534e-02 2.721731927960841624e+00 -1.366874443043289755e+00 4.529285867620889139e-01 7.188369428129854494e-03 6.220289588963895389e-01
2.281406318605560535e-01 -1.278319902154961829e+00 -2.381181318940780167e-01 -1.284502348810026451e+00 -1.579217568274996042e+00 5.692283069986047161e-01 -4.815493883839886413e-01 4.404403082469285358e-01 -2.076178034406526984e-01 2.759274963203510733e-01 -4.507012651514959445e-01 1.481843612333836602e-01 3.222727362260328077e-01 1.860576915538268317e+00 3.080719045730903605e-01 -5.656442983706810868e-01 -6.321608058907625116e-01 -8.427286410898618962e-01 -8.933090013811899599e-01 3.053397414991539383e-01 -4.552970687904840386e-01 8.609283943106778025e-01 6.182273407041206648e-01 1.095926422380530729e+00 -3.514315089750703197e-02 -1.359497291104966088e+00 2.376436454175946400e-01 -1.901853161381735990e+00 -2.283641991891737000e+00 5.855533105999989330e-01 6.469508405538043627e-02 -1.765885410868241190e-01 4.855949866696037537e-02 3.653084850852381660e-01 -3.763410466157022238e-01 -4.501014070580181547e-01 -6.160641494535329388e-01 6.338712319438345455e-01 7.256641238683139150e-01 2.651600781440407673e+00 -9.416063201187110376e-01 1.007084992674535995e+00 4.022797078559188222e-01 -9.151447457943221453e-01 -8.079532128283397618e-01 2.139997334257174796e-02 -3.185409957820505844e-01 -2.441091485973786668e+00
3.186360490995250871e-01 6.480243714143808509e-01 5.304351704197560746e-01 4.435898772624064512e-01 8.652179692714263570e-01 4.265826168080237568e-02 1.658244363695747254e-03 -1.068765128437341838e+00 2.610820074427025350e+00 -4.601727701042016561e-01 3.000529516946757579e-03 -1.483083598781753110e-01 -2.000026437971469395e+00 1.275773780725453888e+00 -1.311267200183628967e+00 -4.287822293368176441e-01 6.628966839832908242e-01 -9.953375729086640922e-01 -5.259751551669107350e-01 7.832081010117356579e-01 3.567612523782674461e-01 -1.919163392897259124e+00 7.671271839935392967e-01 -8.275803578684836070e-01 -9.314989831300137801e-01 1.328194075541236918e+00 -7.528074704135412354e-01 2.584322901095882918e-01 -2.286596317106897869e-01 7.571815268459668458e-01 -1.238369276191437107e+00 -1.590938865788870560e+00 -2.709991640756535425e+00 5.843234225414782879e-01 -2.575300158148022267e-01 7.213294365922421347e-01 -3.743536462544431731e-01 1.275365730705496359e-01 -1.006793638207912789e+00 2.608862201437448292e+00 -5.148237772017451030e-01 2.249315604168951932e+00 1.040744847218186830e+00 -2.559714202030521912e-01 -2.692954020111439473e+00 4.842086194245326380e-01 2.150850652217039805e-01 -5.648037377521546443e-01
1.887207528220128869e-02 6.917730897407724511e-01 1.902871823391751593e-01 -1.540866371463685658e+00 2.291528136440224017e-01 1.053022042413855441e+00 -3.273656273057230059e+00 -1.892957018872223340e-01 6.134984472689076762e-01 -1.908882556388780793e+00 2.301651701588115273e+00 -9.668031708157471815e-01 7.270117533571327298e-03 1.524372916956462154e+00 -4.157993364726004781e-01 -6.137416757318403526e-01 -1.116922294498065460e+00 1.192066485193823189e+00 -1.384874518270948762e+00 -1.003788907975219580e+00 4.324961602897515189e-01 1.634814449446106988e-01 3.582636413021102584e+00 -8.718977692883419506e-01 8.100044662772616644e-02 1.962572610100718484e-01 1.442862187094860360e+00 -1.663729522376856229e+00 -1.617617072846748938e+00 1.930924410101674815e-01 -8.166704614299464815e-01 -5.413464657330039342e-01 -2.725147115657399199e-01 -1.526125281849794346e+00 8.285208392200981153e-01 -8.372895335727275068e-01 -6.066689587276608009e-01 6.372192989490200743e-01 2.975878560049203259e-01 1.935271340783818239e+00 -5.808122382015366014e-01 1.475284736942206465e-01 6.782327733553298321e-01 1.855384847714215191e+00 -2.268800932880620902e+00 1.174206754442754352e+00 8.203409857009933415e-01 6.031547202581236666e-01
9.572382837259982846e-01 1.681774356866742870e-01 1.820577947273320785e-01 -7.034502175541613722e-01 -3.293527397120373235e-01 1.898240125845430004e+00 -4.346810325664546976e-02 7.277512378641756152e-01 6.070013606996019773e-01 -1.263707606470710676e+00 2.682010149233287066e+00 1.247118676923748337e+00 -1.257611468594370008e+00 -6.442102240669661528e-01 1.866210315207886550e-01 -1.231758068353938640e+00 4.452387684148346181e-01 -7.381495014733637783e-01 -9.859630622562892688e-01 2.178663951807412735e-01 8.286648697613328840e-02 8.285763235555205775e-01 3.626384886223829040e-01 4.602295484393062464e-01 -1.328555625753477631e+00 -1.097378042151472277e+00 1.036079150340521560e+00 -1.013388428245940664e+00 5.479095004462770646e-01 -7.051093421600554412e-02 2.476679123325804810e-02 6.113308614882533298e-01 9.021599292278001947e-01 7.107358458156765035e-01 3.563096512824123069e-02 1.116825178523393802e+00 -7.916876412895056392e-01 5.021464976090499466e-01 5.805791371615209862e-01 -1.939296887636259847e-01 7.010124983321237846e-02 -7.343797689078941371e-01 3.664414720899743932e-02 8.800289899142191841e-01 1.230439380278164491e-01 4.551749100174691809e-01 -1.743128045923292291e-01 -1.819997037160492992e+00
1.639090140509772642e+00 9.168711443369261804e-01 4.593067113961541437e-01 4.870322832673864566e-01 1.392652345659394775e-01 -8.742389875073800498e-01 1.229413119570349933e+00 -1.134816345678988814e+00 -9.556976534936893752e-02 4.002977472750662846e-02 1.117327699964504761e+00 1.572861436389978218e+00 9.830226631250876812e-01 3.365771113046691493e-02 -1.874355207475710605e+00 4.454522105195592441e-01 2.252287222172105197e-01 1.332833778900615496e+00 1.611240946916755457e+00 8.028298257585190223e-01 -4.122678132527740624e-02 6.127662106983633450e-01 5.644976247027974070e-01 -1.120915005237071993e+00 1.429803052598756841e+00 -2.053520090121899733e-01 -3.371974607422165704e+00 5.414397757267154221e-01 5.361538611987249903e-01 1.164230362323398937e+00 -4.988580769689598959e-01 8.474207573172158892e-01 1.656955030301840326e+00 -1.179129178243501913e-01 -1.294826439584717770e+00 1.067096161089720496e+00 -8.804284585806491092e-01 -3.916801828177903233e-01 -1.168023340957552891e+00 4.783594430253049201e-02 -3.912538611023630430e-01 7.458194281780181623e-01 3.815769754013935700e-01 -1.484330417573012317e+00 -7.862056401012551543e-01 2.042353408559872463e+00 -3.857240356273316517e-01 -3.012247063762149013e-01
-1.011199262069779170e+00 -3.837959547088860054e-03 -2.235574147791444533e-01 -4.833055541736183680e-01 -6.720778893562073808e-01 7.165533584897399999e-01 4.180251335613207608e-01 -5.920211874479435199e-01 5.549122991034927121e-01 1.361766413328691083e+00 -1.137708534466568278e+00 -2.359770610392926127e-01 -1.665246178988057935e+00 2.896666545598016729e-01 8.825655929568620994e-01 -3.413291102801777610e-01 -7.845318520418086417e-01 -1.314596954173204768e+00 -4.979373069087521531e-01 -1.126983152579218883e+00 9.860369216723956498e-01 1.511470549610246294e+00 -1.469537662527302668e+00 -1.284183723804834143e+00 -6.150641371482529207e-01 2.847711614273487624e-01 5.365702138633667850e-01 -1.348958971740267687e+00 3.601236149383985063e-01 1.582906750998575918e+00 -5.576857368832048856e-01 8.604817709149722438e-01 1.926076157114055443e+00 3.731210967358706276e-01 2.226012030416842646e-01 -8.937504893385214144e-01 2.732210855188022425e+00 -5.188808177346265760e-01 -7.955708144555201367e-01 5.615628453527390374e-01 1.782542985507297395e+00 5.444215318087828326e-01 8.626039458862215792e-01 -1.108531769697008507e+00 6.128036566914218941e-01 1.460372850308118586e+00 -4.337412213930580407e-01 1.540059760407693545e+00
1.203189932463152312e+00 -6.243975680195579941e-02 -2.688683713279943488e-01 1.483273136053308683e+00 -6.792400077398098868e-02 -3.317530120402649163e-01 2.327135500446674499e+00 -2.518780819528231851e-01 2.191453249510680878e-01 -4.986157866175309206e-01 -1.025602535080776700e+00 1.244923658970396252e+00 1.534146335910559600e+00 -9.614778648648954207e-02 -2.025593498117704172e+00 -1.171387721583444508e+00 -2.893099845239606172e-01 -7.303778149420023236e-02 1.449384038117659257e+00 -4.333323659477061884e-02 6.051640433043218303e-01 4.186667939244161918e-01 1.766877832462280806e-01 1.062836453653366320e+00 8.377373901423184055e-01 1.690900020011788241e-01 1.904589294860899340e+00 7.976956424147904068e-01 -6.886940179681744212e-01 2.207721713659106799e-01 3.014785021463712855e-01 -1.221077747823434034e+00 -7.109481318391659421e-01 -1.094407914291291917e+00 1.652527072614529483e-02 -1.502540015639638460e+00 1.569449197810189434e+00 -4.038220810159460356e-02 -2.039485453140877369e-01 5.422227378124805375e-01 8.405789993937161642e-01 5.965464474014381402e-02 1.186505659475678653e+00 -7.055050929536166304e-01 1.382935147185461733e-01 -2.156378604378590413e+00 -1.293941605020755725e+00 -1.540916214321447875e+00
-5.153954953669723782e-01 1.626495524641083046e+00 1.716901028107667759e+00 2.604555625036409361e-01 1.473898009360995465e+00 -1.237597009806253645e+00 -5.004826304952512128e-01 -2.671144323077673244e-01 7.751295867339113022e-01 1.756976714695071218e+00 1.499876142327665862e+00 -3.343209915765871926e-02 4.701752903643542369e-01 -2.998508601245845062e-01 -8.964555200778279165e-01 7.056336213604044172e-01 6.413878664377964389e-01 7.491305159438952366e-01 -2.627461766066121474e-01 -5.826198759922358583e-01 -3.971219084683632050e-01 6.694297895425195266e-01 -5.439553697419180489e-01 2.974498239982373837e-01 -1.145159814629479023e+00 -5.226461289303475644e-01 3.071048589296298537e-01 -1.258138817704102630e+00 8.798317922776653921e-01 1.683478453215282666e+00 -6.285545392380197383e-01 -7.326817412832512533e-01 6.231917518321958838e-01 2.138945660978826637e-04 -1.657866092045153505e-01 -5.858481708549002631e-01 -2.584751016251734534e-01 7.927779823192969699e-01 -1.953270582860735516e-01 -2.742349396240260639e-01 -7.291590562577843215e-01 1.637647936640812263e-01 5.133334774695866853e-01 8.644359738596958387e-01 9.169416741033370455e-01 8.434308592586292619e-01 1.806698771830449912e+00 1.524492341093582337e-01
3.836941727027331495e-01 -7.517808533311286512e-01 -1.621451355344653011e+00 1.463392670168029541e+00 2.533724926818429757e-01 1.352499020983126687e-01 2.607548857689052091e-01 -1.355333140066959485e+00 -2.142889030737162859e-01 5.190978576757403484e-01 9.162580099158037505e-01 7.692680600201348140e-01 -1.212735781185648287e+00 -1.791065738878005575e+00 -9.721953252407703472e-01 -8.647870970395578061e-01 3.011766637263956770e-01 -4.955822711624998655e-01 4.341098490749160099e-01 8.484644770582161488e-01 2.219146771781192129e+00 -2.977179812785769042e-01 -3.783467888256801248e-01 -5.357492481900748560e-01 1.885490659327138663e-01 -3.875400825799047988e-01 2.897001023164932909e-01 -8.349475783168367471e-01 1.425445661827637212e+00 -1.111800197467979867e+00 2.663785638775975628e-01 7.529608091337084419e-01 3.982296477553257802e-02 8.438870047119685358e-01 8.894007903516720770e-01 1.326409791750262634e+00 -4.127347785771006694e-01 -2.092431968644736517e-01 -3.636669084150155884e-01 1.362577597540231888e+00 6.486302052379712135e-01 9.651329313143525157e-01 1.105694058097585142e+00 4.390648128933458683e-01 -5.032562318494607778e-01 7.091603828169465995e-01 4.099816268548633347e-01 3.518744747464440104e-01
-1.343869042901687960e+00 -5.597241025039672024e-01 1.128869522921502444e+00 -2.685484826898174138e+00 9.596306223539357028e-01 -2.088642444520148800e+00 6.320426196942233732e-01 6.666093279355401746e-01 -1.543064193192502653e+00 1.986821864112357505e-01 -1.480698639827204177e+00 -1.435222352698394044e+00 -8.477188937221544762e-01 -1.544484214763671703e+00 4.969295958669172064e-01 7.985192576809648779e-01 -7.170722115215002468e-01 1.591209101419402527e+00 9.485587163398164767e-01 1.071267330192935630e+00 1.460803521279208372e-01 -2.190134592749861664e+00 9.530697724878016419e-02 -4.787332829322464844e-01 -1.217620250241318924e+00 -2.365454637335188681e-01 -4.197035115568999997e-01 1.074558087248865146e+00 1.599341513023250450e+00 1.322595565414333985e-01 -9.199413819013566584e-01 -4.499991583356424130e-01 -1.299008739748770125e-01 -2.642264113690608873e-01 3.124967390788106480e-01 -3.126737261206086194e-01 -1.695562658822554469e-01 1.266842509522230875e+00 -1.611170742643648790e+00 4.277306361323581774e-01 7.779506766398242013e-01 2.403494946162610946e-01 -1.951464169957332739e+00 -1.485189183367549848e-01 1.547344089600453110e+00 -8.908501799858362658e-01 2.741962045159182515e-01 -6.383256778981467594e-01
6.413890648336008082e-01 -2.139645740193409473e+00 1.384490827480111541e+00 -5.056326631828617080e-01 4.207532521493513866e-01 -4.752190983870686058e-01 1.928268833461176390e+00 7.519192111930693700e-01 6.348838927177310465e-01 6.388433179576511467e-01 1.658237890391860869e+00 3.111428347628910185e+00 -1.292464637771161717e+00 -2.033586642118454524e-01 -1.168861288837606649e+00 7.145581367340716472e-01 1.055618204959584139e+00 2.474600148239462505e-01 3.557355924721297136e-01 -3.308575468999370717e-01 8.893402713865248277e-01 -2.152700700045923621e-01 -1.151722708663215133e+00 5.915396427065107154e-01 2.010370114440744427e+00 1.526196432035012429e-01 -9.069781433141709259e-01 1.516847349695897185e+00 1.259132065899210673e+00 -5.750880013707138083e-01 -6.265260031579996669e-01 1.868794733536424113e+00 -5.820294962549131534e-02 -3.858798301804916564e-01 2.415445079602879019e+00 -1.061655707985181163e+00 -7.501857156971615259e-01 -1.458364466409878546e-01 -3.762796838831264923e-01 -6.464693333010105292e-01 5.763740932387718674e-01 -8.038132333099176074e-01 -9.436173348082320667e-01 -1.432071741749618432e-01 -1.773943875287443461e+00 -3.821648521453188119e-01 3.409879337072611594e-01 1.132723554890678219e+00
8.773371553621350794e-02 1.921489493688091077e+00 -2.587550545256622758e+00 -8.232699894340290980e-02 1.524339154053764578e-01 -8.376053290068036228e-01 3.887753145945855859e-01 4.703429737790513765e-01 -6.135207560433299928e-02 1.326224164357437729e+00 3.582536643882953259e-02 -9.746165949973861764e-01 -1.551834810859249236e+00 -5.807893783421294032e-01 -6.590056211076165127e-01 -8.119199292435498316e-01 7.637357029702643851e-01 -9.088381069349352748e-01 2.402854147674871932e+00 2.496484190443746531e-01 4.244638554352294646e-01 6.789535019694897811e-01 5.758932669588753273e-01 3.195029852873534915e-01 -2.766816594720647338e+00 -1.061221820323119847e+00 1.957897592076513482e-01 5.754380503646795431e-01 2.860951450251600359e-01 -1.007641198963958651e+00 -7.422033721226692915e-01 5.427910995209805911e-01 5.828231589973417032e-02 -4.136505230529760047e-01 -1.282828963440822534e+00 5.780050741226851196e-02 1.959240007675041306e-01 -2.232485745050468484e+00 -7.149280916480418302e-01 8.298168628083437692e-01 -7.959557858809566955e-02 1.734534397694565688e-01 5.053779278017939830e-02 7.346192181440786007e-02 -1.656456399933369683e+00 -8.969815249792251199e-01 1.890619922973570954e-01 6.764018081477646271e-01
-1.796757739695726386e+00 5.035994427775015714e-01 -1.414505795721804904e-01 3.452625355567219279e-01 8.737080925383168273e-01 1.223348897468546498e-01 1.473618728786381116e+00 9.627174672223455520e-02 -2.567057468243414409e-01 2.779955874606953037e-01 7.589077916938757884e-01 1.301040955659932052e+00 2.183195014034431669e-01 1.005221372072955699e+00 -1.050077140457225333e+00 -1.302992407721301760e+00 -8.300823846790879035e-01 1.248903813303742449e+00 -3.881965022078356919e-01 2.270044029918260597e-01 6.519303856897650240e-01 1.764290791392424673e-01 -1.032149945533351737e-01 1.536827291959789621e+00 -4.541181059958848687e-01 -1.328377474924491652e+00 -3.394603794780786110e-01 -3.049847191530951074e-01 1.405227649032584569e+00 -1.182017071492866389e+00 8.144867238405547605e-01 -2.028435789466370709e-01 6.212920220466277010e-01 -1.240591062372640302e-02 -4.490366049173029617e-01 -4.586487677447911859e-01 -1.082076870219774500e+00 4.883569573214215920e-01 -1.137663667418366886e+00 -1.546968591640740798e-01 -5.539119853664498105e-01 -3.275918002386194461e-01 3.111642457590664268e-01 -3.209369043383481640e-02 4.017322036036047317e-01 -4.566283239382048498e-01 -2.329628475321986247e+00 6.788599739417500167e-01
-3.419643514803489825e-01 2.367910101208198892e+00 6.070533619267505232e-01 -3.332024330726757744e-01 -8.170132798652439687e-01 2.306364663796049985e+00 -3.376729970484708132e-01 4.295263456253277656e-01 -8.804642809296689965e-01 -1.153639493092591506e+00 3.674227594372480032e-01 1.331611721676110027e-01 5.062434348435764786e-01 -1.505227424878418985e+00 -8.765080545021741720e-01 -1.003017575959358698e+00 1.510915455310695821e+00 -6.677541475879992250e-01 3.423891762840912012e+00 -1.432033168226264586e+00 1.355211228530860179e+00 -6.855963890633284263e-01 -1.506821196082904768e-01 -2.135173899968928479e-01 9.560134984800344737e-01 1.273648565721489767e+00 1.102017802734754692e+00 -8.181458076223032672e-01 -1.733104296107828901e+00 3.637397772448264233e-02 3.295160842491177133e-01 1.922052884207100965e+00 4.665225600683396423e-01 2.404323633683924932e-01 8.158582128053308846e-01 1.467524168433291143e+00 1.000488213226541356e+00 -1.064406343783653730e+00 1.672007721433124594e+00 -9.008886089614902559e-01 -5.485710811617711125e-01 3.220337235928516072e-03 2.600812073152097836e-01 -4.703743896478007058e-01 -8.678517850720568472e-01 1.851873991841486822e+00 1.004428630023406654e+00 -7.765542812839025810e-01
-2.070887632089177255e-01 5.328210149417794694e-01 -1.487275550512987099e+00 -5.420744354189448444e-01 -1.460488056727673900e+00 -1.379808968288205595e-01 2.903725409376177735e-01 8.656499804680510557e-02 1.675053527427245559e+00 2.558758531759690036e-01 9.607602120781116861e-01 2.446682918145420604e+00 6.444858156757063972e-01 8.654174657633209033e-01 -1.123747364007489979e+00 8.666227426195827199e-01 -1.572652408313464978e+00 -7.459171532861832987e-02 -9.103540240053102639e-02 -1.591088169651484252e+00 -1.467798081488406625e+00 4.408266094622025344e-01 1.049912778116643686e-01 2.194087713977707632e-01 -1.345404989484001002e+00 -5.193646673892602372e-01 1.537986161197178181e-01 -5.206949861341662045e-01 -1.269002469396171007e-01 2.056851968551572263e+00 -2.218230261916734614e-01 -6.076161849494049472e-01 -6.126415379043158305e-02 9.645158668112868705e-01 6.935091252881968593e-01 -5.795833453847707428e-01 6.394686211901446926e-01 9.186284325394163952e-01 -1.979271671714042183e-02 -1.001085194683027479e+00 -1.070033524719006257e+00 -9.688214384457703721e-02 1.503784139355520466e+00 1.417655998532843853e+00 -7.948876243992002433e-01 -2.458056860806145938e+00 9.052494645303577059e-01 -2.012516100536936747e+00
-4.772139199254914893e-02 2.373846857665744992e+00 -1.499172586071693347e+00 2.924045719167411295e-01 -1.530650344613633917e+00 -5.371824365267870993e-01 -1.675704146285025148e-02 -2.253862499712952494e-01 9.382388611741249163e-01 1.053656641466516497e+00 -2.487663238301215607e+00 5.239407188255346126e-01 1.581042600115385666e+00 -8.330080063649542010e-01 -1.409753110558281675e+00 2.527409484668482476e-01 7.803148719189326732e-01 3.165019507954339728e-01 4.477665264475151896e-01 6.778724820143705587e-02 -1.463577293144180391e+00 2.063849719933711080e-01 9.073878980918451687e-01 1.015252449678036184e+00 6.051305001676117179e-01 -1.189102634922570623e+00 9.622375004360138595e-01 -5.346370839546572551e-01 -1.405318400672487478e+00 -2.484421175904798496e+00 2.923575255714224164e-01 2.794179643286042181e-01 1.000617640049140666e-01 5.516085804509254231e-01 4.263063350309655164e-02 7.751010864938628897e-02 4.942134782818329297e-01 1.287561389344375806e+00 1.954831285461122059e+00 1.358898868398198401e+00 -1.596516552717111015e+00 -2.918584826653748410e-01 -6.895093791668584216e-02 3.433691239456292954e-01 1.404773884028662545e+00 1.959452202316730007e+00 1.987357738824285125e+00 -8.768339653757716290e-01
1.068145733882120085e+00 -1.589622517630413512e+00 4.780027763335857327e-01 -1.508038754597675446e+00 -1.954106824389144625e+00 1.380844053049837539e-01 -1.756986318080124398e+00 -2.311064872654651839e-02 1.040829390664223419e+00 -1.260233200851703206e+00 3.451833362116562554e-01 9.264459138846579123e-01 -1.950551795107246855e+00 4.900632945545530528e-01 1.760873823750030431e-01 1.037890450386612429e+00 8.813878915122086433e-01 -9.261821706770941853e-01 6.314669526256427856e-01 1.236141790823245268e+00 1.861627548282697442e-01 7.793887055577503054e-02 2.282333897008077261e-01 -4.070443765046102835e-01 1.270678380328069679e+00 9.782152585732837302e-01 -3.253226284075348973e-01 -8.902048805700897294e-01 1.569683716562685627e-01 -4.395614791057813053e-01 6.394162480470183541e-01 7.554519504734489299e-01 6.728359541619812756e-01 1.394318710732753930e+00 8.946108825613337256e-02 1.504637286103286176e+00 -4.246631967852123463e-02 7.522577736456278474e-01 -2.022850810404504873e+00 1.315145128460124990e+00 -6.784758515405794332e-01 -4.221420776927639618e-01 3.502684771666030317e-01 1.125628116169149706e+00 7.078296373305463796e-01 4.789729111739644551e-01 1.954473659655785178e-01 -7.875324737997183577e-01
-8.527738635856161320e-01 2.369021716496125141e+00 6.230902167053814500e-01 -1.651771027528287084e+00 2.094966618906034250e-01 -3.180795446184473962e-01 1.578774237067588626e-01 -7.943411455808017108e-01 2.665665719074691520e+00 6.043081047883330781e-01 -7.013848901306921624e-01 4.564446006844781745e-01 1.010478690622347520e+00 1.243274650791257763e+00 -1.103747528695502578e-01 1.559113398368015546e-01 1.526522624761935884e-02 -5.826194252694542053e-01 -7.582670628173109328e-01 -6.370025434500349582e-02 1.572058994973845492e+00 -1.365039235689406327e+00 8.900080902343281419e-01 4.643246027577168644e-01 -8.332325882541240514e-01 1.274975013684202407e+00 4.521995640749717493e-01 -1.012976669197799273e+00 1.218775697393132518e+00 -8.328935809194981665e-01 2.785321418324447351e-01 -1.085123799698041180e+00 -7.631962177767989131e-01 -8.271515158219703290e-01 -3.277779029759093216e-02 3.138691460915346565e-01 1.056331030633991030e+00 3.288854149343576477e-02 3.933266734719132462e-01 -3.309904196255221143e-01 -5.428174103728562461e-01 -1.932197185697996256e+00 -1.515458658923730217e+00 -1.488218833799389573e+00 9.872807175879345642e-01 -4.944530049335902344e-01 1.430608262179958456e-01 -7.904680274383346639e-01
-1.807530517109955381e+00 1.431420099003987589e+00 -7.683355681274002258e-01 8.706423621449735362e-02 -3.192298599638451195e-01 6.996244693610818022e-01 -1.777449841263562869e+00 -4.521024130650485029e-01 1.130876754434600562e+00 -4.900317824556785218e-01 9.533662089493966096e-02 -6.843909821469795762e-01 1.837679891290395329e+00 1.525976039568124554e+00 8.417219701371291274e-01 1.541676238415155831e-02 -1.303204595001990207e-01 -2.025974354607436023e+00 -1.340746787898535075e+00 3.132105805199903448e-01 1.266430248349550425e+00 -2.793767717802699280e-01 -8.592111769289555445e-01 -1.632881527862032778e+00 1.540777430133134729e+00 -3.460302285581060011e-01 6.380661384461573382e-01 -1.474727934423846420e+00 -1.781983182798153820e+00 1.417791628384340585e-01 -3.413879994467193795e-03 1.456855945738543934e+00 -1.754800223633549594e+00 4.888321309749865673e-01 3.522245617306396515e-01 5.977304081167348349e-01 -6.315189185879570566e-01 4.450096550913085203e-01 -7.980820956558057899e-01 3.823916940619673799e-01 2.326258650663339367e+00 3.060070040231342436e-01 6.402262781987356766e-01 -3.422809271419714056e-02 -1.018828404395454301e+00 1.653705818847504005e+00 -7.657967519682804536e-01 7.465083429521728320e-01
-1.107468713424683004e+00 1.011166210473436744e-01 1.164810538404761120e+00 -1.033805825276170598e+00 -2.290096362554095710e-01 -1.445806380705420224e+00 -1.834759233998437544e-01 3.610112517730343917e-01 -9.266145385339610296e-01 -1.230258224177906534e+00 1.929254843452666290e-01 -4.947725063237829457e-01 4.828652513748630248e-01 1.528294781874515618e+00 1.155328224327524911e+00 -9.793770226115673383e-01 -3.720160647796886821e-01 1.698052025748080229e+00 6.190594443944575920e-01 1.052466392886874491e+00 1.062473862590783691e+00 2.438567298864966926e+00 -2.797463955472191954e-01 -1.897855222267372799e+00 2.421032536415016756e-01 2.559522045094467235e-01 2.538789543721066133e-01 5.093063508301172160e-01 1.492805220005005928e+00 -1.334978006949174789e+00 1.640142004477834758e+00 -1.648050458798875073e-01 -1.412906534789971635e-01 -1.457004831217864727e+00 2.105588887330476500e-01 -7.590327605163447178e-01 1.998775907697878385e+00 1.689084251850889867e-02 1.014513085253263336e+00 -9.848038471345599287e-01 5.776946609806692390e-01 8.988601656289135766e-01 7.307810085676552658e-01 5.973474357552200908e-01 -1.878468297902428308e+00 2.010442269317476605e+00 -8.565786019988125277e-01 -1.418880734463464188e+00
-1.151776834164141672e+00 4.369832317677266875e-01 -1.218421497166821243e+00 6.742595610899223546e-01 -3.410683730625885812e-01 6.029441308776356534e-02 9.532608304853380510e-01 6.564448306164714086e-01 2.824602837269409306e-01 6.125936344213464002e-01 -3.231503122962423036e-01 -3.492348289376429049e-01 -2.022137159427366271e-01 -5.481437883020550128e-01 1.709738054163209231e+00 1.277369384161900934e+00 -5.433041729725189839e-01 -3.639717969996515978e-01 2.481415284428966361e-01 -8.767404481244130132e-02 -8.176889696895845994e-01 8.378444461426428624e-01 -9.990141440918554050e-01 4.839970410207345419e-01 3.150228699456805725e-01 -8.639679851556323342e-01 -8.425009536460883464e-01 -8.301506468110589343e-02 -7.002895411715671647e-01 -8.699705861549959784e-02 3.721902109059054831e-01 -4.484853126558677738e-01 5.143168310876963245e-01 4.413413413889693548e-01 8.496907363670797020e-01 1.512331833366975298e+00 8.075026172824384396e-01 7.075109345718730847e-01 -1.056575336533901677e+00 7.409584807098954506e-01 1.577175741778873652e+00 -1.538604380572851982e+00 -2.421074938178189792e-02 -1.207389232493886189e+00 8.841584590465386695e-01 -1.058048662244604365e+00 7.455728897062556815e-01 2.464510049020848248e-01
-5.809311510339865148e-01 8.878076691918819208e-01 7.876164879903743143e-01 -2.935685758684535851e-01 6.028102650693581976e-01 -2.005042293583959356e+00 -1.040076496980690157e+00 9.342619072113814704e-01 5.756423585094510020e-01 -1.111694243430315199e+00 -5.941332861224408735e-01 3.475900392621717461e-01 -1.783244821321655904e-01 2.000748294935251193e-01 -1.881760229982148147e-01 -5.475516905791893985e-01 -4.061293570390500131e-03 -2.046386246486548099e+00 -8.308830161788048618e-02 1.008503206165694444e+00 1.989085782638827959e+00 4.960215792382136057e-01 -1.508481227605914299e+00 1.673351382955487188e-01 4.824033649139936042e-01 -2.245502036861817263e+00 -2.702650222177789718e+00 1.367166590488517963e+00 -2.116821473692169775e+00 -1.305091723136361903e+00 1.963213860056980620e+00 7.944599419302318388e-01 7.912370081325153376e-03 -2.993776638514596411e-01 1.471841960593414100e+00 -1.064946913791620653e-01 8.462152169861182349e-01 7.210084630012823792e-02 -2.258969975504180605e-01 5.053594141357937719e-01 -6.633335516203235915e-01 -1.109927605543337137e+00 1.291033215006890167e+00 9.714982294635928772e-01 -3.272845296109094249e-01 -1.796557787919574045e-01 -4.156687470307855459e-01 -7.279835292066536567e-01
2.362987124730398791e-01 -1.285211452955787592e-01 1.338543638422319049e+00 9.176532359373038572e-01 9.230376379359934713e-01 1.152494375207685939e+00 1.589026374417387144e+00 1.777396587561785868e+00 -1.497103698119358617e+00 6.370002503475336031e-01 -5.333733368196645896e-01 -1.196915773608198563e+00 6.508282809150597314e-01 6.559935641040908205e-01 -4.578339810087694861e-01 -3.340359784014775291e-01 2.626232601892623530e-01 1.637952093946973831e+00 -1.731070447283317437e-01 7.832572796815541194e-01 6.948490253803835115e-01 2.375636696710288209e-01 -9.317198196605314120e-01 -3.726198574175670908e-02 -6.795827652216904213e-02 -2.192962515794986689e-01 -1.242536299907896352e-01 -5.334116833033060168e-01 -5.925479700448905707e-01 6.281917646071454309e-01 1.932074882000700267e-01 1.570781485022968438e+00 2.194613841989534464e+00 3.161294382382461715e-02 6.706026382024293797e-01 1.445385950845673451e+00 6.330428318725644932e-01 9.311540471820705100e-01 -5.549136077249484655e-01 1.001817828108880759e+00 1.341579844101505214e+00 1.077573821740209992e+00 3.386073233588257070e-01 -8.259066231788116941e-01 1.195891655632230544e+00 -7.095802217732887218e-01 -8.617010804328063545e-01 -2.614852924018127855e-01
-2.425057675195280982e-01 1.169600429142681586e+00 -8.175300868347965544e-01 -2.092797478585351367e+00 7.582209113418840463e-02 1.167028928148762246e+00 3.667062466589923742e-01 -1.885130368172340809e+00 6.460862773962798844e-01 -1.386723873847569288e-01 1.702359799601982360e+00 6.227039120694661811e-01 7.709678463968755446e-01 -1.544106443228239200e+00 2.432990078301346504e+00 2.158371045470063532e+00 -1.988408198113201519e-01 6.288518522800021771e-01 -1.318841783030343384e+00 -7.759378826655685679e-02 1.923583200505129265e-01 -1.205243077374747784e+00 -2.464874738140169705e-02 1.425623491639599338e+00 -1.751025969248961589e+00 -6.974360081825421442e-01 2.011264817158242291e-01 7.518414310453458427e-01 1.955544539181239383e+00 -5.726611810228023902e-01 1.188833880724597947e+00 2.986571089275926183e-01 -4.477996112324545419e-01 -4.314813701559735981e-01 1.193154300638646914e+00 -1.297935019707194271e-01 9.355531355772810365e-01 -5.233092473776749243e-01 6.505456957453721323e-01 -6.487694574122376823e-01 -7.521740699527672547e-01 4.556489479234206996e-01 -7.962428533174041867e-01 1.077421928298549103e+00 7.751939377468279879e-01 -4.157335156928302355e-01 -5.145001305084206944e-02 -1.554383136148220323e+00
-1.508105327134844797e+00 7.491338302885974798e-01 -7.194409136107426939e-01 4.062835361144564450e-01 -1.362534422529037836e-01 5.898392621313244266e-01 -1.624803181943224484e+00 3.270521155638479449e-01 1.151048360549004501e+00 1.161298880954450663e+00 -4.428627943967392011e-01 -1.921812824003784337e-01 -3.835388749447236623e-01 -1.155352990355635656e+00 8.755749651439710401e-01 1.401120837364819183e+00 -3.952949269595282256e-01 6.252351484495637379e-01 4.027462231352756938e-01 6.845600547086193588e-01 -1.084276286079340679e+00 -2.382600302319584973e+00 -5.503130417758126391e-01 -5.577210614489800378e-01 1.118402288984630122e+00 4.114645072910786960e-01 4.171297942247964574e-01 -7.789299375012597171e-01 -1.680723111215461030e+00 -1.439181591626501611e+00 -1.446372312062283561e+00 4.422782557481095278e-01 2.723669088548442918e+00 -1.489834518414422451e-02 -2.535791168510049265e-01 -1.067615489506964499e+00 -1.401158559312173923e-01 -7.952787404727404974e-01 -2.345841090763239656e+00 -1.086434561310949842e+00 -1.607944156065500785e+00 1.009853954682769173e+00 6.127912246424016551e-01 1.196285617804214996e-01 -1.342001808779528238e+00 -4.164439003393723415e-01 -3.502286511904909028e-02 -1.244042967824208867e+00
-1.997001165483590190e+00 -7.279332102265979598e-01 -4.418228728783716308e-01 6.074607967150970067e-01 7.542080895697532705e-01 3.553913111447565276e-01 -6.406579569337418623e-02 -1.184499855438096549e+00 -1.340889872456045628e+00 2.105001855034812852e+00 2.380744901975421879e+00 -1.163775339774270473e-01 -4.385564204640796104e-01 -1.654448465227050358e+00 9.322262098199876057e-01 9.155496827823963457e-01 -8.149916467690785371e-01 -1.489526393764950774e+00 1.028679291569035259e+00 -4.545945984441301935e-02 -5.104130978867305046e-01 5.490733849415384560e-01 -5.362968540077795998e-01 6.159688629907866808e-01 -4.874601992832234276e-01 -1.102618642375095437e+00 7.503656701561325915e-02 -6.031860262337316314e-01 9.045996242097882334e-01 7.905777541252670959e-01 -6.039225190028958412e-01 1.853883155094737389e-01 -7.680232075018588178e-01 -8.634132175869001502e-01 6.914130264748357124e-01 6.857657346018257716e-01 9.339354533876774722e-01 1.987368741893439816e+00 -8.778167715812205951e-02 1.699850985846403706e+00 -5.629613430044667632e-01 -1.289903270888790532e+00 3.156555163507224204e-01 4.294513427388238491e-01 2.561534145343261418e-02 -9.839533136852679496e-02 -1.016870379292811100e+00 -5.740405321460284593e-01
5.931296874979002931e-01 2.314622275405783802e-01 5.839650135779197448e-01 4.964521942239421559e-01 -1.129782408800275917e+00 -1.015211264634323651e+00 1.086760578378290321e+00 9.762057394877176053e-01 7.900311258920823532e-01 4.387264475420091236e-01 -4.155435220691819920e-01 8.927973016489479385e-02 -9.263731784753111986e-01 -3.072335754043595268e-01 -1.303803643897294973e-01 -1.002992236220044742e+00 -1.434990076298444939e-01 2.713114062732999709e-01 4.363418192005211887e-02 -4.808966061580280393e-01 -4.193343260275650408e-01 -5.971049787753879290e-01 6.742370425703312353e-01 7.969945863259429997e-01 9.839126848693899863e-01 3.122324559203297767e-01 9.790343480561977119e-01 3.008909682419937393e-01 -1.789835769585654157e+00 -6.305547982323556067e-02 2.104565350241446586e-01 -8.751613110592211253e-01 -1.027020060318210692e+00 -8.207635482228410329e-01 -6.276588687426775115e-01 4.187593490711746247e-01 8.753991959286084867e-01 -9.290003870284466170e-02 -5.146605449947661004e-01 1.768966450077607888e+00 -2.469956756207655424e+00 -1.019784191333212631e+00 1.810074973452836300e+00 1.033513845818354149e+00 -9.172175517669661771e-02 -2.679865947154450367e+00 -1.918150272264160572e+00 -8.109530778613743829e-01
2.078013497680102795e+00 6.098959737063672781e-01 -7.223425540719308202e-01 -1.215415366148595355e+00 -1.159781073218326686e-01 -4.080949426425083126e-02 -3.220067660610344551e-01 -2.158289604734428546e-01 4.048857471396448693e-01 1.988777909085838180e+00 2.673575609916700041e-02 -2.161196700650478864e+00 6.995771748876544738e-01 -4.573892059729236514e-01 8.943613552102496200e-01 -4.833460131219862177e-01 -7.497163071430321679e-01 4.037133576557639936e-01 -1.411078787103625665e+00 -1.701036492665660260e+00 1.709222573455291827e-01 -1.997939078496375087e+00 1.336207798515575362e+00 -3.867974817476549920e-01 5.233163558755449252e-01 -5.775000051390910549e-01 8.812796819184491870e-01 -3.450882524837010079e-01 -4.244374458382766391e-01 8.774086663064804004e-01 -2.364134836761908165e+00 1.000826035917908641e+00 -1.556234214423739326e+00 -9.062194169732227245e-01 3.777026414290367007e-01 -7.892168153263222630e-01 4.140298280583429857e-01 1.325272924985099854e+00 -9.040189907321342089e-01 2.114981601879757367e+00 -6.021096238160515979e-01 -5.142149060075362765e-01 1.783023311624058582e+00 -9.701319344655713606e-02 5.661174071248612633e-02 1.012078442623041807e+00 1.408679502480595369e-01 -5.697300376437148817e-01
-8.024031242440995415e-01 -2.510833702311557891e-01 1.686873757977961796e+00 9.526674988333865279e-01 -4.162618619655196750e-01 6.613759814583811680e-01 -1.463550122569452938e+00 -9.981130207048863334e-02 2.191919701281784150e+00 3.502936735011578095e-01 1.531689458897834255e+00 2.959400345009263189e-01 -1.447231550266011801e+00 -1.698319509502681735e+00 2.615057190921120656e-01 5.924975508012623321e-02 -6.455451638537009762e-01 -1.167443838034727843e+00 1.305832929269911569e+00 -7.519697484078853300e-01 -4.314354235574721086e-01 -1.970959722357372990e-01 1.664160484471342905e+00 3.320565562251478475e-01 -5.816408036842698470e-01 -7.983292743094984323e-02 -1.854633163386399053e+00 -6.497531144093290356e-01 -2.722203674078096935e-01 1.997183552410644491e+00 8.671495786807804640e-01 -1.020613878793990459e+00 -2.410913962996684701e-01 -1.998018921508679657e+00 -2.159632724156127725e+00 -1.013731943170576022e+00 -1.483200394968365421e+00 3.002788263249588363e-01 -1.113111393168387364e+00 2.170216232289550629e+00 7.941413341180107721e-02 6.662429235912963321e-01 1.665318904210334461e+00 4.453229951610426784e-01 6.667513395795545694e-01 -9.589877074840290616e-01 2.581990961030128928e-01 6.381858961876794023e-01
-8.277765317704204318e-01 1.021308727317369991e+00 1.300884194074464872e+00 -4.861251608705947080e-01 -2.704606302621348490e-01 -2.865324522746867109e-01 1.055157879720439063e+00 1.274614599988886710e+00 4.428286567360281145e-01 -1.556739340539561867e-01 -7.228027992066710095e-01 -5.991831972137660889e-02 -9.176570733327690244e-01 4.104807219711282262e-01 -1.229510428371131114e+00 -1.222253323659714397e+00 -6.493793134373039289e-01 -1.372860554627444385e+00 3.216360132459040178e-01 1.892094201792746011e+00 -1.101738064806950385e-01 2.713084093582416312e-01 2.451501421869682229e+00 1.908198634341706112e+00 -5.540557732372453775e-02 7.319335651556385658e-01 8.728904702348064815e-01 -1.693510453823850792e+00 -7.221476944618078486e-02 7.095206324049269098e-01 1.694636628019928315e+00 1.109049202831632108e+00 -1.491352769135089851e+00 -8.027204033814413497e-01 -4.878301470969653719e-01 -1.728131447863423320e+00 -2.763379040133983056e-01 2.008427618000116599e+00 -9.912030438648256059e-01 2.180367259369470290e+00 -1.322466794427175296e+00 5.988922862034863348e-01 1.075669405301894255e+00 3.753339501535480349e-01 4.919692462661502397e-01 1.915470955880014259e-01 1.640664012243791436e+00 -1.759247368433179970e+00
-2.279042451794997426e+00 -7.529671753231076403e-01 -1.664897786769152788e+00 7.236839729315442948e-01 -1.789584954670046191e+00 1.708665271352176607e+00 -2.493351433274464124e-01 8.272811304083842465e-01 2.395715039137298885e-01 -9.005789083466755884e-02 -1.535893925176162467e-01 -9.499636191420076647e-01 1.496390312853221216e+00 5.730763256416702145e-01 3.581866884023361397e-01 1.760500203727866309e+00 6.797938359871290581e-01 -1.198968556214016434e+00 -1.154560270170558400e+00 1.349330103140508053e+00 -5.579168465727917248e-01 1.486572341559514898e+00 1.470852616695490056e+00 -5.981606233016530105e-03 4.837548651538070010e-01 3.867154219940063808e-01 1.723472647919854772e+00 -5.566767960787384617e-02 6.768043010063736764e-01 -1.160395486538759346e+00 2.451330395493701297e-01 5.690752006397191698e-01 -2.297699347538040004e-01 8.877254866684554102e-01 -7.068407620010386250e-01 -1.201991594156802901e+00 -1.649452838255171194e+00 -9.330448855022839272e-01 -1.606568828806368865e+00 5.757586729257898606e-01 -7.653632748231995464e-01 2.064792470745701724e-03 1.110789245344012244e+00 -7.990123212261925900e-01 -1.362246980106808003e+00 9.485836639446815211e-01 1.762529088413899991e-01 -1.019500361950460565e+00
1.267530646635544045e+00 9.188897599833124596e-01 -1.125444478107447299e+00 1.095331622381148895e+00 -8.142883836448570056e-01 2.430567253590439236e+00 -1.633945806752882479e+00 6.378174253368789071e-01 3.032273961157758269e+00 -1.572134820917299391e+00 -1.099754731478783110e-01 -2.602545599626845396e-01 1.995426069834310145e-01 1.880220162086527536e+00 -9.673655439409661883e-01 1.274387263620806898e+00 6.609646659261365909e-02 -1.638084804934562655e+00 4.255222546069515471e-02 -3.183882266137016415e-01 -7.693671470251915549e-03 8.774714118661959272e-01 5.588126134465117856e-01 2.528665156485732091e-01 -1.198364171029079550e+00 3.256555234913117713e-01 -1.341273352336333602e+00 3.236112838713121609e-01 -3.085517218935997175e+00 -2.069537071213471691e-01 -1.615749597019629169e+00 -4.035594530462912055e-01 -2.915532816020949824e-01 -4.905817908276814410e-01 9.270248242923126991e-01 1.308858225674372489e-01 2.358645480370004099e-01 1.499730882068342375e+00 1.520120127505168117e+00 9.226892670483068937e-01 8.505152060072349585e-01 2.517760345098440378e-01 4.163156732744637267e-01 3.163978230661586566e-01 5.252829068414989200e-01 -8.726987432263084710e-01 1.054954622827766642e+00 1.010367443945736854e+00
-6.312939190016125801e-01 -1.022471801845525885e+00 1.952998469592152508e+00 -8.268537050643510744e-01 -6.616073645518392166e-01 -1.420675135302230940e-01 -3.131347196382905929e-01 3.289836441555769042e-01 -3.274187522568791642e-01 4.279676479221690699e-01 -5.151211656825173402e-02 -6.729136564530349141e-01 5.970856857844284403e-03 3.079822398750065582e-01 -1.456264984408246699e+00 -4.273581023217905561e-01 -1.413176924227325382e-01 8.620134623444540845e-01 3.054960142957552360e-01 -6.930182525054284781e-01 4.090425569638172498e-01 1.000390180514508343e+00 1.660473166060543182e+00 -1.684054681149849353e+00 4.775926435304457818e-01 6.776561594907989372e-01 -1.881575349532549346e-01 4.726322711796869802e-01 4.775090231714672062e-01 1.643017654082832069e+00 -6.341255119342001367e-02 -2.260132031776901362e-01 -1.655303870420643808e-01 9.417090582103077034e-01 -5.304325802964313663e-01 -1.103445033446768475e+00 1.015618108951633625e+00 -2.153155489970611514e-01 -4.619103631592095735e-03 -3.655295540121739628e-01 1.670152126086322353e+00 1.723419743854157637e+00 3.562523044724965615e+00 -8.036047454960844050e-01 -3.871155525961424426e-01 8.860234427271745927e-02 7.645826503229108395e-01 -1.346529362567508159e-01
-1.882134205791586634e+00 -1.439385425121489925e+00 1.127068441226724699e-01 -3.691283625182720129e+00 -1.700276759658601256e+00 1.354512664811715617e+00 1.084842089255945163e+00 1.427652828243550553e+00 -6.183521344366879058e-01 1.741894348876047161e-01 1.068259810940908494e+00 5.674395800243255961e-01 6.334986871948687648e-02 -1.824423187187142803e+00 1.908407886743974213e+00 -3.085836829103647538e-01 -1.210864692424834299e+00 -7.156405482429647469e-01 -1.267555090117209238e+00 -6.978578688421113174e-01 1.246609807396886538e+00 1.108497363383646572e+00 3.796053219195429373e-01 3.494843315841412168e-01 -8.582059603089564614e-01 5.065898295941259066e-01 3.446200253160908167e-01 1.945269968294167651e-01 -5.743146802120767669e-01 -8.343145419123546569e-01 -4.613196737585399387e-01 3.147144592807943897e-01 1.394799686471581035e+00 -9.654885711801420856e-01 6.280855925833560977e-03 -6.051837525325582945e-01 -2.454952595502106760e-01 5.623728782765264889e-01 4.746491070690376235e-01 7.212668278955282342e-02 -1.630409675549458148e+00 -7.655589788712275912e-01 -3.102177228794142025e-02 7.313477505218479724e-01 8.958991554106359168e-01 -7.951109216167149274e-01 1.789121746959096537e+00 -7.112409172349480613e-02
1.570183079572405882e-01 -1.543642370949251941e+00 1.615785353527645851e+00 -2.327315139950125733e-01 -1.076547317339747734e+00 -5.282077588371223431e-01 2.291423841938265149e-01 -1.856332946765666958e-01 7.118539520180400260e-02 4.780303164117629677e-01 -1.151936233867062898e+00 5.252459095237462794e-01 -1.821192785114359725e-01 -2.423663548816023736e-02 3.605401660914248074e-02 2.344631954091354054e+00 -6.158578937841046042e-01 1.195496844598257891e+00 1.234669767353494763e+00 6.548777386366797515e-01 3.221140773717916517e+00 -2.502692613140658495e-01 3.841008420843118887e-01 -6.285270464834635806e-01 -1.587945962934744992e+00 -1.302827605977980197e+00 8.402367492393409965e-01 -9.389459598499697579e-01 1.888953769535856031e+00 9.199095372831054274e-01 -7.095576424291824003e-01 -6.287887565206098373e-01 -4.601499707304120279e-01 3.760537704417746263e-01 -7.196526736525080126e-02 -1.740066057092142654e-02 -6.208009598998955880e-01 5.762272301533489793e-01 7.771424012519282387e-01 -1.658806327049960672e+00 9.026586851876991502e-02 -5.106037224357633519e-01 -7.038513225793957030e-03 -1.441199268674957068e+00 -5.250305884532471268e-01 -5.086336143460115089e-01 1.557637874805564815e+00 2.941039513716347045e-02
-9.677979355759084301e-01 -2.380275930124621020e+00 -2.629008452775554727e-01 -1.076981914406636598e+00 -2.270221679244169288e-01 -7.382045768860417967e-02 1.695856867406637103e-01 1.213765838587797852e+00 -1.213575178865076154e+00 -1.156830255079575043e+00 -9.025827773078708427e-01 -7.251370464428256168e-01 -7.819157389870599884e-02 7.452264765575185024e-01 -1.243034637941003107e+00 -1.581481684388884368e+00 2.277637514085448789e+00 1.415527271574720247e+00 1.430541933281311850e+00 -5.763718807736956107e-01 -1.408472516910939776e+00 -5.869166629343026687e-01 4.424281654121449137e-01 -1.724818981349390823e+00 1.328799764911131609e+00 1.629615084190273899e+00 -7.248309954840463920e-01 -9.393821096315226882e-01 -1.373728736488792235e+00 8.980423838375538592e-01 -1.786004116205874293e-01 -4.784070702154168409e-01 2.134166603745507373e+00 -1.873463989893025872e+00 1.746795745949049516e+00 -1.242451748038557874e-01 -1.380201172244230057e-01 7.031254334950089169e-02 4.391468265654489000e-01 -3.742695173195374064e-02 -9.672083501744570544e-01 1.418793027644422056e+00 -1.516318641687152855e-03 -2.993891547623150351e-01 4.228663013295268225e-02 -7.813487911722054660e-03 1.120601411738081588e+00 6.627197488435475348e-02
2.499716884643348735e-01 -7.260623209263105116e-01 1.626965202440703973e+00 -4.743001910165562385e-01 5.439680261084092194e-01 1.075614106487425392e+00 1.003369010288978735e+00 -3.084740515557429230e-01 -1.624430459544292660e+00 -4.071346220209170336e-02 -1.322008019640038556e-01 1.163460169752517981e+00 -1.246333749139320712e+00 -1.578282717423320047e+00 -2.274626179442025720e+00 2.355521761556289284e-01 1.917157378969326365e-01 1.248000151646911027e+00 2.375779208562970535e+00 1.044330212662998997e-01 7.173872337479371142e-01 7.764824442030161533e-01 -3.883252068706792293e-01 9.752487495130354178e-01 -1.541155177799168774e+00 -1.003026467600713900e+00 1.077236871435135468e+00 -6.421284162000180651e-02 7.291338855177841305e-01 -1.055591432203103697e+00 1.515015425753399869e-01 -1.088189665461932520e+00 -3.336911459380971223e-01 -2.553471201223068476e+00 6.831159678022438175e-01 2.214606429825557665e+00 5.585226030831506039e-01 9.095297266058208208e-02 9.946059565695529736e-01 -1.698444742864837043e+00 -3.079820760429998749e-01 1.124989108323540377e+00 2.338370553306672039e-01 -8.692472195003869695e-01 3.149717894391337314e-01 -1.608516749828210191e-01 7.023630786466854292e-02 2.444922077550812367e-01
1.014628946673489018e+00 9.901345107302871318e-01 8.238135251217616473e-01 -4.901236885901232854e-01 -6.075575012078919812e-01 -6.097152110109321788e-01 -9.018962998794659569e-01 3.612368921449273240e-01 -1.372584672099153580e-01 1.252370396343453374e+00 -5.157484688511977389e-01 2.383898316029809533e-02 -3.504296023832195739e-01 -1.560484940122545572e+00 -6.958996632423227746e-01 -2.008126164962241722e-01 -2.830969261115358071e-01 -1.864443076820748724e-01 9.429160176553036399e-02 -3.043333075772858276e-02 9.938844260654573493e-01 6.679600489508178418e-01 7.942771948391756931e-01 1.385414863079487179e-03 -2.865317739476122005e-01 -1.291493034656280292e+00 2.717936402364816775e-02 -3.141306629255371519e+00 8.070064225912610967e-01 -5.467734916549845670e-01 -1.920497068453128064e-02 -8.282728791937477020e-01 6.764226323105646532e-01 -8.023428487873617287e-01 4.400878213648666826e-01 -2.731986467168676658e-01 8.270275239534770340e-02 2.096176224832970281e+00 8.667754756340341205e-01 3.533257493351946166e-01 -6.952459690504646517e-01 2.536710872417184959e-01 4.556938199652695864e-01 6.381959860750112679e-01 -9.130342469655501336e-01 4.983040636194142614e-01 -8.797797771327910965e-01 -1.769422913720334820e-02
-8.609891833073133327e-01 6.168169112371981733e-01 4.494299290315134643e-01 -2.412091216264143356e-01 2.701384061616686205e-01 6.557494292286341064e-01 1.503232767527639402e-01 -7.189181645793465414e-01 1.507560302204353109e+00 -2.029163751558586692e-02 1.714470155788359929e+00 4.297968084595812366e-01 1.743207869557736212e+00 -5.683662682645640452e-01 -9.310338970226524069e-02 3.465989764806292617e-01 6.236054974224308767e-01 2.175286581204630421e-01 -1.212146897447237803e+00 2.367999046271744401e+00 1.893300097138911120e+00 -1.565478567831310341e+00 4.804699235687761028e-01 -5.571892151250709135e-01 -3.112127259930883572e-01 1.533196073295360451e+00 -7.755997002186636458e-01 1.157858414455325696e-01 1.399959047292368419e-01 1.531209737029667561e+00 1.567056471197057210e-01 1.486355064740177978e+00 4.816273237905032145e-01 1.012298581312988555e+00 1.873685441132516560e-01 6.111754522395720368e-01 7.537101880248906483e-01 1.206566877763810774e+00 1.243122878556745858e+00 1.272975841952769027e+00 2.542336035552276718e-01 -8.203308851084045727e-01 1.033300914076920263e+00 -7.325164242752792987e-01 -6.276102629384415765e-01 -3.423529253142733042e-01 -2.028986056096991675e+00 -1.257239666189865268e+00
-1.339100034907946934e+00 -1.010012409917268317e-01 -1.111549741643276468e+00 -1.119682147731598576e+00 -9.494275659244983956e-01 -1.304596703765996124e-01 6.061058182191283450e-01 2.319701506785276368e-01 -9.102320934572218913e-01 1.530870217859251481e+00 -1.713957249319188580e+00 1.406008542841503672e-01 4.922011695138424625e-01 -1.483612489561508374e+00 8.288889580178065986e-01 9.201247508766981220e-02 1.735208471365857763e+00 -1.548789141878160969e+00 -5.950680107356149939e-01 6.667974078551487382e-01 1.894102639722927695e-01 -1.836061252402346744e+00 6.221151718253788987e-01 -6.715527354412683669e-01 -3.077138953726802906e-01 -9.738988174309449741e-01 -8.260897327265054324e-01 -1.473908692448453461e-01 -1.206465106270957266e+00 -7.841262071334103023e-01 -3.909078518116699263e-01 -8.913136677946730257e-01 -1.828497228471365477e-01 7.035333214894559095e-01 -3.390736640818759473e-01 7.952619270155334430e-01 1.098140216041776585e+00 7.083481700515618096e-01 1.573512798731076190e+00 -1.244278609608654662e+00 -1.447476392189183392e-01 4.738651232441092320e-01 -1.867822343377855965e-01 2.197910825093847276e-01 -1.309133816416299494e-02 6.495638660158853384e-01 1.062954759811713945e-01 1.591193162692558172e+00
-1.076866728811167517e+00 -6.768293925079901241e-01 5.774347373371494507e-01 1.403333191169269467e+00 -8.779931375658091008e-01 -8.582684013126287148e-01 1.598679035583590480e+00 4.657570714406547574e-01 -8.551374701482199470e-01 -6.894700170294159047e-01 1.892769916536908736e+00 9.383323950007214087e-01 -1.464766320617753859e-01 1.273486410022164339e+00 6.316103753736946880e-01 6.503716179164140132e-02 3.868885682439908713e-01 -2.621066837848765041e-01 1.816057390529034921e+00 -1.940044755479415281e-02 -6.539453871975287047e-01 8.361202331070631821e-01 -1.404963715757274745e-01 -1.599186041209987641e+00 8.119589253926766670e-01 4.638556247296688473e-01 -2.850972790721671979e-01 4.075547283170395940e-01 7.337400332011735360e-01 -2.761050325798867888e+00 -9.398417416976251326e-01 -2.178426425970529101e-01 -9.562494007360018422e-01 -9.420370108984282842e-01 1.046601277046958905e-01 6.396973878714994344e-01 -7.415006079613789547e-02 -7.516519013402788163e-01 -6.957023693750998827e-01 -1.225389569868939210e+00 8.792646663628814752e-01 5.166134844671806808e-02 -2.370054627238927569e+00 -1.351817100726444565e+00 1.763076599264011279e-01 1.655680039711128648e+00 -6.161204193473711621e-01 2.373524356452844319e+00
-5.367217008975270209e-01 1.374580292193088304e+00 2.383048350208145649e+00 -2.224490115032849769e+00 9.009293840355266925e-01 -1.498293974590270972e-01 -7.482162869846759046e-01 -8.652921254407387741e-02 2.253688019527423092e-01 -3.104616291615632240e-01 1.822169728455904081e-01 8.852411470052905518e-01 4.175156755681712628e-01 -4.868174776860644259e-01 -3.025531791186104880e-02 -2.618676686876397763e-01 -7.327747513706669436e-01 4.318022545705361148e-01 -1.693017725697812281e+00 -4.087526008853731296e-01 2.155996636123324872e-01 -7.017300218888971042e-01 -8.062474553107005226e-01 -6.946856535840614799e-02 -5.690066078506610392e-01 -7.785273532586431955e-01 1.668882915063891526e+00 6.253969649235437966e-01 -1.118609714230606178e+00 -6.042335521039150503e-01 3.493422761534471510e-01 1.282505052525388489e+00 3.296214609385465510e-01 1.435060134853137992e+00 2.237416353270800240e+00 2.930859646241659178e-01 -2.372985135592030059e-01 -1.577383921830148417e+00 -5.543609144493935048e-01 -1.097264820257970452e-01 7.537035026312207675e-01 8.769381536998546167e-01 1.127010884915267547e-01 -1.688625246870391505e+00 -2.530806568616914554e-01 -3.594841344364358426e-01 -3.285894149133616327e-01 -1.267771802768582701e+00
-2.674228493087575043e+00 8.033704730120421189e-01 8.573199087295815257e-01 -5.704115824646041610e-02 8.556448012552548832e-01 -8.834282119552890888e-01 -4.716895983346310883e-01 8.582329366876088050e-01 7.024727313176407639e-01 1.192952909372382742e+00 -1.406813559156087634e-01 1.266043865951611114e+00 8.535050621977223750e-01 1.482803551182495794e-01 2.015161904792186043e+00 -3.395323346702461831e-01 9.630446786765208822e-01 -1.463266112738163427e+00 -1.119490605519813720e+00 -2.218884390826999509e-01 7.415226369416434427e-01 -2.548299475102500100e-02 6.473286586874528181e-01 -7.496682836177297471e-01 4.947808588861315471e-01 -7.874729747339201946e-01 5.769238404043011137e-01 3.294659974998698226e-01 1.006509808620118518e-01 -1.655861122485841275e+00 -1.110437878291556046e+00 -5.151629778190390807e-01 4.226720257400586878e-01 1.539520850971170196e+00 -1.271312184612930496e+00 4.559210282823129567e-01 1.129001610482786688e+00 2.402541108033407480e-01 5.185604203868283690e-01 -7.631209230099037510e-01 -2.553357048169880433e-02 -7.780321331016888387e-01 2.589330744539674600e-01 1.042737382177595651e-02 -2.981556825276877376e+00 2.380529538671175338e+00 7.044927350168015412e-01 -9.244798313586440885e-01
2.057556021211129238e+00 8.614369718976444545e-01 -3.529128310350982539e-02 3.858009094350868251e-01 2.827692426860141106e-01 1.488461374334135723e-01 -2.218713706689476317e-01 7.690960427260117305e-01 6.026005055499948915e-01 1.608064682573056459e+00 2.447834008080011614e+00 -8.323337098250386257e-01 -5.862710799249726268e-01 -1.238236270718848120e+00 -1.078923814137249249e+00 4.779380747243765909e-02 7.627116178061050800e-01 -3.832684372328475364e-01 -1.238434191236974957e+00 -1.132495243494800130e+00 -8.796443067765422619e-01 1.320378970891254555e+00 -7.845980700334475033e-01 -1.919192911050257022e-01 -1.373004967062861237e+00 -2.446076042467463033e-02 8.635898066416416441e-01 -6.307460613959031681e-01 -7.644053235472697549e-01 4.178236601857031052e-01 -2.448749741368285437e-01 7.493489880940759074e-01 -3.273423633542929534e-01 4.254894478846714678e-01 -4.438050274250216476e-01 8.232121296481915984e-02 -6.198173869623893051e-01 -1.478969467341991306e+00 6.428910208715618024e-01 -1.813635083401220482e+00 1.663009985929790879e+00 -1.320523147536941222e+00 -6.408091324805041678e-02 -1.597901400729353050e+00 -2.345529836544653079e-01 2.137283081223717129e+00 -1.767690811102530679e+00 2.226329728802035612e-01
6.354168515622842239e-01 -9.932268743748878803e-02 -5.184007287090003357e-01 -3.903945553515524858e-01 -3.975766554051765045e-01 6.019692436828003590e-01 -3.210505227741316525e-01 1.272464475721438282e+00 1.572364784806821181e+00 -6.810672886467290521e-01 -1.774613643700880816e+00 6.001182129062678783e-01 -6.398666706907014667e-01 -4.829336612098046322e-01 -5.091349140283291108e-01 -1.999672223067404664e-01 -1.761337117296065125e-01 1.236580535196505348e-01 2.037169274324370505e-01 -6.724887458949225794e-01 -8.591417842566914098e-01 9.329047857355469153e-01 -1.515978771793841107e-01 1.188364211139476989e+00 -1.005556656940997495e+00 3.742209355760914846e-01 -1.723270878221896396e+00 -2.063561768309139788e-01 -1.387663268339676348e+00 -2.188174681547411585e-02 -5.532747457361177901e-01 1.948872087082574867e+00 -2.004447964225684053e+00 9.964194304479064013e-02 -6.507420259381551109e-01 -3.046080708062078313e-01 1.112765151275304926e-01 -1.585712115938325173e+00 1.445378193392300170e-01 -4.959934995205588990e-03 -5.801124955892162510e-02 -7.789038054546461032e-01 -4.446587878715021480e-01 1.194993888993054698e+00 7.541952496744138701e-01 1.598786096352702302e-01 -7.233795676438070643e-01 7.825585318328439621e-01
1.835676806541556072e+00 -6.905384802774676700e-01 4.813045104848647227e-01 -5.306421307521573816e-01 -1.019836686932367176e+00 1.086121507533010178e+00 -1.229355921417007336e+00 4.555351871450951662e-01 -3.972766558653122448e-01 -5.662871395881116099e-01 1.054582048502126890e+00 4.086276797963133700e-01 4.619259820018511986e-01 8.635536854136145468e-01 6.404326945062223386e-02 -5.835156776613964480e-01 -1.171073948239984119e+00 -2.864348170745609212e-01 2.578282968662622743e+00 1.312605286390935433e+00 9.310470479675279909e-02 6.596053559227949004e-01 -1.321169508705799522e+00 -1.596142044861734499e+00 -4.740779252354692108e-01 -7.469775087179452155e-01 -7.829950996867314217e-01 1.120230298365289645e+00 -1.954095500146218467e-01 -1.777657720114771633e+00 -1.297909656205446849e+00 3.155122130275894721e-02 -1.886637374024375396e-02 3.652742222949384443e-01 6.232991754236202331e-01 6.843148315423644990e-01 -8.173563424264727040e-01 7.843806272641271615e-01 9.761680630413325233e-01 8.565617952721424899e-01 -1.643468796048871861e+00 -1.352732627797045284e+00 -7.245428570790676259e-01 7.685222424516962025e-01 -7.375897856656786766e-01 9.575282006042180605e-01 -2.056775396388240695e-01 -5.348683858539717839e-01
5.310477377675908439e-01 -1.897384916696783996e+00 7.567351363829087907e-01 9.776127066965624168e-01 -2.581165681231384346e-01 -8.143276386864856109e-01 9.278710940347619784e-01 -2.383910160374764775e-01 -1.556857711176657943e-01 -7.736715524673922761e-01 1.034816889818271246e+00 -4.067497190106458271e-01 1.402419740728606756e+00 -2.056841173876833295e+00 -2.087537654506660623e+00 5.833987148408202872e-01 5.008870322874393877e-02 -3.560629845582795050e-01 2.859131740271019240e-01 1.298912980038118503e+00 -3.337007074913943550e-01 1.262019525949377163e-01 -5.606300233964309765e-01 -1.551974175878006568e+00 -5.081466854027469893e-01 -1.730190894810494262e+00 1.903554402925020650e+00 7.669144118157701639e-02 1.195889743045200460e+00 5.342968546765543003e-01 4.937328072426220779e-03 1.954557325005893131e-01 -1.899286951828554060e-01 6.864728944588478488e-01 -2.759850348928480912e+00 1.693765525513491188e-01 7.947901586856243039e-01 -1.643628793610090844e+00 5.743879077449413062e-01 5.208825324303989479e-01 -5.236052753605048293e-01 9.157623686774281069e-01 -6.368731063208513676e-01 1.385174921838993933e+00 1.491457823489095835e+00 5.693316292727534922e-01 1.826576983030420820e+00 2.096966219710628021e+00
3.389044568291220694e-01 -1.845606066206187501e+00 -5.680924882898306105e-01 4.600862570843082811e-01 -9.385211143485031604e-01 -2.345109570879577721e+00 2.699830446371878634e-01 -6.537001104454360778e-01 7.162338279590534373e-01 -4.609644246503338261e-01 4.731407340290159635e-01 -7.080665448810210538e-01 -3.010325711507099156e-01 3.295326933189199337e-01 -6.251789594511948378e-01 9.874856201735467964e-01 -2.356290955756531191e-01 -3.242096536157802467e-01 -1.562058239566604723e+00 5.178391605245783458e-01 7.036202958834381072e-01 1.638942178468515976e-01 1.019896333384573195e+00 3.419650897181626958e-01 -6.352657239950870727e-01 9.258187391290931267e-02 3.992199535815180722e-01 5.645006161563929092e-01 -5.373902891798539028e-02 3.194532597413363706e-01 1.040244267709939718e+00 1.727434313343087835e+00 3.619065592318961300e-01 -1.917152877194508998e+00 -2.107839933208866867e+00 -3.245664843468376581e-01 5.346155845129623163e-01 1.388086305932763942e+00 4.536486091416715438e-01 -4.492242013298364811e-01 -9.259491231329588512e-01 -8.445800307212385227e-02 -1.330676365961555918e+00 1.661539508396021159e+00 -5.838328398138015185e-01 -1.322533263975105289e+00 1.043946202350153118e+00 9.894132949081176076e-02
-4.437106851352858733e-02 5.084799036831911812e-01 1.236405575325689954e+00 2.322846052146845697e+00 3.693992665053810742e-02 1.501239053420996561e-01 -1.566157626012029680e-02 -2.320898186344053649e+00 -1.398508797108343193e+00 2.833320861647349975e+00 -9.138264673277282091e-01 -5.067699508460536961e-01 1.241648879653485943e-01 1.891644761466579339e-01 -3.078764930500625316e-02 -1.119531462293877760e-01 -1.174329779004932739e+00 1.721734370626270827e-01 2.382757627574908277e+00 5.472647306958650093e-01 -1.010320123487679522e+00 -5.123762077981357521e-01 1.350741290651880755e+00 -4.775949237268890535e-01 -5.988512539746664309e-01 -2.107899832531879847e-01 5.617460862150215339e-01 -4.350308724622142798e-01 -9.564728176437329310e-01 -1.312749546140710377e+00 5.723740856156550594e-01 1.017584871091766763e+00 1.449397340823537661e+00 1.200100507938104410e+00 4.088451313203045334e-01 4.727627943259466448e-01 7.596074441994955517e-01 -6.923853643687859494e-01 -3.089590522785375382e-01 1.169664173342082059e+00 8.087017793847214309e-01 -7.325411250255319251e-01 -4.351256550208355833e-02 1.794350545142181508e+00 2.183394792914856719e+00 6.944963740654365170e-01 1.702157653837437501e-01 9.893961217183606660e-01
-1.612491414457249084e+00 1.545490229845170038e+00 4.830614842928129260e-01 -9.840886513381171818e-01 -9.011079315977252868e-01 -9.939445620020794792e-01 1.705738418209706841e-01 -7.626271499858204850e-01 -4.603832588281919214e-01 -1.626615438992489171e+00 1.390573691334704876e+00 -2.604892980127411772e-01 -4.111941188856727547e-01 -1.198225092704878758e+00 7.848558671894116934e-01 -2.846544685208931558e-01 4.089826215222779060e-02 1.081680090736118593e+00 7.836046680798125497e-03 3.244650356121168977e-02 1.295427681969450184e-01 -2.359149873366645500e-01 3.498290010459596533e-01 -7.663154522645699851e-01 5.878902918862188853e-01 2.198236146378722999e+00 2.753279757328973010e-01 -6.797470588662108959e-01 -4.551882995640490343e-02 1.171126688456719078e+00 -1.756249663634455116e+00 -5.640859569477062463e-01 -7.883338102179906492e-01 4.733779872879768646e-01 -3.409821469551750361e-01 1.001853730996300040e+00 1.039126931572877943e-01 -9.436830830089416589e-01 7.647187269312822888e-01 -1.479758762062186150e+00 2.004278784843013805e-01 -2.216538847971110116e-01 -1.929760858425547454e+00 -6.709235215865191337e-01 9.462971836938696146e-01 -4.713940892926469783e-01 -1.187811947862151607e+00 3.328698656428520364e-01
-1.776472499461197341e+00 9.116894461930860616e-02 9.651159940214171229e-01 -8.861116923941554369e-01 2.018245184582064811e-01 -2.251191439717100451e+00 6.674010658542804675e-02 -1.296100764522904181e-01 2.155665034560351190e-01 1.127461551815243768e+00 1.112346334450178720e+00 1.215693458204256006e+00 2.086506579213104118e+00 -1.697292562491956147e+00 -9.890122543412517564e-02 2.856296830703979328e-01 -3.005674490732551107e-01 1.284335523412120983e+00 1.550305463583013799e-01 1.004626708601466412e+00 1.037135625045101817e+00 2.491304883398928749e-01 -7.517479632642452003e-01 -2.072296490876777142e+00 5.615093127431901587e-01 1.277631160640404939e+00 -9.816258100694010835e-01 1.126182181534402638e+00 3.658209865665527638e-01 -5.879003319333097055e-01 7.981831071614821083e-01 1.581064124730046372e-01 1.694917943874661326e+00 -2.725369995783599036e-02 -1.603117954624956987e+00 -9.909662728138507459e-01 1.592691535709624961e+00 -1.718648063684957927e+00 -5.939878579682598136e-01 -7.449924909178634591e-01 1.826986307885984040e+00 -1.495636149693095440e+00 6.494679656792522460e-01 8.438190825238086612e-01 -3.932472100483060118e-02 -1.287753175708978404e+00 2.442303330775226655e+00 6.718473599987127010e-01
-2.373545273029369795e+00 6.768641843860875307e-01 1.498782930352815068e+00 8.142315741935556017e-02 -4.206195546259597906e-01 -3.932397533744821927e-01 1.411237545765709367e+00 3.461479634949548578e-01 -1.895480452988506315e+00 -1.846900748399791792e-01 1.648363896667145001e+00 1.182720546240613180e+00 1.221686448155180349e-01 -3.317584866831874701e-01 -8.723529341963990325e-01 -1.142756184460558266e+00 -1.820115140285913480e+00 -6.296621949626457493e-01 9.305663908243939630e-01 7.283641384488745985e-01 9.199816704813272850e-01 -1.073076012554134984e+00 2.009645953687140274e-01 1.174481677027664039e+00 6.246637127228370501e-01 5.245830332425313047e-01 -2.542012680756035037e-01 -5.461693450514585324e-01 -3.746395302512075531e-01 -4.942009165676583549e-01 2.678857412924565695e-01 -1.133032310143038179e+00 -5.389333779744416297e-01 -9.262676172527989360e-01 -2.453684436138237057e-01 -1.796681803104079322e-01 7.813850172053898868e-02 2.291434104652470272e-01 9.989120006398283236e-01 -4.846346420486744577e-01 1.588608462960593215e+00 -1.158643131343843224e+00 1.172568711336440694e+00 1.297042194696367723e+00 -5.880733735784891315e-03 -5.196592898877391287e-01 -8.489088573315329844e-01 4.825824399230055350e-01
-2.135845865982197278e+00 6.714099081937167091e-01 6.746142778120299832e-01 -3.188900585636449958e-01 -1.132770345434803705e+00 -1.326321744051255358e+00 9.263499749127303007e-01 -7.692735580666014705e-01 -5.317193549226621740e-02 2.385714312470525178e-01 -5.077401953272943080e-01 1.529690210798344774e+00 1.650928492049966501e+00 2.315625575729410579e-01 1.729432589890975480e+00 1.607181097649013735e+00 -4.810734435488257799e-02 -2.017382103913652802e+00 3.216379605524423702e-01 -6.707645662342210935e-01 6.502851515558428774e-01 1.508772606254196562e-02 -2.633068657014645542e+00 -9.683662585572881953e-01 9.395743863753742708e-01 -1.024858266937262563e+00 1.742657202029855856e-01 -1.322956018174739901e-01 8.695368659522957344e-01 4.086453451037648787e-01 1.823884972211124778e+00 -1.205035741196018445e-01 1.423212462782770027e+00 -5.440795096924291308e-01 -8.392002084825835040e-02 2.210930202907992914e+00 -3.022161005528005706e-01 3.986669527803342050e-01 -4.132295068425471257e-02 6.123526157633130129e-02 2.772595071895467833e-01 -7.177630035353407267e-01 8.839416764857763176e-02 5.588178524904650057e-01 -3.043027427034769583e-01 1.490901302065072709e-01 -7.490887615334914651e-01 -1.580137533525305615e+00
-1.077103153047783424e-01 -1.426024239471005151e-01 -4.574134816569027651e-01 -1.882231419240785408e+00 1.528073294878105726e+00 8.190475655615638839e-01 3.427504824456246157e-01 -2.926029586399400088e-03 1.795822241880534742e+00 3.502104665013351659e-02 1.142724621007802643e-02 -2.049437327747529944e-02 8.357580267983684141e-01 1.097978747450049752e+00 -2.851317136572021904e-01 -3.838215455984459457e-01 -1.729139757768444641e+00 -1.142890401895471975e+00 3.606546341541865264e-01 3.171123740962016879e-01 5.645547904330414646e-01 -6.181131030723874265e-01 -2.518192321632448660e+00 -1.673744330306756178e-01 3.797574790408266288e-01 -1.303041828547218672e-01 -8.472923643767604762e-01 8.046549131429973079e-01 -2.024156481492534798e+00 -8.383549037540199977e-01 -1.259959476480207119e+00 7.384360904469453590e-01 -1.336915357491903489e+00 -6.038931976416933578e-01 -5.148860243654703739e-01 1.226404151320569479e-02 6.916883458879362623e-01 -4.893458792108235089e-01 -1.853641009432689946e-01 1.831054572081769027e+00 -1.334888364088454793e+00 4.319175568975746615e-01 -5.374340289722177033e-01 1.022935166395183559e+00 2.200038548739474020e+00 7.157760076219636947e-01 -8.420124177685054390e-01 -4.664749200162960352e-01
7.151362035399878581e-01 1.813126023062056058e+00 -7.199772596614123499e-01 3.223010632964183886e-01 -1.429243719989751749e-01 -2.474488813953601152e-01 -8.848158616250064723e-01 2.387272522416547804e-01 5.444896866706391281e-01 -2.858537503625108389e+00 -5.070317973293263503e-01 -1.936855722395574853e-01 -2.046568464717485880e-01 -3.880544833557972306e-01 1.287816609531612366e-01 1.198984284771077297e-01 5.302104867586338033e-01 -1.070321640313397937e+00 -1.209604929315553044e-02 1.021672854893115101e+00 -1.583053375860773437e+00 -1.220642534425447900e+00 8.515922715465238380e-01 7.892767906248462362e-01 1.100254811907280389e-01 2.633837723631748506e+00 6.337161613463005994e-01 -1.521411681360066714e-01 -1.041515632367721600e-01 1.026895880133524841e-01 -2.359768834325285614e+00 4.937322589808946782e-01 1.490983824846713601e-01 -1.393596549836893850e+00 4.618733740598396920e-01 -3.030626877637674355e-01 -3.483116220966914200e-02 -7.616053041770748377e-01 5.268138464287171890e-02 -9.387941963547015434e-02 -1.868823611453168665e-01 1.335833153568074971e+00 -4.108303902312396838e-01 6.587421850224753905e-01 1.755394205122303153e-01 -4.069249702703240934e-01 -3.172080882514446420e-01 -7.594997318868657032e-01
1.321954934776788937e+00 -8.046317570948500197e-01 -7.911736951476876500e-01 -6.377619069103490634e-01 -1.104606745945637680e+00 2.473188324479605460e-01 -1.039937572172933589e+00 -2.641467629370092274e-01 1.953826439584689309e-02 1.777313644553152328e-01 9.891512504525160621e-01 -1.312149376577832482e+00 -1.855257058829103078e+00 -5.154592259322232639e-01 -1.137919733549586088e+00 4.435895774405320124e-01 -7.759849769250036500e-02 -3.677074707290130251e-02 7.585295779063862265e-02 5.116450955106885967e-01 -4.818252061171033884e-01 -6.001235868592580402e-01 2.409171805093908159e+00 -1.702162269626741997e+00 -6.855112784316460539e-01 4.150025736052401215e-01 6.830917860461332980e-02 -1.814558883909735076e+00 -3.121241394102475253e-01 7.345413179227272549e-02 -1.347466956210001399e-01 5.652274652781905662e-01 -4.253561809851545694e-02 -7.394567224946805295e-01 -2.772514774431496853e+00 1.409667715521535358e+00 6.155124586944562548e-01 2.996917213378980649e-01 -8.062996376938251775e-01 1.586921883075895101e+00 2.679914400073262759e-01 1.347650351246468370e+00 -2.863304305996770549e-01 -5.405913387468486153e-01 -2.587854774295993643e+00 -7.280893824827636696e-01 -7.865932618977868884e-01 -6.235438590736547271e-01
-1.740291799969006847e+00 1.010350467409780323e-01 -1.735036005944834647e+00 -2.217409756908204077e+00 -1.434000640112454046e-02 -1.219209420925238208e+00 -1.335647362900052482e+00 3.264634467424667452e-01 -5.236632166658361509e-01 7.972226037166441071e-01 8.004574562316268960e-01 6.610650757044985726e-01 2.390958430117108291e-01 1.270983960059458295e-01 -1.880294056608675657e-01 -1.526061326344887670e+00 1.586113906273367125e+00 6.145456101409970673e-01 -1.921206941883660591e+00 2.512570395656441580e+00 -1.558628325549335170e+00 -2.974499683994598631e-01 9.686547410688219895e-01 -1.286310044506416173e+00 2.983813332763143866e-01 -1.145757786839721293e+00 7.412197254089549769e-01 -9.947668805980935947e-01 -2.733031527849095532e+00 8.262691997719350256e-01 -3.369023510177665548e-02 -5.553318660849332344e-01 -4.777815974917439812e-01 -3.270514734638361731e-01 -1.554144705540354332e+00 -5.742934633085030605e-01 -1.679922444911888801e+00 -5.593139903906535482e-01 -5.135891266002122479e-02 1.545858544827106273e+00 -2.109206089573517975e-02 3.365071250203853226e-01 -5.078249470669313759e-01 5.553784624733730801e-01 -3.971284590454704500e-01 -9.165548949226581810e-01 1.255921303288951130e+00 -1.200765256940124204e-02
6.727929401664458631e-01 -7.923048619762423916e-01 3.431450797828066168e-01 -8.911108688460331884e-01 -2.872769930497714452e-01 1.515781507181513277e+00 -3.979011301771331333e-01 1.289561013309269422e-01 -2.709314515819554181e-01 -1.150606481232646860e+00 1.039570396603451075e+00 -2.128858938608684692e+00 5.469646699067791662e-01 -2.075383009213035646e+00 -3.070949316029202847e-01 -6.830538974984178002e-02 -4.208538660471820569e-01 -3.510653509308802600e-01 -6.947833904896694168e-01 8.475705292369372090e-01 -1.047000193689831438e+00 -4.969710440678350438e-01 -7.110543072780672880e-01 -6.094751518612477881e-01 -3.573177018927483073e-01 -8.728467578662829629e-01 -2.469883886968795572e-01 -1.962993290690178805e+00 -1.894985892548631590e+00 5.442089477447354939e-01 6.276350849393145248e-01 8.823269891164944312e-01 -2.170022859917311919e+00 2.076136230601946409e+00 1.401527922986312902e+00 -4.053756785194380097e-01 -6.137979745677986099e-01 -6.755690715650757294e-01 4.141671768320362990e-01 1.449410097143029263e+00 2.333117691494789037e-01 2.162927805725915587e+00 1.504285712918615570e+00 -5.610076518089242015e-01 -2.236249943335968382e-01 -1.076361164922233216e-01 -8.699921148312342867e-01 -9.025828263347044356e-01
-2.539393491318203133e-01 9.516737540106277038e-01 8.528898136824595300e-01 -4.972943002054979189e-01 -8.256719885503128742e-01 -9.394928041827642629e-01 -4.041376037241983243e-01 -1.946852476971835666e-01 7.343124416264844578e-01 -1.855972214724801450e+00 1.131515966960232378e+00 1.298388296176511636e+00 1.285737996299337882e-01 1.645567099686364720e+00 -5.663315068294775267e-01 2.578428627384803384e-01 1.833852266304916157e+00 3.612746702096172879e-01 3.025926799103761944e-01 -1.788712308791539751e+00 -1.130486609256940306e-01 -1.989852315911383729e-01 6.654400553862112044e-01 -3.440738130898941538e-01 1.599647374599112992e-01 -1.296867026923647526e+00 6.899116645651716118e-01 -3.817546829017111620e-01 3.125650739918774471e-03 -5.993518573715113096e-01 -1.702968379294980794e+00 1.513311384204045762e+00 -6.297711664893123062e-01 -8.508652215565500054e-02 6.761334406705560296e-01 -1.988090706789832351e+00 -5.524695610824366110e-01 1.544654661565571852e+00 -5.757932672640327931e-01 7.764411694194107705e-01 -3.475228601423522440e-02 7.606269792857955903e-01 2.042496644666679018e+00 7.820882955187906660e-01 -1.059616980971290312e+00 6.555023032807788530e-01 1.523329355621454440e+00 -1.169495425356446905e+00
-1.527932019434008470e+00 -1.016235320391349006e+00 -1.291047061632202508e+00 4.866280070191116303e-01 -5.271446279626327280e-01 7.535499612659671831e-01 -8.792561241399695637e-01 -1.731533486491562968e-01 1.785093100961076873e+00 -9.141428210783676400e-01 5.570955573778703096e-01 5.504227139756675546e-01 -1.166774384350142135e+00 5.800712710257430876e-02 -8.546709662379902150e-01 -1.628004781249325461e+00 2.105346074483772645e-01 -1.585717035375262318e+00 8.137986919082212944e-01 -6.115316342789344217e-01 -9.494845988056026531e-01 2.655698551434585442e-01 9.884296287962992533e-01 -1.475141367978525020e+00 -9.965626673940219948e-01 -3.375593193763211375e-02 -5.647965486450763628e-02 -2.284982094502018557e-01 1.694232193238670137e+00 -2.733742601296276220e-01 2.624930564148565404e-01 -4.859436478037952312e-01 -1.151097906424312756e+00 -1.584469038591458157e+00 1.453263183488857635e+00 1.187857468217376755e-01 -8.132334700815261330e-01 -1.319175818833149494e+00 -2.340025998764072135e+00 1.523074412511302933e+00 2.402179175419577317e-01 -2.311832448373586590e+00 2.688232326220147406e-01 2.260218201046524100e-01 -1.294514374639085252e+00 3.929151969182634319e-02 2.241095426509650324e+00 -3.096220046669019510e+00
1.852814432687631907e+00 -2.071220669191209673e-01 -2.023297151722303511e+00 6.798899941954659847e-03 1.883869889036900336e+00 7.140739524651510406e-01 1.423430231546722324e-01 3.735892015413228573e-01 4.398150583342358977e-01 -9.273421191698888455e-01 1.436907407298789519e+00 1.357583015712640284e+00 -6.992599917265974740e-01 6.290453907222062213e-01 4.240296659531065937e-01 -4.755038525679940176e-02 5.286686272141967180e-01 -1.397118206652799621e+00 -5.102847399152298236e-01 -1.092217470826489789e+00 2.430094182703295691e-01 -1.544884000356202103e+00 -2.091213185359824533e-01 -1.410291703513885109e+00 1.430618342186897041e-01 2.149930607526251702e-01 -9.494400241047156186e-01 6.829945456568722317e-01 5.515844520280104302e-01 5.253474383278724513e-01 1.372896097016293449e-01 6.624338381989400837e-01 -1.041390248447563671e+00 7.514248735376587440e-01 -8.707358537410930799e-01 1.673144240216264622e+00 -1.676293465191204479e+00 9.273500800194405258e-01 1.931636535283185185e-01 1.597411413995772703e-02 2.017637493771442525e+00 -2.758323564475664291e-01 -5.599669767583759922e-02 -1.007804978037993848e+00 2.538860222973458591e-01 -2.355296203960979273e+00 4.904731305428829957e-01 -1.477681553513606971e+00
4.808910288984999393e-01 -1.194167923791618957e+00 -8.983855271978895551e-01 -6.174326798870066746e-02 -2.051541097589392404e+00 -2.834668655009579541e-01 -4.991492865647939592e-01 9.318516530366972583e-01 1.090196501449849809e+00 2.682842810824238589e-01 1.406692031682084343e+00 6.978116681742708716e-01 6.775875507532009845e-01 -2.471311524676774452e-01 -3.569613749483332987e-01 -4.995962486559064053e-01 7.240745901734092493e-01 -2.185582305969256678e-01 -1.021649356890830695e+00 1.559879970515366754e+00 -9.371335961806309678e-02 4.031546835622140112e-01 -2.180287368688956229e-01 -1.466823171977590823e+00 9.084233265967521787e-01 -1.393653285690355625e+00 1.129290400622466745e-01 -2.278906732185967746e-02 -1.192632955609174150e+00 -3.549099215840010313e-01 6.055489690906754596e-01 -2.457518643943430003e+00 7.322364803535433841e-01 -2.936958251529800723e+00 2.597620407843334256e+00 2.300541733306311065e-01 -4.464624483730006421e-01 7.824468399574352473e-02 5.202326186957693110e-01 -7.438234598609223536e-01 -1.944622708584125670e+00 5.063953411844314134e-01 2.371631273762742909e-01 2.507635464414927351e-01 -1.034094125907854822e-01 1.000288471791730860e+00 -7.210919578690275777e-01 1.437576805694970705e+00
3.134291453536178218e-01 -2.434653550334199903e-02 1.269212336116869178e-01 -2.953207834255847652e-01 1.483193906023498321e-01 1.279704599686723343e+00 -9.439596970720230684e-02 -2.247134285063975501e+00 -4.744929411204362180e-01 2.598129115526952027e-01 -6.143946846595492450e-02 -5.315231601830784358e-01 2.568666867880634030e-01 -8.411394397227621722e-01 -6.812496261217586557e-01 2.089605074193258416e-01 -5.844703052233427565e-01 -6.419721525074941759e-01 -4.025882244426785550e-01 1.244162726790903228e+00 4.744352408699433754e-01 4.979819408353365895e-01 1.352863014614354431e-01 -1.555743875925482023e+00 -6.967171981074019582e-01 1.027038398215049275e+00 6.443665780584962866e-01 -8.197169587049629724e-01 2.689140448637998393e+00 2.404794758665222132e-01 -1.433127430548680747e+00 1.582379516265604469e+00 2.955781334849204800e+00 3.802423353444886293e-03 1.731469594015510260e+00 5.198323725654191430e-01 7.377547386064227108e-01 -1.130668954132219017e+00 1.547520721640771590e+00 -8.341556980759335937e-01 -7.026343939711402475e-01 1.348432320650982508e+00 -1.558497799803345574e-01 -4.726276073033493508e-01 7.311833893278222307e-01 -2.738652197641009978e-01 -7.440422493464218245e-01 -6.909853103738748947e-01
-2.829386033985502036e-01 -5.863346973987019206e-01 7.511107239873624497e-01 -9.242295031604234046e-01 -5.894372615120091474e-01 -1.904111034944669489e+00 -1.483926231280586483e-01 1.715600913686096796e+00 1.215482217804771947e-01 -1.166059255916735093e+00 -1.645700482780881324e-01 -4.689646017557747709e-02 -2.942933137872846272e-01 4.507089393653780918e-01 -1.183820849532717601e+00 9.434746942786501056e-02 -8.794473193953694645e-01 4.983072826721374193e-01 -1.278284698577044631e-01 1.243957249400964971e+00 3.633605496001015567e-01 6.214971850694689381e-01 2.587119007147403171e-01 -1.117023306316178077e+00 -2.312824738737869201e-01 5.265851481141897716e-02 9.994459477146495630e-01 -5.956879729281121527e-01 -7.319957958192044312e-02 1.247755791602527808e-01 -1.278918406888769344e+00 1.321363168483969674e-01 -1.403156879733160167e+00 2.415447877149578537e-01 -3.851888335234407990e-01 1.578413783868351794e-01 5.427769976053347344e-03 -9.328057405924462531e-01 2.500435793292516973e-01 -4.476762365505110308e-02 -1.484915440567356359e+00 4.444125798999438159e-01 5.209544615674032153e-01 -8.025223074336754747e-01 1.338306788051435658e+00 -9.507217821048075113e-01 1.209078052334769504e+00 1.286569102552496680e-01
-2.369722504775899630e+00 -1.271885819879584600e+00 -1.626551146594833241e+00 -6.255744347084897239e-01 -1.299218253839081738e+00 1.318910179577735819e+00 -5.724047516644354960e-01 3.838111205978105844e-01 -3.865226077354865786e-01 -7.933037002665431769e-01 -1.601576753202755832e-01 -5.686046054340632150e-01 1.118144286965431888e+00 -2.951568682440950386e-01 1.169630373700371706e+00 1.675792960368070572e+00 1.084507468998705093e+00 -9.403665585949918526e-01 1.619802967545947769e+00 -8.785623631377267317e-01 1.259393654289887365e+00 9.800734525053064194e-01 -8.790585010474988303e-01 2.006635627751389706e-01 5.873510166250496267e-01 1.157744173801301679e+00 -2.435604500338660328e-01 6.691065155614462669e-03 -5.225825331465198120e-01 1.041908144777847767e+00 -7.032539642902280175e-01 3.617698884199141429e-01 2.688221709995836650e-01 8.999469840675868859e-01 8.663160140686458899e-01 -3.633620828603424391e-01 1.084191250909567472e-01 3.507755777932516916e-02 7.749305919133210596e-02 1.001917295050594126e+00 -1.150013288921476695e+00 -1.241891025068430632e-01 -1.035954520207135410e+00 -1.230305736259001304e+00 8.830494107685141758e-01 1.513999491473306369e+00 -9.913242206978649662e-01 -4.259323381465376368e-01
2.771050062470494790e+00 -3.813678317700709974e-01 -2.456183295937686140e+00 6.999096612931776651e-01 1.751167088348373757e-01 1.648443486220712018e+00 -1.021424830471072243e+00 -1.716379339545847982e+00 -1.544018171931762051e+00 1.829420749681063052e+00 2.721134304672285342e+00 6.062293019583409048e-01 -1.634442408257040347e+00 -1.574551000823667390e+00 3.153368107662579949e-04 2.484243344910198603e-01 9.059621733235301289e-02 2.137432150943305853e+00 -3.798734670240782596e-01 5.031122914822151460e-01 -6.091441046961627581e-01 -4.647588132863144095e-01 5.765280954926413903e-01 1.076026224147820454e+00 -1.683849825238296627e-01 1.142995908243908065e+00 -2.333893868717394626e-01 4.317737303115734004e-01 -5.388725382054229129e-01 8.652775973591129155e-01 -3.048979805591958137e+00 6.200661692642901457e-01 -5.505835244861229105e-01 -1.452682542290478107e+00 1.703570996204305243e-01 3.696737418051760926e-01 8.661560084473270971e-01 1.505995859080534238e+00 5.563420396039167048e-01 1.627050076420266111e-01 -1.049291662115388879e-01 -1.740703997442189177e+00 4.916520074498644255e-01 -1.490315666248384907e-01 -9.909118339392999353e-01 -2.056719561676046748e+00 6.795754377995962825e-01 -4.645708552419320903e-01
-6.461266245953563025e-01 -6.554066246130040296e-01 1.251922380168098092e+00 5.639758873888289781e-02 -4.642024502694593324e-01 -1.131420994975088634e+00 -9.027766083916015649e-01 1.137057129908521036e+00 2.235319737006057350e-01 -8.179545696601138172e-01 3.581001413405027756e-01 -2.783571850108223500e-01 -9.668573546325075485e-01 -7.137823759670601786e-01 -1.338819649002980894e+00 -4.821820162127201659e-01 1.898684631652111376e-01 2.811319837487094575e-01 6.356088984600839487e-01 1.445211451334814934e-01 -1.141645230780105713e+00 2.304015437290488355e-01 -8.367473237318487911e-01 -2.106799850603630064e-01 -3.060565711085664886e-01 8.105928658237046003e-01 9.707206163816989308e-01 -1.251973863583602631e+00 1.648693451691836953e-01 -3.040380460049020850e-01 -3.629443245900870751e-01 -4.478114994163646667e-01 1.713343930970834539e-01 -2.954197282954937331e-01 -1.150077274501710489e+00 1.999902062842766337e-01 7.864421288008106581e-01 -1.831980286277132164e+00 1.717083633605747783e+00 1.276911596300852825e+00 -3.750983838173286844e-01 1.135818727184034982e+00 6.458868198269414052e-01 6.856348366581968556e-02 -6.864401667223851700e-01 -1.648852104250328132e+00 1.157610756323784740e+00 5.930881808137076217e-01
1.181234680466616727e+00 -1.814991945986375921e+00 -1.012787255670616338e+00 1.347842380967490650e+00 3.297937084603639324e-01 1.774750095191183763e-01 8.317967747844928761e-01 -4.512633497063457400e-01 -4.556460159409387867e-01 9.175097135144065774e-01 3.531837382915494206e-01 -8.736632115990473624e-01 -8.414844478920207038e-01 -1.082609344651171090e+00 -3.917489393721186874e-01 -2.277500799202790971e-01 1.895805606209482574e+00 -9.348197619042151185e-01 -6.354630518078743240e-01 -1.044574531118734217e+00 -1.257368551473693419e+00 1.114662350495430054e+00 -1.571228456224994074e+00 -2.134631526460754714e+00 -1.063737427459526541e-01 7.630685231598857698e-02 -2.086740240978625649e-01 1.161423173484261495e+00 7.464956441390205866e-01 2.121938173127905447e+00 -9.598830883185349716e-01 -9.265221828189935949e-02 -1.791758704140098857e+00 -5.964655435159958996e-01 -4.780521178755377520e-01 5.460590389075103968e-01 -6.175084466111958603e-01 -1.345995769186887570e+00 -8.676690206030746033e-01 -9.256500867869527083e-01 -1.677939381789967044e+00 1.220445686638112370e+00 -9.946278545045119657e-01 -1.002030534412742924e+00 1.360875450594642322e+00 2.664021645573203534e-01 1.267149463738266091e+00 8.502831625883697231e-02
8.008091526843322816e-01 -3.943071270541620987e-01 6.005005421407299399e-02 -1.896984867324646995e+00 2.272912085811867600e-01 1.134069417759615561e-01 -9.147465655427106102e-01 1.491768900814172349e+00 4.897156447523498546e-01 8.059454608290688160e-01 7.828289206621588323e-03 -2.360752931012109757e-01 -2.671796707939930182e-02 9.303001372282008186e-01 -4.028680325160115538e-01 -3.495644201561436404e-01 -7.274861832154645436e-01 1.250167960434359904e-01 1.810014786528610031e+00 4.743469162449415744e-01 -6.410282578825599042e-01 4.848868888810233257e-01 -2.102850586847026637e+00 -1.198377978541925515e+00 -7.321861961597659896e-01 -4.070832151260084242e-01 1.156640916514012352e+00 -1.585771097072986024e-01 -8.477029696880094001e-01 -1.580619081516115021e-01 -3.220339407888320182e-01 -1.039823808102899871e+00 8.129126509293188585e-01 -1.276907939545088855e+00 1.517523017082353709e+00 9.992677317501235112e-01 8.396155815897157204e-01 -1.153748808596678721e+00 -8.485675217489011546e-01 -3.105102437374778201e-01 4.355333965335794755e-01 3.652378791318010576e-01 5.013150886924737371e-02 -1.670937770354664342e-01 -9.242597812947662694e-01 -7.894003557840071350e-01 2.361437887991175155e-01 8.770553748045948339e-01
1.209928066798321572e-01 1.962758055992938955e+00 -1.304728716840588554e+00 -4.645431170217916850e-01 2.059535272204378598e-01 -9.250922967349666237e-01 -1.177169850508603455e+00 -1.201064514068511668e+00 -8.247415377467668396e-01 -2.277243550456293342e+00 1.659515424379602588e-01 1.210700276061100089e+00 6.496350764027091218e-01 9.053187859683784477e-01 -1.465707632150061945e+00 7.081935437499331520e-01 1.829424662777868749e+00 4.429626429934201831e-02 -3.830575726539368064e-01 -2.996652222119273179e-01 -4.782752811419920813e-01 3.748694012865039227e-01 5.541357973302258877e-01 1.144298202520580787e+00 -9.812082726242541408e-01 -1.298785116786677629e-01 -4.110147892999345132e-01 -4.641786883043584888e-01 -1.216015975970113017e+00 2.479603801666439289e-01 -1.014555592157451391e+00 -2.690415844762801267e+00 9.137351580550390207e-01 2.357892887284366856e-01 -7.685101639809587271e-01 -2.265307710759042747e-01 4.347231153971745782e-02 1.100342310721237199e-01 -5.796328780218056309e-01 -4.321861751992711054e-01 2.294593772276342314e+00 4.292088822882155208e-01 -2.769639183810682082e-01 7.309531843962787656e-01 1.814406303892699412e-01 -2.904117569888238215e-01 -6.154327624328634894e-01 -3.301073416923092085e-01
-1.217804396405611556e+00 2.370525357595845706e-01 -1.464655274760487735e+00 6.941830283830594528e-01 -9.390576787035891382e-01 -6.470375989409106188e-01 -1.056630116665919911e-01 3.231975629875524780e-01 -1.894259013355316768e+00 -1.539147665878843295e-02 9.045783632696979826e-01 -1.184479254978887619e+00 1.400875129857419799e+00 -9.091317115141702709e-01 1.360211845984011549e-02 1.482193908346524980e+00 1.207053521348925518e+00 -9.841759660742047666e-01 -8.152039460998369291e-01 2.218222827692510613e-01 6.085317393395608399e-01 1.805229342069925469e+00 4.678010617881364075e-01 -6.109468996955410569e-01 6.355581941400886281e-01 -7.341881231275720898e-01 1.381513826131631761e+00 -9.794772056044795394e-02 1.930315688411585462e-01 -1.192089448013579744e+00 1.740291264058504705e-01 5.052729042003021309e-01 -2.651757389165509404e-01 2.409636172210930238e-01 -4.609371667372859083e-01 -2.829429956983735117e+00 1.681480191933904411e+00 -2.664464517947364719e-01 -1.996253885342515744e-01 8.798292970978072169e-01 -7.518591856631543502e-01 -3.047212626986531836e-01 1.987683433302422920e-01 1.050741163969428182e+00 9.915616341387303301e-01 3.646924935140919199e+00 2.025334090314715230e+00 6.588427311248379326e-01
-8.168206004454937885e-02 -1.807745257294851138e+00 2.487814552196941364e-01 -7.867687463282334592e-01 -4.644428498247422932e-02 -3.139122037389618924e-01 -1.607326242604472377e-01 1.853354916860993962e+00 2.609580202745466759e-01 -9.654667674918617770e-01 -8.691655054003653014e-01 -6.814941913773537863e-01 -1.172625154770243316e+00 7.093706602319909127e-01 5.053135270947820556e-01 1.635558580508048032e-01 2.601434544282172467e+00 1.319792489206048636e+00 -6.040738319503159426e-01 -1.726965206086925830e+00 -3.729288186984462405e-01 -6.579048115827232923e-01 -6.196856901736901291e-01 1.986702304092608506e-01 -4.605732157769378693e-02 -2.435923748432078928e-01 -2.216864957000050373e-01 -1.984146454859907205e-01 1.005728866425968260e+00 7.738265762984469776e-01 -1.133562908519505585e+00 1.291808727842553295e-01 -5.616009583201289068e-01 1.157189250274355041e+00 -8.029500713320082417e-01 7.676151432449264400e-02 1.282158308624059329e+00 1.334430609476676688e-01 7.962871219882657892e-01 -4.222911403195942492e-01 -3.902879291374544701e-01 -1.771115056429299894e-01 6.972291465939700617e-01 1.031092528164866684e-01 3.254355843100631973e-01 -3.207005640464905549e-01 1.403352909905293822e-01 3.052725956970664956e-01
8.083770591981279674e-01 -1.523528088051983864e-01 5.749625337760431165e-01 3.116111180551544013e-01 -1.387530172516334981e-01 -1.176912953363761782e-01 -9.919544579756733871e-01 -1.628423908081745308e-01 -2.407528231839902583e-02 -1.388779271725642805e-01 1.322299228341663746e-01 -7.825144172901008499e-01 -6.948811755084872699e-01 1.566443762511613436e+00 9.826523109401168465e-01 1.450943664404106492e+00 -2.852078461202045112e+00 -8.652359622323227417e-02 -7.449103361528612577e-02 -1.064451958726017888e-01 -1.474815538673159843e+00 -1.072308147488907314e-02 1.151967281498747164e+00 3.760625053021217634e-01 4.939928190617693948e-01 5.425612471563319161e-01 3.668154074440870271e-01 1.354953681924917053e+00 -3.930454362119589207e-01 -7.294517767658027507e-01 5.629359340366764108e-01 -2.542905130302752337e+00 2.306058217364491014e+00 -7.514789297590507289e-02 -1.756017745366428517e+00 -8.044015615143559339e-01 4.235044779455285902e-01 9.898953959767465838e-01 -5.265529062309003416e-01 2.280510528119899405e+00 -1.181097017804468186e+00 -7.955136774016031698e-01 1.780887445288302340e+00 -1.615814225042989660e+00 -3.057044262916279176e-01 4.011511609085430252e-01 2.743940516568389026e-03 3.516220012732924893e-02
-2.150432625482937010e-01 -1.673634368927367014e-02 8.305035891648633595e-02 -7.114763856222079685e-02 -7.482589099123725385e-01 6.556266741392956510e-01 4.838516559265903516e-01 -3.484430150135775506e-01 -8.236198970224531957e-01 2.140858530329796672e+00 -3.218227033140320659e-01 -4.190192470544819581e-01 -1.019257866489040321e-01 1.147175780262330441e-01 -1.951535055781194128e+00 -1.864735001109786017e-01 -8.073565807556322138e-01 -1.286878890182886259e+00 2.798530518018542135e-01 7.882669839847054050e-01 1.321877989440731205e-01 -5.383415391549870588e-01 -7.577892029522615980e-01 -2.202001211977324402e-01 -1.898782808234724950e-01 9.404921655540833536e-02 -3.268163388886714538e-01 -1.118615521097977572e+00 -8.086967141190772035e-02 1.035234760741274407e+00 -8.925825736659865894e-01 1.590835553645720157e+00 -3.776905264472746326e-01 1.294085107134952173e+00 -4.886554373820146124e-01 -1.655870212950967035e+00 6.139562278344318919e-02 -1.104431332657798276e-01 2.073317260213992097e-01 1.872804073033645711e+00 1.231281334017071849e+00 1.119515133939689641e-02 9.689729140202162361e-01 -2.924476544884559437e-01 -1.995991494439109504e+00 1.087665766988198168e+00 1.261339656260080044e+00 4.958118570530074543e-01
-4.636732144347990164e-02 4.041884699938904091e-01 -7.508371148617747348e-01 2.711176939375056438e+00 2.998936013150885760e-01 1.821946658143105136e-01 -5.456004736366575070e-02 4.821911608125614146e-01 -1.327388165655597918e+00 -1.754941674933216511e+00 1.130963561204955337e+00 -2.342078595068429081e+00 6.829587382264915574e-01 -8.258894527966693655e-01 -6.128929844588102416e-01 2.011868004352529660e+00 2.108999507960924724e-01 6.152859853840026982e-01 8.256810204286588739e-01 2.117248055835706244e-01 -4.158691394311720968e-01 -1.842352970816960145e+00 -1.572090011580254298e+00 9.158989825101030435e-01 4.044735505078210225e-01 4.994133866020369905e-01 -9.850638190213095724e-01 2.185446217940663627e-01 1.038493745304460925e+00 1.787283853317956694e+00 -1.347503441098331090e+00 6.930161767966516173e-01 -7.129943225390883432e-01 1.849696055924926197e-01 3.316597624916258757e-01 -1.108384456392563333e+00 -9.638842889507948097e-01 1.005540673258568940e-01 -5.022947944970810319e-01 4.068926906376283403e-01 1.965111714116873215e-02 2.589998540518091419e-01 -4.569408228590999266e-01 6.345088052008731605e-01 8.463597442962487172e-01 3.191851062212197054e-01 9.661521652597255816e-01 -4.623490575940645830e-01
3.490578739083908810e-01 4.971427451569584988e-01 1.652039052771061112e+00 -9.522600013489285198e-01 6.045517440615433280e-01 -3.067528121107251371e-01 1.299210936445534426e+00 1.219600691422696587e-01 5.445255374803691373e-01 1.378822710712834243e-01 -9.176290219998097797e-01 1.475083271335208002e-01 8.893058906867471469e-01 -1.702362083572312779e+00 -9.400988694351499753e-01 -1.312799085736405247e-01 -9.420080860269285095e-02 9.973226591569783750e-01 1.325305255627104772e+00 1.412578642129416417e+00 9.248874610359325565e-02 -1.772876466316988031e+00 2.123400679664629198e+00 -9.756417271784230127e-01 6.384899201545286562e-01 1.223010307093765014e+00 -1.733232892086483012e+00 6.259271692658537056e-02 -5.613486741875273189e-01 -1.832011830292101351e+00 1.476557929460963203e+00 -2.216265546983039736e-01 -1.004763977912438655e+00 -6.175963780868246600e-01 -8.930336446527126215e-02 3.533489247827509283e-01 1.153490950667836468e-01 4.975494983637112623e-01 -2.437541044821778691e+00 4.557905832435157345e-01 2.605706595295121941e-01 -6.649931222756163551e-01 1.468495640223391518e+00 -7.121316800381850554e-01 -1.649176151231135923e-01 -2.201771627407846377e-01 -2.066966354741303746e+00 8.042148290828226020e-01
-4.381629637633586705e-01 -3.655512463489737907e-01 -3.749172302674667279e+00 1.242371635423363402e-01 -9.278726820034930434e-01 -4.937142720638948989e-01 -1.388114648020429276e-01 1.007307240472520515e+00 -3.543499314032148018e-01 1.817343156313108610e+00 -1.240978698481657760e+00 1.763235489639888576e-01 -4.987410010419808526e-02 2.312899579261664951e-01 8.908497693845658372e-01 1.767527643061064913e+00 6.339813565922840233e-02 -1.443494469417927695e+00 1.110498198040526407e+00 6.258070633136538774e-01 1.574039949791103954e+00 5.789886809143328650e-01 -2.249227807825315395e+00 -1.009640138154633604e+00 3.743505405491121540e-01 -3.287950034622083573e-01 7.986812741137335747e-01 -1.065826662174352624e+00 3.953032587159450162e-01 -1.736946014940728755e+00 1.331961922366955431e+00 -7.485155367156069994e-01 -4.184822810680140920e-02 -9.669827370093700969e-01 -3.890559000288089375e-02 -2.071460513081099908e+00 1.757426820081714469e+00 2.555398064984406026e-01 8.365011632992018775e-01 -9.141109767531512276e-01 3.533401286549073372e+00 -1.195726307797389046e-02 -1.423427254371408823e-01 -5.059817259031452741e-01 2.394342936540775568e+00 -7.680025567365031391e-02 3.633394853230664800e-01 5.829959940057596324e-01
5.707485301987882398e-01 1.376585653757850691e+00 -1.572176947871605668e+00 -1.103847256850095215e+00 7.892536285658070527e-01 2.558528880876063671e-01 2.318707242760754128e-01 -8.644286491499139080e-01 2.703353359201365880e+00 -8.848802463240311722e-01 -5.220274355376685049e-01 -3.237216275620753980e-01 1.318444716693792040e+00 1.840941430016834468e-01 3.392857896320445876e-01 -5.607314136392846926e-01 -1.298491752712334746e+00 2.331434974694195639e-01 1.243746252912744099e+00 2.745140255664836326e-01 -3.683731487056021159e-01 1.280092977424032608e+00 -7.826620805461881325e-02 1.018387065107560163e+00 1.124866643331493776e+00 -5.261992548991573093e-01 -4.220444152098191681e-01 -8.090311776885270589e-01 -1.670684338544905501e-01 8.828928957433680724e-02 -3.384814011315934734e-01 -1.238342861877766987e-01 5.244395891744176863e-01 1.007210752478147953e+00 2.068793607533907064e+00 -2.278372556336966948e-01 5.755132020990612052e-01 -3.848163433306314163e-01 8.200145515041120658e-01 3.285031425872016360e-03 -2.716681189553949438e-01 -1.462959042649021990e+00 9.824532638084723102e-01 -3.457316936969002108e-01 -6.507514813184449576e-01 4.142568862127615215e-01 -7.067868989028867899e-02 8.995188915779458450e-01
-1.572478062379621122e-01 -3.074333580629640683e-01 -2.175839216429686918e-01 1.614648856288458889e+00 1.624936634566850058e-01 -5.756573197420251642e-01 2.192923304735171275e+00 -9.810230568609475954e-01 -1.377160194756715583e+00 8.673293451186521175e-01 1.709226929438618647e+00 5.928275312085466986e-01 -4.328504036511717640e-02 -8.130351721308954893e-01 5.984244727770742234e-01 1.302105745618708621e+00 2.454156126466681409e-01 7.204339157329200383e-01 1.538514676658658376e+00 -2.713589368863936757e-01 -4.670823576167761337e-01 1.637638596407110736e+00 -6.257296242483946225e-01 1.332705348876372264e+00 -4.134676583462760235e-01 -6.464544751806917677e-01 1.152580816945466102e+00 6.391212822774141600e-01 -1.262288933247057154e-01 -3.487246331522196319e-01 1.163997769267726579e+00 -1.587506067043798208e-01 -1.527705934114065300e+00 4.655288112403387357e-01 5.059755261140200799e-01 -1.828601946222756736e+00 -7.432400276076178702e-01 -1.282483242186697181e+00 -1.327507830904967878e-01 -4.443489733586665769e-01 1.536211121423123327e+00 4.341426815976349718e-01 -6.658481427004931952e-01 1.138875593023358918e-01 1.475165832608754113e-01 1.250527951439740049e+00 -1.056322297997091209e+00 5.011221582172591393e-01
-1.749509108762403287e+00 -2.337978844442002019e-02 -5.992475968305071010e-01 -4.245313666352285020e-01 -1.148007883892904868e+00 -2.019684753989990644e-01 -5.884432220722731754e-01 -1.583826395171259893e+00 1.381288955622287817e+00 -6.755562945632888061e-01 -7.368226404288440445e-01 -4.779137840388900105e-01 -6.218210908138839255e-01 1.696930285789678694e-01 1.567209091996973447e+00 -1.237259119763718163e+00 2.671648755670676945e-01 2.086846454654084138e+00 -7.696923343370892789e-01 6.244418277456069699e-01 3.148959981982094591e-01 2.093579724155083088e+00 7.672436535824459503e-01 -1.110556267991887447e+00 1.919774789129047310e-01 2.022146691666705021e+00 -1.938241575346804968e+00 -7.393415351019706483e-01 -1.554900784238577138e+00 -1.582042721600166901e+00 -1.982027606084795779e-01 -8.308999902705677121e-01 -4.443350969524744731e-01 -2.662620836257915791e+00 -4.932819725918563547e-01 -2.708131886043977921e-01 1.836380012805504114e-01 -1.141861341597722596e-01 -5.269879189399637731e-01 4.924245237411083442e-01 -5.966205746367186924e-01 -3.823067182644347695e-02 2.796619343888135933e-01 -2.703740425349586474e+00 1.766785202075812355e+00 -7.681068915388735707e-01 8.918447714539782245e-01 -2.171111492942902621e-01
9.152350780882976267e-01 -5.270885970493430772e-01 5.858552558764579254e-02 9.447145117241009249e-01 -8.881803517801273307e-01 1.331018707749807461e+00 -7.965232573030268659e-01 -8.148910573699685855e-02 1.310289032706991041e-01 1.950159341244390443e-01 1.523132172086861580e+00 -2.345205212439545939e+00 -9.746201623062922259e-01 -8.379006743022163750e-01 4.762212225022878220e-01 -2.203941025599829850e-01 8.754235397149383591e-01 -1.144218306277120512e+00 6.093913677303326448e-01 1.283052223813634374e-01 9.460393416307184555e-01 -3.980796235766783254e-04 -1.367904125295767437e-01 2.359732104829125043e-02 1.138372075083495139e+00 1.147913029527831918e+00 1.104674702371873485e+00 -4.290186766938712815e-01 -1.693440064046679794e+00 -1.451652468216602321e+00 1.145880743106363564e+00 5.963323130096314095e-01 -3.552515500779038771e-01 -5.099117496271657890e-01 7.188999736032439802e-01 -3.623831676824240677e-01 1.966241700393205782e+00 -7.425719366442036506e-02 -5.381717221618238511e-01 -1.613369256168678545e+00 7.925134055115524712e-01 -1.776907515497923251e+00 -9.406061850095707166e-01 1.100105259894954973e-01 2.014283400192817819e+00 4.001379974609953205e-01 4.067784767948613434e-01 -1.826873513021795903e+00
-1.007105399853703620e+00 1.027140693612435429e+00 1.496378910796743567e+00 6.270302584735943929e-01 -3.608391895646810288e-01 -4.145608809073054180e-01 7.268541799136296611e-01 -1.113453681676227491e+00 2.205022484392191173e-02 -5.760157052552578039e-01 1.371491954753088827e+00 1.301032127439453456e-01 -9.009662830395220867e-01 -7.272078852685931460e-01 -1.195505150583703324e+00 -7.570105354337081094e-01 4.553303932224470607e-01 -5.876907328505103223e-01 -7.489437947944897755e-02 1.591936225891570134e+00 -1.441971459948879541e+00 1.623916795829322801e+00 -4.021815360998903799e-01 9.630075988816254595e-01 4.844039799798494639e-01 -1.928679797862927536e+00 -6.185419888851066972e-01 -2.795593002427600116e+00 3.829611351447696488e-01 2.582928516403424912e-01 1.005474359596085998e+00 -1.018398267447739036e-01 -7.181321694574103187e-01 -3.432092645023254174e-01 -6.499152034267331457e-01 -2.327915957426516691e+00 -7.740522187241695162e-01 6.338747048631240832e-02 -5.436824031454795536e-01 6.460999638354605334e-01 3.219817749925121819e-01 3.176168336855936247e-01 -2.639678571332165768e-01 5.427600771041429795e-02 -2.059656196383386817e+00 -1.770633208588615060e-01 -2.144219619889243741e-02 -2.421315423934254918e-01
4.243562194754426087e-01 -1.502709401516912679e+00 4.167302988838657019e-01 -1.580206987980524946e+00 -5.710494653001138010e-01 4.421354491504744244e-01 9.622170795441727931e-01 -1.096700892802555227e+00 1.144456664279600133e+00 2.281291548671457114e+00 -5.295119230300350255e-01 1.168651188419692760e-02 -2.868209917352423366e-01 -2.228499479498412261e-01 -5.102746352651933437e-01 1.673754850560746243e+00 5.451048875445234643e-01 1.069519054374335143e+00 8.033642129694018585e-01 -2.137536977123148108e-01 2.023589627139395386e+00 -4.500268931128998395e-01 -2.035503117548291385e+00 1.520370967830229902e-01 -7.646572108424662950e-01 -4.303658388047683636e-01 -1.237146480235283147e-01 -6.051582338033197755e-02 -1.474953917533025294e+00 -1.826279092973859042e+00 -2.896930198035974957e+00 1.184997155401981139e+00 -3.013636087120674656e-01 -7.776742308453636898e-01 -7.515939682420216261e-01 1.627691851916090116e+00 2.078533296840347488e-01 8.220324405772825305e-01 -1.588861890783541897e+00 1.657122283288148257e-01 -5.365128676776963479e-01 -2.179405180402442799e-01 -1.826858451093333613e-01 6.744610457974967721e-01 -1.672812913072941887e+00 4.932405041651957145e-01 -5.403528337842274931e-01 -4.257560955999195595e-01
2.069264410406530530e+00 1.184181576769169908e+00 -8.548059001901658904e-01 6.064822020893506638e-01 -3.925457678410020912e-01 1.932866893354993509e+00 1.058628415155447700e+00 1.918605550441665919e+00 2.018363432335465169e-01 1.021592685859033400e+00 -3.044359444908896761e-01 -8.643582733435567489e-01 -1.374339503458287814e-01 1.868912088915600567e+00 1.736472953002371256e+00 1.020085675516256563e-01 6.570752287337341402e-01 2.366213042610838257e-01 7.126351285534883173e-01 -3.246089073142762738e-01 1.714192050287182967e-01 -1.950446522394345961e-01 1.189449716078248148e-01 -1.940729618591982564e-01 9.043444772688408184e-01 1.390415035861790050e-01 1.571152608985611598e+00 2.728377245887348423e-01 -1.581349682813617319e+00 1.601936278404444969e-01 6.810147846634665436e-01 -1.752996526453050929e+00 -8.137024547264889440e-01 -1.173894154050342920e+00 1.940555584674471534e-01 1.758000432929687495e-01 -7.138314874731386261e-01 -1.420173001507590627e+00 8.817831382833446474e-01 -1.857637419211475016e-01 -7.612581770377315760e-01 2.167519029373215500e-01 5.102291818009169200e-01 5.190674993985722185e-01 -3.530886868978025728e+00 2.693361063624589047e+00 -9.471169551275757659e-01 -7.791501919829983969e-01
-1.526549749969947189e+00 7.635215032869078211e-01 -1.758331139905025209e+00 -5.457451094156092752e-01 -4.063792381437028589e-01 -1.339443373543860227e+00 -6.033038225717016756e-01 1.126168169164850408e+00 3.197041778247112997e+00 8.251074256647445981e-01 1.740316897698997556e+00 2.887470293216989337e-01 1.816624871370071892e+00 -2.300295432097130000e-01 2.979055325783350194e-01 4.256317898080547169e-01 -4.604409637587074111e-01 6.674346883769306515e-01 -5.064626480182479185e-01 5.372794690373245974e-01 4.554493545917337460e-02 9.426195771221125286e-01 1.963231113055046606e+00 -1.125736278559854808e+00 -1.993658935414969635e+00 -1.256989122398331382e+00 4.053973031955979689e-01 -9.623052297780864128e-01 -2.960051334466003992e-01 7.746071644708517612e-01 -1.537742541076441594e+00 -6.690815435312534865e-01 -6.460957267343317989e-01 1.219285716690210464e+00 -1.101861473533708224e+00 1.348626434527312679e+00 -1.169229228903770346e-01 1.250664894991085019e+00 -1.600146410714986089e+00 8.507261435036274078e-01 -1.214404129855084502e+00 1.727281962599727771e+00 -5.063016639590965928e-01 5.399898866554906363e-01 -1.882874518774768635e+00 5.937788851046448269e-01 8.840420263614731100e-01 -1.272915767399591447e+00
4.579023701847457772e-01 -1.473593858720702698e+00 -5.777591869279020687e-01 -1.785726024460965622e+00 -6.924140066501380808e-01 -1.317706234483333461e+00 -5.746019839765820897e-02 1.730040969409257334e+00 -4.813847308638785072e-01 -1.524331491969854291e+00 1.070463225443991195e+00 -3.092370899805710338e-01 6.271382985599837090e-01 -1.415908020303579207e+00 -1.081241711515176673e+00 9.549395877352101492e-01 6.947186301991210566e-01 -1.298034170557687064e-02 7.027208216019531495e-01 1.330688970253579129e+00 -1.724363944019914885e-01 -4.205468636419310569e-01 2.298377341121508266e+00 1.893647420190630593e+00 4.306930668636920756e-01 6.446802233912755087e-01 -3.377623190963942035e-01 1.801443236005715043e-01 -3.789884964597559636e-01 1.790729178314389991e-01 1.272670196102805962e+00 1.472384517846011542e+00 -1.468462234995258076e+00 1.522783189449573138e+00 3.683228590574053052e-01 -8.397229452934883431e-01 -5.182302260733151478e-01 1.163432600613008683e+00 -4.281001251829414378e-01 2.758752606734184099e+00 -1.079300925087249043e-02 1.855218162458366349e+00 2.875154936717657511e-02 1.471402489041573558e+00 -6.588661051359111509e-01 1.247540677000105624e+00 1.428432464559885873e-01 -5.385104380052530004e-01
2.206527122666911700e-01 -1.821332575142880494e-01 -9.300583909508683411e-02 -1.086652606024713474e+00 1.183608744385751532e-01 -6.630216942926849821e-01 -1.652574401505171986e+00 7.000631138907572604e-01 7.945658147009493355e-01 -1.531356919216067647e+00 1.297455464315101503e+00 -4.498787308277641395e-01 -1.890285368788663600e+00 1.504477925450777853e+00 -1.647404294100141442e+00 -1.627996116142691740e-01 -1.501182594655219749e+00 6.639361846089002206e-02 2.944920821933772470e-01 6.121110469048102881e-02 7.869787634926772579e-01 -1.251734678612645091e+00 9.353878303517046966e-01 -1.038122356720417860e+00 -4.683784648324379463e-01 5.044254918061522597e-01 4.704454598785455244e-01 7.346122621127473273e-01 -1.661051315738703904e+00 1.297355065439395050e+00 -6.342659905349198324e-01 -9.800874638273225914e-01 -4.560671311997325783e-01 -7.317299039924850534e-01 -1.399647715795219738e-01 -4.249053852782057605e-01 -5.690453488729381171e-01 1.473929074781344939e-01 -1.567159164377924130e+00 2.062523636520255721e+00 1.762517532689355515e-01 -9.262816587191206874e-02 2.952498509554252415e+00 -5.495908442465524679e-01 1.273801546332336665e+00 2.884366750007625116e-02 8.431886260246819198e-01 2.704765166950487063e-02
-9.704920559774018463e-01 -2.806797862859875536e-01 -1.293642697525612117e-01 8.124691811139019837e-01 -6.102194383764263097e-02 -8.072311905722258374e-02 -1.645763380806238185e+00 -1.420182419031855436e-01 7.273219289341102956e-01 6.621535410701875346e-01 -1.278795201330412967e-01 -1.033326835429919432e+00 6.169473221816277331e-01 -2.314886263453646897e+00 -1.302330351914555484e+00 -4.538811648712450797e-01 -2.347666138454612694e-02 -9.479694836335279817e-02 1.351166759813384965e+00 -3.075080002568142956e-01 2.414417364935724300e-02 -1.730365244186780616e-01 1.140583678848885008e+00 -7.264232134220412196e-02 1.471154442268382878e+00 -1.203398087145328033e+00 -4.208154685517487281e-01 5.276390831145117977e-01 -6.747068725645531950e-01 1.308328430417881494e+00 5.294335519838103687e-01 -1.575030765278073286e+00 5.492792402649082639e-01 -1.432336685317763925e+00 1.956581731696081516e-01 -1.068594948744608031e+00 1.368435932852743453e-01 -9.923955942134335961e-01 6.969515333473639274e-01 1.460366394064170625e-01 -8.463982962984384351e-01 -4.227928999672886379e-01 2.086022556942883632e+00 1.318060365264072387e-01 -1.022936020612858599e+00 5.204541337373523591e-02 -1.377418244426512062e-01 -1.074885622636541527e+00
-5.470662887514058381e-01 -3.818297356818642907e-01 -7.105275185234412039e-01 -2.800940786904543289e-01 3.465773819337705230e-01 3.358981412957525170e-01 -3.809041139288675548e-02 5.904972383124318380e-01 -4.318781911259394479e-01 -1.093684793039038761e+00 6.896632935274973342e-01 -3.861447163563564988e-01 -1.783484872493254825e+00 1.913115953072457964e+00 -1.830232413191702934e+00 -4.341636330282988565e-01 -1.302080127719362546e+00 7.399763370714848021e-01 -2.673228101161709280e-01 1.146725631225546937e+00 3.870101262720754276e-01 6.696267279961474195e-01 3.517145940794672021e-01 -7.151149568765969855e-01 -2.299409144504685365e+00 3.891343358273707809e-01 -4.037170200394257225e-01 4.519770810857171583e-01 -1.808087040742603957e+00 8.647275056502092827e-01 -1.805774344310021040e-01 -5.088882159515912829e-01 1.723405196487066693e+00 -3.079392208271815590e-01 -1.142726686259909891e-01 -1.840149794402380579e+00 -5.433175431559027491e-01 1.155640058346566884e-01 7.370717239926076747e-01 1.099518581262771910e+00 -2.667628043542599747e-01 8.335389942021297349e-01 1.947383193254358602e+00 8.307153460897964692e-01 8.896060225029306726e-03 -7.925432568256370880e-01 -9.618021204154225678e-01 -5.703447055160562051e-01
-4.592971974190118156e-01 -1.230148901634416092e-01 1.030652065092121594e+00 1.189905372791764560e+00 -7.292161081031334202e-01 2.917957318703546798e-01 -6.226124260476553207e-01 -1.077093584333535636e+00 5.996948379818780595e-01 4.271063639235275211e-01 -1.531351653086938436e+00 -4.972140824887351651e-01 -7.796780477345730542e-01 -9.079416540991155360e-01 -8.874289663441056186e-01 -3.821158113907584530e-01 -6.758146797746960033e-01 -5.019914954646296223e-01 4.957214604604085473e-01 8.798801522192186697e-01 4.907927645236630498e-01 1.223540459921691248e+00 -2.277412577161115337e-01 3.515121925279235948e-01 2.382010867284392930e+00 3.259278685003195175e-01 9.374992690900011416e-01 7.841069764089279026e-01 8.223664062441843337e-01 -1.013768236763013642e+00 -1.038502306988402735e+00 4.773035964599701975e-02 -2.170414220918008286e-01 -1.841938658183972732e+00 -9.640212728219225979e-02 -4.825696536857781438e-01 7.126468251036195412e-01 3.509858688594589271e-01 1.515279014241422306e+00 8.053914342794119552e-01 3.598645010528555566e-01 -8.586771783660570589e-01 1.486856507620228918e+00 2.569580473575818758e-01 -7.828169313045586497e-01 2.393091698082540630e-01 6.903092175166629652e-01 -7.112658238976055092e-01
-7.096392700389910768e-01 1.409991039730426055e-01 3.736743998865404981e-01 5.141769309736822224e-01 8.690087812339648832e-02 3.942003538143087904e-01 -1.039913514067980049e+00 2.192457884104068722e-01 5.620049886331829336e-01 -7.108717520152161295e-01 -8.085564585655558023e-01 -1.490011262484694232e-01 2.067668316956656760e-01 -8.518261464920854342e-01 -2.322341419145609098e+00 1.553889671817085594e+00 2.170735954887300867e+00 2.276869732687612391e+00 1.469202943569327902e+00 -7.189707894342156624e-01 -2.076836698226031397e-01 -1.203421797257474557e+00 -9.220832564528720354e-01 -2.412587851539262640e-01 -1.317184008724955779e+00 -1.100490699832317842e+00 3.263891186424169866e-01 -1.576002192771998045e+00 -1.400083754434533034e+00 6.407812270576604963e-01 -3.559301299964746645e-01 9.310462922539437525e-01 3.645920951253691644e-01 -1.612263796053391651e+00 -2.554139764268156809e-01 -8.587500033259047871e-01 7.281040904533928604e-01 6.856927729364126201e-01 -1.327543406161370454e+00 3.529317795612862407e-01 -6.511058038391098757e-02 2.872120098000269239e-01 7.865250558760404631e-02 -2.303969101843070355e+00 1.013455207542168113e+00 9.503493718641107257e-01 9.202143586061571900e-01 1.152673107277944364e+00
1.296623451454738785e+00 1.649313198595903085e+00 -6.601456519450792371e-01 -1.291087417560684569e-01 -5.722071507940744706e-01 -5.268418318312386717e-01 -2.536743902798800909e-01 -1.407942126573640929e+00 -1.485442672455531410e-01 -3.376218476201622853e-02 1.854432143742863193e-01 -5.200326693673197331e-01 -5.893912436114731035e-01 -7.600662523703813900e-01 -1.330287545744674116e+00 -4.077072523832331874e-01 -3.966758117927108307e-01 -1.611108589037357985e+00 3.061635789897489968e-01 -2.209196351236573097e+00 2.284127183593381627e+00 1.747533377237654229e+00 -3.459188110565787899e-01 -9.632625537900436630e-01 -1.472367614185539075e-01 -4.054614210258147833e-01 1.760897345324215907e-02 -2.051496640426599127e-01 6.701925102554147085e-01 -1.160662786042952144e+00 1.477243038419646437e+00 -2.042151087154825628e+00 4.398887453323309660e-01 9.428003298975798363e-02 -5.876815018703946958e-01 7.471903004782374236e-01 1.669626802179029257e+00 1.016518427802467484e+00 -9.750554417243832706e-02 -1.934910038483762751e+00 8.638365983619646082e-02 2.311824734104661883e-01 -4.408379878641830452e-01 8.749797916014230292e-01 6.629365055667377771e-01 -6.286902945299381873e-01 -7.291890041370283626e-01 5.517013827128820491e-01
-1.271019061773864145e+00 -1.300854433709636826e+00 4.466968015694282590e-01 8.653001486873013182e-01 -1.910857727845104992e-01 1.396172988700633555e+00 6.492299721584811056e-01 -1.449801093875277891e+00 -1.395174991083155680e+00 1.266451841358494645e-01 -1.071622251700645595e-01 -2.570498864505349701e+00 -9.222842655617157215e-01 5.561492839099309478e-03 -3.318447025055830668e-01 -2.395455003068663880e-01 1.358845844208978360e+00 1.312287994548748005e+00 -3.251205097648922071e-01 -5.433122523964385442e-01 4.202540596152495311e-01 9.119051917022280573e-02 -7.230297374682418399e-01 -1.089749006947644761e+00 -1.677458102721703259e+00 4.390373787026152219e-01 1.027762480137031087e+00 -1.965159380959422553e-01 7.502322343917743053e-02 4.823583490926569017e-01 4.452222548975358629e-01 -1.481791321077456480e+00 2.265539857409242241e-01 -2.561308867294211922e+00 -8.938138230163783851e-03 3.046457601997038522e-01 -1.683699167322164625e-01 4.863913459722349897e-01 -7.420432049507116323e-01 -1.991433379650211499e+00 1.640833150032865451e+00 -2.653795007899418246e-01 -8.965088978003826758e-01 -4.713162174006987892e-01 -2.288091229376632452e+00 1.747206643779717572e+00 7.216417428042249949e-01 5.565300380622685283e-01
7.257251471588244129e-02 -2.581256798713065792e-01 -2.999769006531468052e-01 -5.862214986074025802e-01 4.709885936435647125e-01 -1.255592480179897219e+00 2.030483417324020490e+00 4.746127509049096749e-01 7.671409083133190476e-01 -4.529801277206429999e-01 9.343590762881394118e-01 1.482699615048214570e+00 -1.078397836204097571e+00 -3.018098388598291493e-01 3.425648388187195192e-01 5.635839071016317536e-01 2.750282609926650301e-01 -1.014947732582805129e+00 3.911372836296088118e-01 3.350141500632197733e-01 8.818500583988480024e-01 6.371958117013755141e-01 -8.901037659065580421e-01 1.327860494008473502e+00 3.545462047777846459e-01 6.119537425348931664e-02 -3.961300523941952423e-01 -2.448650975439558841e-01 1.138131038945865425e+00 5.955839391943628103e-01 -7.895263638288010366e-01 1.762855108872816712e-01 -1.120290668365568898e+00 -3.080869083753594584e-01 4.548209958387441354e-01 1.077343062242873017e+00 -1.807661029446315237e-01 1.241030034579148289e+00 -1.325835555508324770e+00 -8.264693907854118171e-01 -3.205169038198737441e-01 -4.875765836910084250e-01 3.318702182489906560e-01 1.107890828108594850e+00 -9.362497792266259999e-01 -6.333028258435139390e-01 6.844074287317343241e-01 9.108601509023858123e-01
-1.614065386516641665e+00 2.764542703674346402e-01 -6.209774740136301263e-01 2.131558544543596945e-01 -3.452067202369564214e-01 1.821694563508619302e-01 1.391393850045528957e+00 -1.365638544482846273e+00 -8.871084460304351493e-01 -9.945971858389485165e-02 -9.974935558954770576e-01 -3.628722100074968648e-01 -2.882474012883714520e-01 2.080271937069836097e-01 -2.020728157231257427e+00 -9.388759768743578649e-01 1.457539939882902076e-03 -2.078124079480414832e-01 -9.620945123479317518e-01 1.243486768063023634e-01 -1.317301304879095816e-02 1.098036029385637047e+00 1.315928812822388494e+00 7.920730207196114980e-01 5.352293020119999190e-01 -3.541138900794570943e-01 -5.126941975611390423e-02 8.922616662016819022e-02 6.429669010636668292e-02 -1.184170493284684156e+00 1.169781546242349701e-01 7.850883590869454087e-01 -2.693179128133312283e-01 -1.800505609594145462e-02 1.182669890570609006e-01 -8.206395656536472627e-01 -5.853264188170419491e-01 7.975192367570366203e-01 1.530444327228384083e+00 -1.479214868223906354e+00 1.138687370488478789e+00 -1.627922935694448459e+00 2.224776701055338757e-01 -8.227728588271945309e-01 8.552665115620790293e-02 9.267133832846893293e-01 -4.025948467481573201e-01 1.390774897313217240e+00
-8.258300215356909058e-02 -9.591764720329671867e-01 1.172249981879698755e+00 4.719508420799558568e-01 9.699278252329337491e-01 -1.399982433487612976e+00 -7.408480153219408892e-01 1.292375928045586209e+00 1.074254822910862828e-01 -1.628325446267896659e+00 8.866834724119944111e-01 1.168195566188025225e+00 -1.976129407899005486e+00 -7.337512532866992121e-01 2.359205835695163400e-01 6.850109897834499861e-01 1.681772796989362773e+00 -7.017119001608107531e-01 6.199036260807593290e-01 -2.440614519913514302e-01 -1.153011370291888049e+00 -4.112719459731188354e-01 5.211928214890252375e-01 -6.629282403543745872e-01 -1.727512278536405654e+00 -2.861839126813836010e-01 1.423475049355860111e+00 -1.378149644667162610e+00 -1.658130426788230818e-02 1.104909493540679050e-01 1.644701059677386445e-01 7.835379205934013269e-01 1.740394581771903260e-01 9.618422499511691814e-02 1.007175783448928996e+00 -9.096388513847835089e-01 -2.680355737548124617e-01 8.049792450567873070e-01 -9.674746965227202233e-01 3.055620894861990622e-01 6.261410135796082743e-01 -8.850831477252381063e-01 -2.480520286648496553e-01 -1.624505171109298929e-01 8.849785314896657651e-01 -1.199617081007831265e+00 -3.758564881688299386e-01 4.334681287243938308e-02
-1.653552036580359097e-01 -3.751443595557465427e-01 -1.605111238561157894e+00 -1.839442721426450378e+00 1.253985912859174601e-01 9.549552875666148521e-01 -4.108417230645813323e-01 -1.560897611724445300e+00 -1.959357267873082786e-01 -1.320184729577701610e+00 -3.151826068291265215e-01 -2.136456017572395449e+00 -6.380257745465947039e-01 6.040256856178441991e-01 -1.288284570413545049e+00 1.054749308590408718e+00 -2.169496267520330535e-01 3.506997187971067298e+00 1.252828618301330854e+00 -2.765707730204546300e-01 5.313236357460449089e-01 1.758484301744224210e-01 -1.219491883076703198e+00 1.417190956918783939e+00 -7.772995499347758186e-02 -1.798037059674161942e+00 9.221394080568114937e-01 -1.500954568467268047e+00 -1.604522772523288676e+00 3.198862800612429780e-01 -1.724918370943471502e-01 2.152679596906434401e-01 -3.795500682501382061e-01 -4.949807442778991207e-01 4.766323796170190974e-01 8.640688990604374897e-01 7.301180388595177595e-01 -1.067888757592439841e+00 -4.811791521411999950e-01 2.532564592608603227e-01 9.934539525745845756e-01 2.036547066488450242e-01 -1.125053773706149896e+00 -1.608890851994471127e-01 2.933129148726265067e-01 -1.539014690399599095e-01 2.010635652383448768e+00 -7.055092638127652416e-01
9.702432713166442291e-01 -8.013070133769991665e-01 6.771180264792096004e-01 1.470685097774460770e+00 -1.467588637698487991e-02 6.575225226915701882e-01 1.255279258618916316e+00 -8.498585599757823017e-01 -1.049693599382773623e+00 6.231935623913097411e-01 7.205153484784803108e-01 -8.687298001505955325e-01 1.400517035949059297e+00 -1.173333475450586194e+00 -5.321630783373990647e-01 1.596717735298945673e+00 -4.545869212206069543e-01 -1.122889565295771774e+00 -2.083226380552056778e-01 4.806941763769070342e-01 3.313359546134633793e-01 -6.935404516933709740e-01 -2.287619579555943972e+00 -5.235607946074708474e-01 -2.467577060457279980e-01 6.001195602823417713e-02 6.327371514626959348e-01 -4.879656184306528921e-01 1.253501726819103546e+00 4.316589193320434781e-01 1.723130620185832962e+00 4.432907088909944782e-01 4.354728788324220834e-01 1.037806856933511934e+00 -6.057341364269124701e-02 1.118772275243131997e-01 1.021069654184750819e-01 4.249751818834695549e-01 3.854772073485718820e-01 1.084861890016801445e+00 2.625062937417426689e-01 1.599955975256720730e+00 1.523609082992359420e+00 5.466335298173332635e-01 -1.671090322169400233e+00 1.423647665928453876e-01 -3.110286117822469443e-01 -1.181985227037187780e-01
8.093532432009283850e-01 1.200578125401234875e+00 1.258734696661759411e+00 -2.374328215549492416e-01 -1.052461621059553432e+00 -4.481244951245034747e-01 -1.120368840762712814e+00 5.828810748263700547e-02 7.222768229889771352e-02 1.266473463471110117e+00 5.153497055616917955e-01 7.157668422811113151e-01 1.884949388112796109e+00 1.765706542020293535e+00 -1.254586746117556523e-02 -2.411293036369800635e+00 1.950240244149888461e-02 3.776491540016740922e-01 2.400317923328455783e-01 4.115521813075158630e-01 -2.071470440341030284e-01 5.119921973960130934e-01 -3.563259754842592608e-01 3.004065985352084023e-01 1.264306280415685713e-01 3.265056678570930626e-01 1.416812205160922877e+00 -1.162141791460724827e+00 -4.102420447227485001e-01 1.478351045301112832e-01 -1.355555772348911558e+00 6.102017502136832805e-01 -1.817821553536175250e+00 -1.290155416259569920e-01 -5.488809410922240728e-01 6.706946356985667990e-01 -4.782695845174086968e-01 2.113059476918668356e+00 -1.798933132276604230e+00 2.193658440035281210e+00 5.354116507040052042e-01 -1.224607428190274128e+00 2.692823377654185446e+00 -5.704131872961114569e-01 7.934815721280854550e-01 3.027885152397157276e-01 -1.702852178693963214e-01 -6.266975649446102636e-01
2.537181840647366182e-01 5.929908131580335917e-01 -4.026679939097212169e-02 -1.866156166135375827e+00 -1.063802834687641141e+00 -1.659976115553361886e+00 4.844571290959430732e-01 5.158584614057103446e-01 8.976299890137474230e-03 3.022608734521418650e-01 -3.562812999252538693e-01 2.193392715289852912e+00 -1.437620595126257728e+00 6.731388144317772548e-01 -1.016646375221201160e+00 5.680792564679252310e-01 -3.438939472505305184e-01 4.420162224378412774e-01 1.042720315154781058e-01 -1.645669991295349577e-01 -2.992117697754883010e-01 1.534208158811955158e+00 6.887768183713401104e-02 -5.751929304997517312e-01 -1.920128265917627752e+00 6.184779850901133136e-01 -8.222385914827794462e-01 1.621361474632596056e-01 2.694916502705854811e+00 -1.030476774719221167e+00 3.734066864987947154e-01 7.662128294153050696e-03 -4.291414946904767436e-02 1.637493831871691174e+00 -7.011580086222137798e-01 -1.165900682738911565e+00 -1.969914017594570910e-01 1.372541468392674879e+00 5.016019026003194492e-01 -3.002058326857660608e-01 3.536956565166619049e-01 -3.539015222869804633e-01 -9.391958415281280725e-01 -1.938012042926248624e+00 1.339036059527290989e+00 -1.776726211551387102e+00 -1.026019853275093707e+00 -8.500045125261931345e-01
2.329451694819809626e-01 -2.473367509943867670e+00 -9.795126883333087342e-01 -1.072287825092060665e+00 1.493875590656893015e+00 -2.044742773266757574e+00 9.394932131852847812e-01 -1.576380367944275385e+00 3.320510502284934051e-01 -1.741617185418916192e+00 9.092939137057174381e-01 -2.193799615409380177e+00 1.109740883458089966e+00 -8.859164847214556771e-01 4.376944948260936830e-01 -2.967976272004043126e-01 -3.361300257274483227e-01 8.869420569332676640e-01 7.071703498733857840e-01 -5.020090539362299653e-01 1.118587902008055135e+00 -1.701904557179721444e-01 -9.739652515586770809e-01 2.702736008277255575e+00 -1.112974720137305917e+00 5.478389013563280674e-01 -2.001927135753544196e+00 -4.585602089979087803e-01 -4.491743363471639716e-01 -6.119560734082754028e-01 -2.472699141732251360e-01 -1.505840308118754578e+00 6.313588016926299229e-01 -4.408864694328868961e-01 -1.557010558031640457e+00 -1.237958434649587103e+00 2.107096917350247123e-01 1.577370278887194166e+00 -1.187351728707138010e+00 1.444069564456038179e+00 -1.283382732904434720e+00 -7.827911852884711363e-01 3.829568373831331307e-01 -7.935079211998169457e-01 -1.158069738267628823e+00 3.194524022441234679e-01 -1.487903284487082756e+00 -3.214282673456261286e-01
4.204422020937292892e-01 -5.357094083992796074e-01 5.928468974518460444e-01 1.256850149229976843e+00 1.156597613313933293e+00 1.450663116143986464e-01 -8.162196867806104095e-01 -3.935244200939905790e-01 -1.521902861575431753e+00 1.095714742595254476e+00 3.710397177770624437e-03 6.127212316065325792e-01 5.957028811573727989e-01 -3.816882330264388945e-01 -2.056424271374323459e-02 -4.011149159931266112e-02 -5.067442893116647085e-01 -3.986631597357752077e-01 7.638536598191457694e-01 -5.459867882308877540e-01 7.015938300078702894e-02 -8.273777929549944177e-02 -1.118174418027555905e+00 -9.091323628374148313e-01 3.089902515614500328e-02 -5.260139963816187203e-01 4.051950045945428291e-01 -2.241103583176699277e-01 -6.598818478642153318e-01 -8.015904366525564706e-01 1.585065756167105766e+00 2.192572702835726695e+00 7.876185789286625771e-02 -5.697201552082199472e-01 2.433220135761263059e+00 -8.010733396730522760e-01 3.670158770485335009e-01 -1.385225619804454911e-01 2.456426354830791414e+00 8.878456600507532714e-01 2.123245687147660377e+00 1.755456880790772001e+00 -1.633004226664495961e+00 -4.050222548699498049e-01 3.217591131718813280e-01 -1.642958151269955092e-01 3.153670866536548850e-02 1.941688184175807685e-01
1.132129765398711463e+00 1.080842745939745386e+00 5.584098560969173730e-02 -1.347838083681741628e+00 9.934175165032621546e-01 -7.572010194915672621e-01 -1.235916247158456827e+00 -2.207412507858524664e-01 -6.984515610758171844e-01 -5.156974786896576513e-01 1.025970984406972208e+00 1.781360282503898995e+00 3.181329885125868118e-01 -8.436639758961967939e-01 -3.031192087007610753e-02 9.590544790923211105e-01 -1.073725595393533183e+00 1.335051143954240072e-01 7.876101752408445344e-01 1.959760489414439366e+00 8.021522186400933396e-01 -1.201493113751677999e+00 -2.898795288644023249e-01 -1.096717821210210442e+00 2.919965377993674616e-01 -2.203136926924005035e-01 8.828906138234077217e-02 -4.595485551471341079e-01 -8.356973711488278056e-01 -1.414767554302542196e+00 -6.990823241756477513e-01 -5.371768619997577821e-01 1.566699554200301048e+00 1.549730742110577986e-01 -3.816237967153593424e-01 -1.125833421612230517e-01 1.297511624968405997e-01 9.839889158190585627e-01 2.802165848078229660e-01 -5.515616908897235104e-01 3.480124746800714042e-01 -5.621416048844330993e-01 -5.394662773773547526e-01 9.939756103937251730e-01 1.623338106542889792e+00 6.232881000349277389e-01 1.687447522332368166e+00 1.591201012862209288e-02
3.497117429067541639e-01 2.414372211767500664e-01 -2.241243214711993448e-01 -1.888464310503498444e-01 -1.416574875517947030e+00 -4.448591377129534341e-01 -1.722108685227089486e-01 4.073677779960290235e-01 2.859193215209028249e-01 1.507126331570838307e+00 -1.063496825373177357e+00 -1.574456039073755198e+00 2.700530135568064427e-01 -2.593193081168555514e-01 -1.353429078834745836e-01 -6.173002145300661159e-01 1.215134150355206444e+00 6.307989526313330098e-01 -9.657927438746760629e-01 8.200724890121524613e-01 -1.620881021272253086e+00 -2.103856613690421540e+00 -5.831046981566958554e-01 -1.067234087095187522e+00 1.064134902515674053e-01 2.620142982160462639e-02 -8.222450374998219180e-01 -1.033333958036731559e+00 -6.086226986985678877e-01 -7.244229686148637715e-01 1.801966924560851127e-02 -1.218478286301337032e+00 4.327680701464551305e-01 1.892225008364853411e-01 1.030837629431256230e+00 1.224760725715478449e+00 1.146521618324528813e+00 -1.395948200501975767e-01 -7.007148505324732879e-01 1.406374803323144018e+00 5.269776105498600316e-01 5.916518736070489615e-01 1.101856033546766422e+00 -4.382420602095026263e-01 2.425332757393305450e+00 -1.851088699547203786e+00 -6.716033738069148162e-01 9.597512819514314800e-03
9.133372780140921326e-03 -1.690825721489431999e+00 -6.227336720345082455e-01 3.565685685830725649e-01 -7.061396260130042846e-01 -3.483332595463590198e-01 2.930903890826050406e-01 -1.632837928875226774e-01 -3.030773620959654191e-01 -4.785862120992638302e-01 6.227551074702144529e-01 -1.612607477717998394e+00 1.530768937779153571e+00 3.819140148522451317e-01 9.972520772167671188e-01 4.076212274348729458e-01 -4.052796414112004864e-01 -9.654956146011260953e-01 -2.496279432601836157e-01 4.038904323779345801e-02 -7.488708094121812042e-01 -1.062881074540658721e+00 -5.397257790364581309e-01 1.404466008038321112e+00 1.113167813026801456e+00 2.020715587656754242e-01 -7.451512367332816522e-01 -7.922806074430771561e-03 -9.557765799448459942e-01 1.427412608365691282e-02 7.904054102934123804e-01 7.060365222570840205e-01 1.895496324616422035e+00 -1.226453653090934237e+00 -1.543198452107643170e+00 4.002301564478781548e-02 6.237296334344026860e-01 -9.893975103935329640e-01 8.894634762538456974e-01 1.127151206250157633e+00 2.307454264757401174e-01 6.981670297515046864e-02 6.537768701171776664e-01 3.944176475374730484e-01 -5.045623851383314040e-01 -1.197525940400565592e+00 1.195511021784741112e+00 -1.356091634576655380e+00
4.131895267663200644e-02 2.363589418960654331e+00 -4.648127084064326286e-01 1.602512270022156682e-01 -1.531849056137153609e+00 1.534425468618055011e-01 4.576278384521967890e-01 -1.522635719483041772e+00 -1.156580745328996906e+00 -1.667598149438460631e-01 1.464018775556257257e+00 -7.554904396565315094e-01 5.348069736823538589e-01 -3.780553510997075040e-01 9.603825969360326731e-01 8.515215933893890421e-01 1.096847453508088266e-01 -3.178468328371031326e-01 1.195449001635594088e+00 -7.026303930818827981e-01 9.345495599974058543e-01 -6.691404315306437312e-01 7.240036332055407309e-01 1.374736280846348135e+00 2.638695649280080602e-01 1.770584575870819410e-01 -1.176172653461488693e+00 5.275701616640504632e-01 8.317375229425687522e-01 -3.449785756424263439e-01 -1.035308410007631075e+00 -7.109385712014497649e-01 1.478084186168364574e-02 -1.198620357884631948e+00 3.271611888566178933e-02 -4.985851198696565900e-01 -1.144005714257816608e+00 9.034092125467935164e-01 -7.042458200211189068e-01 6.211562094568032766e-01 7.610387072784575713e-01 1.480663459620781275e-01 3.626473331943074196e-01 1.114098842355715435e+00 -3.259755961634571153e-01 -2.173221786304289971e+00 -6.813227403699757545e-01 -5.976772184590710690e-01
4.037422210513407772e-01 -6.370426674520369703e-01 1.228207402911794421e+00 -3.457256344043263541e-01 5.824749102642580167e-01 3.830866973993348606e-02 9.670481310931476893e-01 -1.691986141410336986e+00 6.855300035102785960e-01 8.860831755949867550e-02 4.968713258567808433e-01 -1.069935096085418813e+00 9.665040033229309602e-01 8.254265048670118843e-02 4.399762481570929085e-02 6.918287838889226604e-01 -5.311862241574710763e-01 -2.088239383894651358e+00 -1.192545395478262993e+00 -3.874859324928125459e-01 -7.193647921294022973e-01 -3.861400601761306728e-01 2.346857693127675781e-01 5.549799349342217081e-01 -2.053694693725244824e-01 -3.174693965387307970e-01 4.391775690813011224e-01 -9.841664259460307651e-01 1.177480498269933618e+00 -1.737254126367954732e-01 -1.111763391806374512e+00 -2.276697066088834376e+00 6.692312881659363555e-01 -9.415342821204050194e-01 -7.883794932735223027e-01 -1.064171298155556666e+00 -4.029889495322408477e-01 -2.707334239600943104e-01 -7.074411171211527627e-01 -8.602028001880657193e-01 -1.285909065438166632e+00 -1.610750945736124373e-01 7.684921001578761679e-01 5.783296843581514635e-01 -9.739079586332201055e-01 4.669092699352701825e-02 -1.226242111440104088e+00 -8.898272268714936539e-02
-2.231156525834787074e-01 1.078705036932738670e+00 -7.336661568111650933e-01 -3.881173110747568877e-01 -1.159322155454278885e-01 -9.076016312323869073e-01 7.159373761482346055e-01 1.294241697001197178e+00 -8.604933249523897265e-01 1.318165878521924794e+00 -3.731342767604344662e-02 1.095720627690252025e+00 -6.260589379345433969e-02 -1.478765313688838179e-01 -2.762020368176758556e-01 1.491944696491900521e-02 1.326796386720235366e-01 7.835805442130761023e-01 6.900680033509669353e-02 1.197286089748662130e+00 9.344652691382294707e-01 -1.066558198810561020e+00 -2.036920273630430156e+00 1.196048050529078921e+00 -3.640861566404549055e-01 1.123433066659631635e-01 5.836384684190939337e-02 -2.075358060456864440e+00 -1.534875137897052655e+00 -3.165026599978516542e-01 1.637216693357447905e+00 1.435485545071023550e+00 1.783927403469534489e+00 -1.071390208574303893e+00 8.879853500732219906e-01 1.040847244599499177e+00 1.070090782151969400e+00 5.208485870450364486e-01 -1.042302763606416383e-01 3.079773843981993275e-01 2.042221520734374796e+00 -7.041728977465403494e-01 1.234184378046304653e+00 1.753704159191799228e+00 8.205982910405099640e-01 1.931624078872645978e+00 1.703473163295108894e-01 5.702696931810078418e-01
-3.075703727125330689e-01 1.494018654993712225e+00 -1.793191873827774674e-01 -6.448207313228759840e-01 -1.637179772745493755e+00 4.605128138095809232e-01 -2.467158491849625601e-01 -5.433764863755299324e-01 -1.130307945696467642e-01 2.931250367952690783e-01 4.079958638655107883e-01 8.903279151775903566e-01 -1.252950387738268168e+00 8.777186884859163873e-01 -4.212643509657343355e-01 5.909082262190058776e-02 -3.699041109233740521e-01 -8.473045937361758373e-01 1.045476019222398412e+00 7.875805803059678922e-01 -1.179382696972796296e+00 5.244194399561127318e-01 -2.158419270470943868e-02 3.571956294607681048e-01 1.413290590795833745e+00 -9.282216375397848163e-01 -3.493696440601106734e-01 -4.126458622498591078e-01 -9.783649425392058063e-01 -5.457515292384790273e-01 5.965757979316741455e-01 -1.280420980978983048e+00 9.969025457726204964e-01 5.280782877833716249e-01 -9.575443339425343536e-01 -1.550050202342140748e+00 -1.204565210496064909e+00 -3.068406391468730954e-01 4.673757812812510681e-01 -3.298977370690786004e-01 4.738396056639035958e-01 8.504895866341384281e-01 1.717998493859080877e-01 2.065605464921559165e+00 -3.824971513526728151e-01 5.273537594338242318e-01 -1.767336000630827852e+00 -6.570662403843807731e-01
-1.653007865342515981e+00 6.110355814919686823e-01 -7.374435923601636578e-01 6.753422192072129349e-01 1.353198268231304180e+00 7.179402370504306408e-01 -3.956491850438356161e-01 2.816379630515028487e-01 -1.444188837838567441e+00 7.663331771155793559e-01 -2.015016226245560094e-01 3.148087192906218745e-01 3.251463040857213160e-01 -2.092967258229457839e-01 6.584520980477382990e-01 8.435825742607114819e-01 3.322092429929698887e-01 -2.059387865839844789e+00 2.803942661306814133e-01 1.393598091289891261e-01 -2.618702954455500276e+00 -7.660592381014805774e-01 1.937023806956173377e+00 -1.293417506866004318e+00 -4.863699588057781020e-01 1.821262513159694896e+00 3.345237520495470962e-01 8.811126776070746791e-01 -4.830416369376963615e-01 3.669539786611002857e-02 -4.319773692656673214e-01 3.280181857651007782e-01 -3.099344965244310926e-02 7.069490325238335648e-01 -9.296853866696626334e-02 -4.122698287771857095e-01 4.211022789614355943e-01 1.573953271850678515e-01 -2.601048322012456393e-01 -5.212289667692879824e-01 2.430531530727318423e-01 3.008456926920378693e-01 -2.149024119654650899e+00 -4.130624002492602198e-01 2.194280423666997160e-01 1.386380341231552737e+00 1.743247633497805982e+00 4.977273664031640898e-02
4.526511734012645394e-01 -7.335069846419159934e-01 -9.102445963310477062e-01 -1.709582383304165898e+00 -9.311620009353593908e-01 1.277018794623749676e+00 -5.620485515688298239e-01 -2.360905561049987944e-01 2.480896791195198736e-02 -3.660198923749237165e-01 1.853296952386197516e-01 1.557428687279128754e+00 -7.131062935328734698e-01 1.607681939136319293e+00 1.952141475950484484e+00 -7.408593704286181580e-01 6.145221474170861065e-01 -7.865294926341587223e-01 -4.211298166895201533e-01 2.731033453106749068e-02 1.357224293051322084e+00 -1.259431685744430984e+00 -3.403220715064487756e-01 3.532998437267728109e-01 -1.694693382927416669e+00 1.537322334978118210e+00 -9.927167224728942196e-01 -1.981041543717042330e+00 -4.266092854358638498e-02 -6.399701373773724056e-01 1.300554970103879660e+00 4.610907744852179441e-02 -2.759017233624413978e-02 -4.803816386009373551e-01 -5.350669570877375492e-01 -6.120646414109938149e-01 2.056638532912717032e+00 -5.137108901110699621e-01 -2.450845588312402790e-01 -1.688438867540836830e+00 9.307924813446311063e-01 -1.153193209482661796e+00 1.377008110420390397e+00 1.539728029710734913e-01 -1.238745077755441182e+00 -1.077583731660455568e-01 -8.965804183042815900e-01 2.095996496832372991e-01
-7.078925507407353157e-01 -4.929362392645241231e-01 1.074638134347755125e+00 -1.038436536566136770e+00 6.964920031479939766e-01 -2.572975747674705604e-01 -1.927073690674221851e+00 1.772451403541293935e+00 2.436727984104547218e-01 1.080423711993599767e+00 5.862787328711029922e-01 -2.500526374278922437e-01 2.133417463561164684e+00 -6.724122553793369095e-01 1.553479840059926786e+00 -9.617581669413511891e-01 1.335711737589063697e+00 8.961717336237105813e-02 -6.943509420237370389e-01 9.985957807561744726e-02 -1.911349851931101851e+00 1.685858345325681240e+00 9.752001724467651567e-01 7.260675328146388718e-01 3.479913314766093224e-01 1.612619626230227532e-01 -1.095002266115198575e+00 5.431197258893309954e-01 3.613868443689173815e-01 6.101854857604447346e-01 -4.919958172347247416e-01 4.853491513065906759e-01 -1.890835778710388215e+00 1.322591979708284793e+00 -2.461201195879950454e+00 3.445687712215133036e-01 2.413621349660283855e+00 8.054436473816967146e-01 3.977005263694916026e-01 1.312952208412972555e+00 -1.062072250534623175e+00 3.287182429041372034e-01 -4.979981143710053848e-01 -1.199437811043020163e+00 -1.204496796998100416e+00 1.944599853202950979e-01 -1.462826213076413515e-02 -1.312850284875158036e-01
-3.790610617823065437e-02 2.403928854458469433e-01 1.361744251691182073e-01 5.700782526367282887e-01 5.547081549182745208e-01 1.675024599265383940e-01 -2.095592129093197364e+00 -1.269265410916292414e+00 -5.254442007741881859e-01 1.673554587431257179e+00 9.087826279122064310e-01 -1.123248444766120624e-01 -1.146077201198839601e+00 1.736405474372863633e+00 9.717249482809000583e-01 1.138981029906585896e+00 -1.375459330491396459e+00 5.785129858561429694e-01 -1.171563909591314817e-01 1.271997753430690992e+00 9.910889415063653951e-01 -5.161203812994078488e-01 1.508872898897484660e+00 3.840507241924025206e-02 5.008526355166343924e-01 -5.172835305809818651e-01 1.131010145888555085e+00 -2.142030993948938811e+00 -7.549423292335887270e-01 -4.316857548486677416e-03 -1.102407612965156103e+00 -8.395491998848791937e-01 9.286147014071273187e-01 6.188853143671654289e-01 -2.942418443417054719e-01 -7.174478476475837363e-01 -5.486042076170039028e-01 -5.536235402832652142e-01 -8.573754500449615179e-01 1.645860984765969537e+00 9.858170687613342364e-01 6.804085123673966340e-01 -1.186590875023160629e+00 1.537165359002559351e+00 -1.176055334796673346e+00 2.300212582781089754e+00 -2.043033845624623535e+00 -1.329462411041709258e+00
4.592783054926890540e-01 -8.578608202373008140e-01 2.388780638454988392e-01 6.796643082617351839e-01 1.088611341777403707e+00 2.087552489476287021e-01 -5.685756471813593338e-01 -8.244009096552501470e-01 2.198084211053768222e-01 1.134586814089671103e+00 -1.917340146942449475e-01 8.225545458790724240e-02 1.460640248902633498e-01 5.105999589209263556e-01 1.587766616119311802e+00 7.066676132682461198e-01 6.480786859163210067e-01 8.686458179332671170e-01 -6.803284681191694716e-01 5.721028529023074460e-01 2.090240425996742424e+00 -3.894837881114426303e-01 -1.012897676516421486e+00 -4.647713506986804743e-01 6.974277413196715569e-01 7.582695670860287729e-01 1.390339283779131296e+00 8.123517195230994803e-01 -1.462344796537027092e+00 6.397578426021934828e-01 -7.908118856553002507e-01 -6.945713552904342336e-01 6.176533293328561047e-01 -1.332495315753141396e+00 7.890371751442707415e-01 -9.390356309531434631e-01 -7.073227266867304630e-01 4.299375515829239047e-01 -1.421745327794467828e+00 2.739977406241040025e+00 1.436711595656302798e+00 -6.912349208837693659e-01 -2.156325201562524219e-01 -1.115082868656935566e-01 -1.296247391463402732e+00 2.468264350012191688e+00 5.711121517462267594e-01 -5.444272637172737905e-01
3.160421757511809870e-01 -1.079642756971745055e+00 -1.167194262961631368e-01 4.764187577174182620e-01 -4.773568058851038187e-01 8.853538566915292174e-01 -3.549269795516173387e-01 1.177264123841816001e+00 1.005587989123232218e+00 -1.394282263988439741e-01 -1.396558727145136292e-02 -7.632827454013724200e-01 -1.121369826157460503e+00 -4.106257322706853286e-01 -7.886127343672959533e-01 1.827293749669255174e+00 -5.986578509747548793e-01 6.925077057597671670e-01 -9.587049704334826838e-02 2.236359550837953569e-01 1.490400709714372995e+00 8.647310682171714946e-01 9.569327109944539833e-01 8.260273877891898264e-01 6.917034106639824431e-01 -2.093186832796836150e+00 1.602877007517899965e+00 -7.919092876411667481e-01 -1.215008301708059957e+00 4.264696882748709172e-01 2.881338969396600724e-01 5.398686444100053716e-01 -9.910010892906185864e-01 2.798698815840141574e+00 7.575354606527202606e-01 2.406611381854124876e-01 -8.992517380660748627e-02 -1.416112288018557042e+00 -4.848386198424582405e-01 2.158650888694875203e+00 -3.637834950287578972e-01 1.032546433859678814e+00 1.610426800091005806e+00 1.171511131016268470e+00 6.691697319983327397e-01 -6.757911923914197150e-01 -1.227974192714442192e-01 -7.233157960004100717e-01
-1.771276608675313113e+00 -2.722724176400809770e-01 -5.826715447941832604e-01 -3.967082842686981414e-01 3.382408500740307633e-01 3.435235570529722726e-01 1.668551054238014975e-01 -5.604239753812571001e-01 7.406151873178992706e-02 1.084958780394666089e+00 6.400367508937513383e-01 -4.230436125184411922e-01 6.904584309341856851e-01 -1.064843160235144914e+00 -1.935982451175549901e+00 -5.243572704228566250e-01 -3.214370300716719586e-01 2.556075583199379775e-01 -1.679758124392042862e-01 -1.628289655178451145e+00 8.477323878107644317e-01 6.564502223428133609e-01 1.842658448615333455e+00 -3.692788521718334271e-01 -5.738211022825152607e-01 1.164800455493450571e+00 7.681943379096364266e-01 9.259165249071544812e-01 4.023252148814337459e-01 -2.000605536157646358e-01 -1.134503869211036964e+00 -2.267390429810996755e-01 -5.157167390186542244e-01 8.520167328028283027e-01 1.353739578262386667e+00 -1.688147778287746981e+00 6.747939789753876205e-01 9.786298560219189313e-02 -2.632987714400191415e+00 -2.641179004649568673e-01 3.770286403654430352e-01 3.232528675450139222e-01 -6.289199284326545403e-01 -2.276260718899940014e-02 1.370715972328343302e+00 -6.749384320955732486e-01 1.625433980389586308e+00 4.280166164655465066e-01
-4.691613268355228072e-01 -4.573929725674901192e-01 -4.206671671160508996e-01 5.705206341542899962e-01 1.399091921614349143e+00 -1.132879687103087063e+00 -7.059267806026202630e-01 -5.166353855093726022e-01 -2.889540889825992775e-01 -2.249995887079155044e-02 -4.803565299721521686e-01 9.118930856347631231e-01 7.626218946289889944e-01 -3.293521281764068276e-02 -6.253214550046100328e-02 2.410650414965862798e-01 2.872919907045389243e-01 -2.930782874084925660e-01 5.028812931245902895e-01 1.554537057487544449e-01 1.109940492995492356e+00 3.951154105411790463e-01 -1.422064188978999777e-01 -4.733587817087430566e-02 5.860756867479258725e-01 1.527529931954395015e-01 -5.614379219826345357e-01 -1.021787293222565118e+00 3.778059514588463091e-02 1.064799121135129090e+00 1.656205801228304297e-01 1.718048124421619249e+00 -1.414489882813688260e+00 -2.164695533926523030e+00 4.165590719100875639e-01 2.054700420351750267e+00 -5.033379065665510854e-01 -4.475787641146254381e-01 -4.359389837493994335e-01 -2.660006376403128425e-01 -1.178108291692539916e-01 1.178616233080657771e+00 7.878647411242795107e-01 -4.982318374138396955e-01 1.137338163217479492e+00 4.509319387483435859e-01 1.024490333567687816e+00 -9.186557477939172323e-02
-1.254995047254466867e+00 -8.789869945080223124e-01 1.149170187620240702e+00 1.122190836136945480e+00 -1.414600193799840477e+00 3.725169273938375714e-01 1.022981168179016090e-02 -6.725512560676714102e-01 4.681988940856209314e-01 -1.096938998423097500e+00 2.063216810887643499e-02 6.140316748221869708e-02 -6.816206492708406506e-01 1.821644035228723757e+00 -1.554871247059453676e+00 -8.513638341478618754e-01 -6.839943457397007487e-01 -8.129973314095314540e-01 3.077425455097873019e-01 -2.351853898807916288e-01 -7.676976607934939967e-01 -7.914727982808852924e-02 -1.043997792507126432e+00 -3.764389776774792473e-01 5.499737426510344085e-02 1.794845452837463773e+00 8.037601249340707854e-01 -5.352303457946742116e-01 -8.580788979201845468e-01 1.535909432444489964e+00 -5.090337319065448840e-01 7.210388783119356937e-01 5.385630219518671158e-01 -1.102481974995626057e+00 -2.166895657978942791e-01 -2.857539265797507944e-01 -3.302446833944563398e-01 -1.356768034876677298e+00 1.070691703781633697e+00 4.305126508128694907e-01 -2.220921075208410755e-01 -1.009599098343842538e+00 1.553569013104790786e+00 -2.692301262373676396e-01 1.620296657705968812e-01 -6.217379803489861967e-01 1.057078586627798078e+00 -1.087109339965409482e+00
9.928759704624907645e-01 -2.106054176841615444e+00 2.171225457979467366e-01 -4.635240132603595242e-01 1.320368785686911961e+00 -7.285419117756215812e-02 -2.101252497743853198e-01 -1.896707663182884418e-01 1.038450377136944658e+00 1.214967532686202167e+00 -2.476517424662491029e-01 -1.084475726651932925e+00 7.871460409304354977e-01 7.536369112730926245e-01 1.423418294110017635e-01 7.060156485937899573e-01 6.072596183144445270e-01 8.464114072057493665e-01 -7.045973902218883866e-01 1.049833077624932498e+00 1.321993533969259449e+00 1.689589345702888545e+00 5.182147297854217127e-01 -1.069357606792661564e+00 -1.677390597175457687e-01 -7.285974915834074750e-01 3.395048393862466485e-01 -1.752129337759033456e+00 2.982735168512243851e-01 2.724458986999263033e-01 -7.255917245775894697e-01 -1.069419337791397862e+00 -4.999018417204899034e-01 3.723411320446426420e-01 4.573445364318308448e-02 1.667329260334304841e+00 6.181587406717500288e-01 1.119115206736617463e+00 1.556618345582119867e+00 -8.864543476837565272e-01 -1.395482701678039394e-01 5.744505967548375613e-01 7.006143482768767417e-02 -1.915014605697019229e-02 -5.968760091214442287e-01 5.962158978764545703e-01 -4.166321866197278956e-01 8.410653917443606797e-01
-1.382327777453562723e+00 -2.738487051278762907e-01 -8.552730847483642762e-01 1.895968801116038938e+00 -1.469996700596368555e+00 1.134760287621618735e+00 1.053789121360140468e+00 -2.491252007355643783e-01 -7.641837436025717967e-01 -1.538350917045800959e+00 -8.199296149980687121e-01 2.432664598792143029e-01 -1.241762888430786027e-01 2.387226082705681540e-01 -3.215435827261060364e+00 -6.747815023386145583e-01 3.880003336471726794e-02 2.852684348663910852e-01 -6.007869474175613345e-01 1.005790519012659257e+00 5.435605742553997199e-01 -1.064938117778948312e+00 3.209966439814389005e-01 -5.802894508787772611e-03 -1.575836797954943025e+00 -7.831318544282429572e-01 -4.326297177006738215e-01 -1.354497012913950860e+00 1.135734797944097513e-01 -1.476732964238995249e+00 8.826478173878374855e-01 2.435159084210491987e+00 -1.394496637475895584e+00 2.642947110245526948e-02 -7.379130367120956269e-02 1.238281081800859162e+00 -8.920373649540579430e-01 5.233736253493248558e-01 1.385032662865083974e+00 7.840739284908503359e-01 -6.270311209470746938e-01 2.344061688633878315e-01 -6.222145254051374419e-01 2.073438574040863180e+00 3.304734311015085635e-01 2.674229145715272815e-01 -8.558796708086217897e-02 -8.937740287098365488e-02
1.648847773283127927e+00 1.779158303212813541e+00 5.711939941936386989e-01 -2.664531832962813152e-01 -1.867656558376041609e+00 -1.101872742842695541e+00 -6.370786307324974862e-01 6.798517561343245252e-02 5.801804091909647243e-02 -8.296650990898619682e-01 5.388296768488722716e-02 1.461896329348543855e+00 -4.762772478616952854e-01 5.074136469207540107e-02 -5.273833069797598805e-01 -1.799307286153822294e-01 2.366941414954308320e-01 3.550491365128253807e-01 1.200678915277746395e+00 1.434961092470107058e+00 7.421092245065193937e-01 -1.213324252516111867e+00 4.791664110267029320e-01 2.693867440598501362e-01 1.383561758239299166e+00 5.381636020041852264e-01 4.519917914413539711e-02 -1.517730646757601942e+00 2.823182145638178930e-01 1.092459365156225548e+00 6.096335624865613090e-01 -1.773495232493812190e-01 1.135877774673006879e+00 6.177980150654121400e-02 -8.473542628057536552e-01 1.330457835070847361e+00 7.535744919709221890e-01 1.287622099120900643e+00 1.636300507156559947e+00 -1.217343663206183813e+00 -5.950210800870172484e-02 -1.424661325298266723e+00 6.953272865265676395e-02 -7.324758926399626002e-01 2.048836132009172584e+00 1.426817680136132083e+00 -9.372219083910956483e-01 8.539475044660016501e-01
1.158475907937469573e+00 2.204750789919854292e-01 1.299990559456161154e-01 -9.559738152919249332e-01 1.934292174452923785e+00 -9.011712327004433032e-01 2.160435278172760654e-01 6.393536581981711375e-01 -1.060695383072014275e+00 -4.664062770449284301e-01 2.274541236911644670e-01 9.128446122497756443e-01 -8.572007935325423045e-01 -6.743528923752510895e-01 4.282902865754176780e-01 1.350060338733475307e+00 -3.565147395013653631e-01 2.098162218675758695e-01 -1.546379018899853630e+00 1.654700319098226791e-01 1.210541790068481394e+00 -4.880098736841395057e-01 -3.800317973478246070e-01 -2.148567579202213640e+00 -9.021251902407444456e-01 1.837990170954273764e-02 4.510626112849326907e-01 -1.818627736490535385e-01 -1.277065921520300851e+00 6.199905649413480768e-01 -6.732662399906490514e-01 -4.052683496781453454e-01 -1.462302146218289189e-01 -8.201049372737434506e-01 8.350448198331750227e-03 -5.639897255064482140e-01 1.465714178643514609e+00 9.161717983630301987e-03 -6.800675330451569911e-01 5.744213784778421372e-01 7.214114892146196445e-02 6.015700558113555863e-01 2.524790361385750304e-01 9.958709714737040697e-01 -1.020712203072858593e+00 7.764559695904578174e-01 5.020082901058781077e-01 4.702829687187991964e-02
5.365227429707013496e-01 -1.015026242264483569e+00 9.377773811406374671e-01 6.172553891217767985e-01 9.210945334177392807e-01 1.777041834379101126e-01 -4.991104244821081837e-01 9.671711590813234505e-01 8.319130681123481086e-01 -2.489736721949801501e-01 1.094896030301210521e+00 -1.983702458421684328e-02 -4.056001312849738527e-01 5.755387528719418250e-02 -1.611886227921539128e+00 -5.103603779678567154e-01 -3.843105521843604988e-01 -1.948640253426907887e-01 6.430195587830092041e-01 -2.670467470265023846e-01 1.299248293521105380e+00 1.295213370829709776e+00 -6.260540510927168345e-01 -9.783639910994642586e-01 3.489986278007864984e-01 -6.079621888554149860e-03 -5.449665991526627673e-01 -4.533869791486523915e-01 3.742837517730506214e-01 -1.207001431829067412e-01 -6.969001475564373660e-01 -3.716509407866452896e-02 1.378272437750664714e-01 -1.855960740676616122e-02 -5.911641134080427434e-02 4.096962296499374601e-01 1.099382245903434807e+00 -2.348901338247532181e-02 -1.212483394027429551e+00 -2.239565666668228427e-01 -3.718844249924965206e-01 -2.005026810089896305e-01 3.374793661625177799e-01 -7.518139186719929867e-01 1.113786977903889613e-01 -1.093306794261692971e+00 1.458888189077498287e+00 1.433153749120453568e+00
1.060925203623653390e+00 3.875346333125347376e-01 -3.957522870409418414e-01 -4.743054727126094217e-01 -1.891405400713275453e+00 -3.793326446672198871e-01 5.889548287561175988e-01 6.070986106481122135e-01 8.729350951742015363e-02 5.904693816565523834e-01 -1.220838084605571777e-01 1.343343966158956349e+00 -1.934510140720539617e+00 -2.121582777591129787e+00 9.874031505265128406e-01 1.365553452325900086e+00 -2.979177861817058903e-01 9.521619935971608051e-01 1.268617867599563409e+00 1.022369151108714069e+00 1.368886297941513730e+00 -2.275599043446678404e+00 1.861354699353815256e+00 1.051135272380269603e+00 5.180583817570414418e-01 -9.142364221552505832e-01 -1.756496223369938825e+00 1.024454185911422233e+00 1.084961759182382579e+00 8.549184238714152562e-01 -1.131539157684787966e+00 -2.180899810297970975e-01 -7.574340629270112091e-01 -4.835871420984454438e-01 -3.773845037844587580e-01 -1.605130461651708362e+00 -8.111253710771069159e-01 5.463076676011898725e-01 8.383531816822726856e-01 -1.290186506323373061e+00 -1.535880406386270991e+00 5.364919915593893140e-01 4.701245057764745217e-01 7.270475319682669912e-01 2.451566523269934073e-01 8.532607043015234538e-01 6.845378108687598662e-01 -3.075650917319280864e-01
-1.044826260338981072e+00 -5.138852421848189023e-01 4.803632796996643584e-01 2.569207473510872197e-01 1.132410988444938038e+00 3.620965619661479784e-01 -1.751736669272155600e-01 -8.729034775921419298e-01 8.281888377622547148e-01 2.165306600581147656e+00 -8.768741767487745475e-01 -4.924585440672756276e-01 -1.396192682462187529e+00 1.162629293393082408e+00 -1.101800888717617832e+00 -3.730530417381630048e-01 -2.545399761614906137e-02 8.357410715728824657e-02 -7.367684779678427276e-01 -9.657972506807934732e-01 2.655097268974443980e-01 -6.921946257355209020e-02 1.709461887947740510e-01 -2.356123573666522031e-01 2.070476262528392342e-01 6.059426936428133903e-01 8.506082907937476678e-01 -1.869920135545249273e+00 1.093645324376693040e+00 -1.142664673565469274e-01 -2.261071428248269122e+00 -7.968878277517090769e-01 1.218119392454138916e+00 3.854915641566081796e-01 3.676239778019271820e-01 1.728172654364539707e+00 5.764954834552700191e-01 -1.539621787347543291e+00 1.344862217294748641e+00 1.176581170837651458e+00 2.196881955048797685e+00 -7.357898773430590067e-01 1.062576281511022680e+00 -7.487225359649619660e-01 -8.940069687563778622e-01 -2.525904222582975311e-01 -6.714641928751603484e-01 5.566955737172680774e-01
3.810694537077314870e-01 -2.110621915004608606e+00 1.065459540497017521e+00 -1.491858969474867180e+00 -9.873177839436692027e-01 2.654670145746520049e+00 -1.750025146590027170e+00 -1.924898172139766661e+00 -3.692595916236620333e-03 -8.182475757314335851e-01 1.533837870920920776e-01 -3.791448670722540326e-01 3.705317034852537716e-01 -1.574293948966806855e+00 1.044310811225229063e+00 -3.374176028682043804e-01 3.671867004277302171e-01 -1.234819096550712869e+00 -1.499416091877169288e-01 -4.577383447717778275e-01 -8.101120683933022981e-01 1.222547181313797582e+00 4.942451748942496836e-01 5.518114692858514525e-01 -1.430289127716079411e+00 5.138974965300520115e-01 -9.792617125024170033e-01 1.072872768959445056e+00 -1.523591782190100163e-01 -1.064430198447532394e+00 -3.158360393511813191e-01 3.745774243442083207e-01 1.061966492201703804e+00 -6.581973479097172897e-01 -3.522276778511082562e-01 7.675746311359588070e-01 8.578717212531963288e-01 -7.016228846313746770e-01 -4.680315918447759960e-01 5.001597526565582097e-01 1.268465155263045455e-04 -1.074324246380532255e+00 -1.483111962361544911e-01 5.638730108540312980e-01 -9.997523671062670536e-02 3.672081488030667223e-02 -3.067929399945162339e-01 1.790822893096656987e+00
-7.768491378655653090e-01 1.601108759347661170e+00 -1.052705632240917399e+00 1.005274538413614138e+00 -2.217536075052426239e-02 7.685960332225864056e-01 1.651288107786018367e-02 1.327004742058984110e+00 1.594873078916279718e+00 -1.184015180891767161e+00 -9.678128509998839002e-01 1.893340572614515271e-01 -1.123237342581898002e+00 3.440353995219373739e-02 -7.419535937975375584e-01 8.001626181003732574e-01 -7.914976225993071157e-01 -9.292722210170993868e-01 -3.305658009255168506e-01 -2.972248771180230342e-01 -1.658158672008759105e+00 9.914334687098425025e-01 -7.110688879547075181e-02 1.420713815858782869e+00 6.273318438880748360e-01 -1.678489253245626367e-01 6.049585592701534065e-01 -8.725697152176397076e-01 -3.494385475589862344e-01 -1.510406932325381479e+00 -8.553407444218445732e-02 -2.631377069024415150e+00 -6.420912207392091009e-01 -8.133183036341432581e-01 -4.702036223561900478e-03 -3.599828141759246480e-01 -1.097229285626777573e+00 -7.448317344917656513e-01 3.587417719390016968e-01 5.671534401877187381e-01 -3.979016283695027689e-01 3.360088764830891916e-01 1.834956534158719954e+00 -1.979804422217926074e+00 -1.991737986115476700e+00 -6.975734118287264807e-02 5.352038902488885919e-01 8.903297281523740725e-02
-1.279729446336110854e+00 4.345532919782050252e-01 1.045149281700775257e+00 1.408569590466244859e-01 -1.127692363279032772e+00 9.648309708329579903e-01 -2.204952713030265077e+00 7.599693081317288046e-01 5.179601120617316479e-01 -9.991718137331771776e-02 -1.931674237683251860e+00 2.261607120488903888e+00 8.493577006024306542e-01 5.635815987852460518e-01 1.731809749300119161e-01 8.766788579154750904e-02 -4.437373255632737212e-01 -1.143688785380330586e+00 -1.085447566483549037e-01 1.447091367498605008e+00 -1.462029791860944838e+00 -4.025468313305325951e-01 -1.090529893344159174e+00 5.334244330645065979e-01 5.178990772347507043e-01 6.327023690569898440e-01 -4.562891295203106434e-01 -1.790043592957305307e+00 5.402753875079769896e-01 2.013743016658658735e+00 7.024963902032723695e-01 5.429101939599501048e-01 -1.353974553534729619e+00 -6.980197865525289425e-02 9.564652714832059255e-01 -6.882363516687176608e-01 -3.146844101893334633e-01 -4.469258182026975001e-01 -3.049166428171856125e-01 -1.700703246837130367e+00 4.115313704575707665e-01 -2.827291389467486704e-01 1.207489268000063953e+00 -2.591369805038835850e+00 2.663429998488480721e-01 -1.275002464922250445e+00 -4.021136968313098747e-01 -7.101969427654677425e-01
-3.333549714331522917e-01 1.850717558487420186e-02 -8.350539147615496649e-01 -4.266942295639759020e-01 5.080336781141197439e-02 1.191260984073163470e-02 -1.436004475783688242e-02 -1.730208154235751250e+00 1.431711130565322065e+00 -3.543061403642689955e-01 -5.786646875283969482e-01 4.472296472577262927e-01 1.089184548012634979e+00 6.116711046915074279e-01 -3.757391364394864208e-01 1.004125682192695379e+00 -1.151876362271232024e+00 2.544650150629534924e+00 7.662184873650050854e-01 2.051053605856415274e+00 6.763464335932911631e-01 -9.647601723418134378e-01 -1.099693980761106582e+00 -6.701346760338074138e-02 7.802680674473470024e-01 -3.545478244596538819e-01 -1.068761076182830561e+00 -7.307828679279452233e-01 5.877275990862875776e-01 -7.775559803805659476e-01 5.401127649741669368e-01 1.697773440057608996e+00 -8.865454288699687879e-01 1.634131552159963752e+00 -4.600592453470119247e-01 3.694981567581960835e-01 2.177560209355517695e-01 3.506613654592464213e-01 -4.696715303868394253e-02 -2.999455643826033913e-01 -4.884740712445509447e-01 -7.300246500801083060e-01 -3.298152077552959360e-01 1.094960154295831600e+00 -8.617407447352478655e-01 -2.123710422198673342e+00 -6.843442977366274160e-01 9.471953187835938648e-01
-9.279807605554716288e-01 1.751030359552484317e+00 5.367356527645176234e-01 5.490927076379394922e-01 1.249767449821069798e-01 -4.157689206611244193e-01 1.044011120699468664e+00 -1.022104364768009477e-01 -7.947404086657097744e-02 6.618965293588354726e-01 -1.372454178821687965e+00 8.728173420932545667e-01 -7.908868865612744825e-01 5.720118040968651396e-01 2.141137703374346835e+00 -7.880392332111350873e-02 6.321706496000604192e-01 -8.982845074263583474e-01 -3.492122827508281624e-01 8.299111820139207785e-01 1.865059364043447632e+00 -3.432213124201509702e-01 9.143055529293692141e-01 3.619929306966304106e-01 -8.997133146510043478e-01 1.239686857823973476e+00 1.124999251265630384e+00 1.992632927582836944e+00 2.686415032156641125e+00 -9.166631087134596845e-01 -5.587613431480742410e-01 4.578503674312616178e-01 4.637680064240211342e-02 1.810218200337790628e-01 -1.230274228980120288e+00 -1.375074689669338213e+00 -9.724744885964965446e-01 8.778276289636546270e-01 6.183762984565170928e-01 1.285421429202567190e+00 -1.357919530475022896e+00 -1.878277605794772098e+00 7.672238124421872918e-01 -8.706720165223169605e-01 -1.731539834407134881e+00 -1.215273658083448227e+00 2.126883791964059023e-01 -9.154024801122262467e-01
5.593112547801375456e-01 -9.364373554009369771e-01 6.469487904941414458e-01 -4.228053881625419286e-01 -2.055117949930890475e+00 -3.146413365665584605e-01 -2.122894788164193969e+00 6.724952535597149561e-01 -6.138228760892008307e-01 1.401901252079851057e+00 -2.690066460122663705e-01 1.724882959796599780e-01 -6.028416383407736445e-01 -8.066629197258113892e-01 -4.029391097818674217e-01 1.410338803273258668e+00 -2.197714783190509447e-01 -4.838509325623887580e-01 -9.772038812849778711e-02 7.166458346330724094e-01 2.890327591948496977e+00 1.667557693327965440e+00 2.787854608322445915e-01 2.064203493725776273e+00 3.224264155572777873e-02 -1.696175132802615546e-02 -4.015046078148279407e-01 -2.151853388311997239e-02 -1.154891025179501041e+00 -2.625117234187240856e-01 1.024414374107016634e+00 8.715488905702319933e-01 -9.563495631590638313e-01 -2.973785294346408814e-01 -4.736971845338656117e-01 9.921474842354495172e-01 -4.433775705661055500e-01 6.872642672912639972e-01 -2.489723665205637038e-01 -4.389765612517155247e-01 -7.219882889056348230e-01 -1.193310831169260705e-01 1.892856652035531106e-01 1.810838625178564087e-01 1.198118419395812762e+00 1.314442935349522834e+00 -9.526755584905131080e-01 -1.551480974738789764e-01
9.461901213092123175e-01 1.018821454673548343e+00 -1.579587539018831310e-01 5.088451062702482874e-02 2.890892940364662711e-01 -1.484542817815081239e+00 1.166734423123434672e+00 -1.560276818227564810e+00 5.809336101415403242e-01 1.505396308317761278e+00 -6.356392722527010042e-01 -3.128113669329175006e-01 4.441370468246819136e-01 -9.929923623709995262e-01 2.407714023939588888e-01 -1.743118432109851401e-01 1.989799670522633512e+00 1.095772052156552157e+00 7.383135555101753011e-01 2.180585776714973612e-01 2.188405973090733703e+00 5.903325667346377426e-01 6.409897916370793647e-01 -1.882723429707722884e+00 5.838941527199527082e-01 1.082952842358417600e+00 -7.549032725997698590e-01 -6.362645903439877459e-01 3.605191366612398585e-01 1.358848896633622960e+00 1.517582290367297748e+00 2.268306630439157756e-01 -2.900626207774384402e-01 -2.601702912074093862e-02 2.160928696462735665e+00 3.892272954273764407e-01 3.530801347716880367e-01 -7.523113397731269469e-02 -4.576957271619580547e-01 -2.095985137537946241e-01 -3.270238316822100533e+00 2.434837529800657485e-01 6.989653726628758390e-01 -1.300431833242167823e+00 1.861569829550773769e-01 -6.279082684115501189e-01 -3.610503819271382309e-01 1.141279998284167874e-01
-2.132538107069817668e-01 3.716579077865271308e-01 1.176616284726677980e-01 -6.420181301097395155e-01 -1.655654286283050058e-01 -1.431865865124432036e+00 -5.337804947540087941e-01 -7.887369945336816235e-01 9.645868592394347685e-01 -3.861269069946976495e-02 4.486824254129755940e-01 -7.837254624380723955e-01 8.637005381585513009e-01 -1.383718593637986327e+00 3.791063644520678011e-01 3.986378348299396412e-01 1.356284142529441961e-01 7.862450981668273053e-01 -4.283964720224924250e-01 5.043123156966845544e-01 1.219136569118543623e+00 6.768121575335236395e-01 -4.438428823189923822e-01 -1.608561190807003660e+00 8.569749854435344816e-02 -2.750961898453654908e-01 1.434611919434551908e+00 -5.392285854167763182e-01 1.485825493384254292e+00 3.532219500314087157e-01 2.334353133112917200e-01 2.031993026923560208e+00 7.376173965705327129e-01 -1.812019525763485905e+00 4.308555034686717966e-01 -7.019468479609416445e-01 -6.183288159323087063e-01 1.081844307083327461e+00 9.457365404569338940e-01 1.487678420909342769e+00 -4.995448930878804150e-01 -1.335786034034689651e+00 -5.874812101450641588e-01 -7.090027580667694895e-01 1.085353272464497226e-01 1.402331538545914080e+00 3.409311458824765273e-01 1.534920690281857070e+00
3.819556185205486565e-01 7.447803389008877950e-01 -1.162176483618941436e+00 -8.168115403030543620e-01 5.598671930823959780e-02 -1.050108628205768557e+00 6.100232754982281014e-01 1.063380821664391268e-01 -3.573986892634666013e-02 -5.467193157834913109e-01 5.984632691132156790e-01 9.451299153080292559e-01 2.204337478715687471e-01 -2.215928366822303985e+00 -3.998935544508809836e-01 -3.312625728704507444e-01 -1.433662562272222329e+00 -1.290633113964574807e+00 1.546299415151709322e+00 -2.899662295571451276e-01 -1.584132512992034170e-01 -4.087844632929839017e-01 7.959360449033093809e-01 -4.657589904309670237e-01 1.182144154821086035e+00 4.571017228585518843e-01 -1.022432074758935494e+00 -1.945133012860230215e+00 3.866754848451822157e-01 -1.697543256505411602e+00 1.605615093888315803e+00 2.858597569783462022e-01 -2.497952188724336109e-01 5.325597955536452710e-02 2.878963555868746527e-01 5.428839284943738352e-01 1.706346591022380954e+00 -1.752354131440930995e+00 -2.854740765601246899e-01 3.025287828393477541e-01 4.506984827745489364e-01 -4.635375152711200819e-01 1.820673164129041899e-01 -2.127714707782381309e-01 -5.437739469487072874e-01 -4.668101891918017277e-01 6.011972819460125184e-01 -2.746013857260981572e-01
-1.067857241985385314e-01 7.695795591792592427e-01 3.405027534266594214e-02 -4.555526823848696921e-02 4.057000538408880308e-01 -1.952728119802358497e+00 2.070514941193050268e-02 -7.725905978276557118e-01 -1.143158843966491700e+00 1.237989396072215753e-01 5.263257169380800571e-01 -3.611769122967233847e-01 1.290520624474287281e+00 2.250532202578893748e-01 -6.670229134959384520e-01 -6.488940670663997379e-01 1.050555149517760523e+00 -1.844818659078898193e+00 9.182933540379158988e-01 9.797728433526997627e-01 -1.511529098760938439e+00 1.445857355234205999e+00 7.355678556197640106e-01 -7.944559005652853667e-01 4.840534365039144138e-01 6.421664859125839619e-01 1.174561120905357692e+00 1.470764212819206440e+00 -1.103841943912929224e+00 -1.427170836782081231e+00 1.597908848456249586e+00 -3.880356166669878815e-01 -4.499296760169373965e-01 -6.089300107575508214e-01 -1.289577012297798975e-01 6.653970775710926766e-02 5.033983342475751854e-01 -1.497031213333032573e+00 6.120459129995531322e-01 3.940227800863819740e-01 -1.227343608105640582e+00 -3.932616045616015299e-01 6.992392714184461622e-02 -3.760184941689165283e-02 1.118154889378992989e+00 -2.943653803542857755e-03 -3.295181284799685861e-01 4.341322483278566707e-02
-7.443841671633800727e-01 1.726526883878942986e-01 -1.287711836183947023e+00 6.596044751015741614e-01 -5.942642812403821084e-01 -3.902274521011500630e-01 1.337401275188044268e-02 2.874738300317680184e-01 5.535890954347213455e-01 2.065695900311704525e-01 2.866190026485130882e-01 4.584105048784144487e-01 8.958662544587412402e-01 1.044201610293991056e+00 5.157454574748560061e-01 6.152098955210902331e-02 -9.545262901195971095e-01 2.666497860228902450e-01 1.301682816524847075e+00 -1.335729964106280754e+00 -2.654654369959021376e-01 4.814043899672441895e-02 -7.166496830006107155e-01 2.035724698927779741e+00 2.336038285559212113e-01 -1.732268997318368253e+00 -1.615745536113783798e+00 -4.790832220105379902e-01 -8.318238727246834996e-02 -1.038743015708134765e+00 1.334767941820431958e-01 7.063029695862576007e-01 8.130676282240864583e-02 -5.568562349647214749e-01 5.455216086366231343e-01 -5.370177832099583271e-02 -3.178562672078771856e-01 1.150009095824639394e+00 3.666770153430181090e-01 1.033420228429271504e+00 7.377387225700825502e-01 2.295574295976652024e-01 -1.392961416584810763e+00 -1.125197450327883208e+00 1.078667883000864469e+00 5.007798829886620506e-01 -2.714148793245500513e-01 -1.011363619811104453e+00
-3.414997769851563225e-01 6.351364461016019147e-01 -1.411643139830949689e+00 -1.570618404854223327e+00 1.707540940853528033e+00 -1.062142121014593599e+00 1.623884633656450083e+00 -3.103806608944337797e-01 7.141192523435370143e-01 7.339463660280600710e-01 -1.354196778525424749e+00 -5.052262813869478481e-02 6.656505462006795382e-01 1.113934764758667262e+00 -8.204187811413933551e-02 9.829877125669319593e-01 8.799255074613802075e-01 -9.530553921066690082e-01 -1.130573497060382904e+00 -1.097462459004754365e+00 6.525191710657216593e-01 -6.550211151518123831e-01 2.713617433935081591e-01 1.569849907914370180e+00 1.032946170161747501e+00 1.143021298821581544e+00 -2.352974173304393624e+00 6.298938693036908176e-02 -3.150027406041783440e+00 4.829790956629245180e-01 4.135932018239985020e-01 -5.014313384892514769e-01 3.963138640847045369e-01 -1.074550019302381143e+00 1.074086589354466881e+00 -5.185088131763269104e-01 1.826781094775436598e+00 1.753726777214475785e+00 -5.684901048720725214e-01 -6.097751082704928605e-01 -2.827466077742360473e-01 1.154635985581729390e-01 -9.952177146976115552e-01 7.118212069546812071e-01 3.545603047700783272e-01 3.908946227216884561e-01 -1.060954164087972162e-01 -5.302736408368360355e-01
1.956153108758387660e+00 7.996648765034171102e-01 -1.538315938688137596e-01 4.551042537634184537e-01 -8.124239745001732294e-01 1.013049925968295240e+00 -1.406589482311551897e+00 -1.217222162504309341e-01 2.343558132984301601e+00 -1.965551610999625998e-01 6.366323192580185530e-01 -1.451712976844196756e+00 1.131001430956378034e-01 3.458381490802085040e-02 1.268613148314525318e+00 -1.685208923720208141e+00 -1.593193464212253885e-01 -2.888723766965376472e-01 8.287941820450859254e-01 -2.278762466261779682e-02 1.602455772993247374e+00 3.399289516646901155e-01 -1.148149981593121538e+00 -5.575295060929543745e-01 1.422172467929577078e+00 -1.329428626405061986e-01 1.022572866084586751e+00 -1.022564582737638395e+00 -2.640517064827926363e-01 -5.614085352588584765e-01 4.963096745860869907e-01 1.142571664782451979e+00 -2.561478544908630361e+00 1.923312885384108051e-01 5.186775151757004876e-01 -3.066028521706493315e+00 5.937384684648927546e-01 1.015860988274327248e+00 -8.740673863176591230e-01 -3.255532786673119294e-01 -2.430569076429627828e-01 5.046862878834376120e-01 -1.068207337262164353e-01 -6.391205697133593988e-01 -7.430793715284488288e-01 -4.574733366875369939e-02 7.716978677744182891e-01 6.382921508075534156e-01
-5.258406897205615271e-01 7.969697753543303342e-01 -3.644747884025244522e-01 3.538753297418193999e-01 -2.604401329807707111e+00 1.197057400682081774e+00 -5.144653072011243777e-01 7.898206026988678630e-02 7.402093611412873253e-01 9.274413911946152722e-02 -3.263315036542496217e-01 4.164637742687881672e-01 -1.174406046898250011e+00 9.904071089194433908e-01 5.861103866268256857e-01 -4.910417303275750878e-01 2.428453836264168608e-01 -2.489103450146683105e+00 8.462530156978645968e-01 1.037556002092601543e-01 4.671272492472461346e-01 -9.950635155954311584e-01 8.702996481042011290e-01 8.748474818368721095e-01 -1.164986220413278595e+00 -2.242167856590494335e+00 4.172581523749589461e-01 -1.116465234394945494e+00 -1.461083148222990902e+00 -9.601547689173164368e-01 -4.384507072775500891e-01 -7.609655057831742342e-01 7.443961695730626493e-01 -1.179571520874847401e+00 8.654125768478394126e-03 6.283270979938042622e-01 6.073316621864017772e-01 -4.133616439084612515e-01 1.055599156782493497e-01 -9.609840673914224474e-02 9.230555793116294039e-01 6.794399946582870831e-01 -1.186379615909713303e+00 1.099080391259456668e+00 1.735642259861092107e-01 1.185362384415826309e+00 -6.941778432932020626e-02 -2.148522881257426853e+00
1.784105509304173776e+00 1.041069414434614426e+00 7.448625415522243734e-03 -2.142110131340309920e+00 1.214968450301007419e+00 2.327914570500808633e-01 -7.795549963212916600e-02 -1.644576384186671736e-01 1.114227580692050745e+00 -9.728031494250028999e-01 -6.725659301531500267e-01 -3.154997020037764166e-01 -1.199719700496678088e-01 6.230818776182065477e-01 -1.239910713835603723e-01 -1.028486741116404035e+00 5.472558001645041470e-01 -5.013549047459960883e-01 -1.940404648294300261e+00 6.257662024611420071e-01 -7.459553687559900004e-01 1.053390823526085152e+00 5.280649294207400146e-01 -1.579128796866928752e+00 3.071193107131470756e-01 -1.036457472781385558e+00 6.282403674385556025e-01 -4.501022840073778952e-02 -4.304920683254176983e-01 4.767173014306898549e-01 6.490506231173814866e-01 1.824750179876485218e-02 -4.613944962161591334e-01 4.996904010098892623e-01 7.491398743153818152e-02 4.198345504754838475e-02 1.964721535435422606e+00 7.818200657664257092e-01 -1.315245262473090149e+00 -3.935524153630337585e-01 -9.273525885578854933e-01 -2.767289951503303369e-01 4.469791431254491187e-01 8.985929872603408697e-01 -9.985467802039407204e-01 7.459663220648367066e-01 -1.991464431302886195e-01 -1.337577766570897664e-01
-1.757394314085142906e+00 -2.519256429871844283e+00 -2.121935352114217022e+00 -1.102187743707093270e+00 6.072791473146758046e-01 4.617178899393020730e-01 1.230056910666861292e+00 -5.189694576538365078e-01 2.508619938217734324e-01 1.402370396128522101e+00 3.578054392750426027e-01 -1.380407400828727038e+00 4.032109941872338288e-01 1.146140571454535406e+00 1.464129136139148135e-01 5.409096490089913001e-01 1.482411168841446969e+00 -1.397923554890551756e+00 2.559190995097101462e-01 -1.966783918263783904e-01 -3.300604197661196615e-01 1.031527423904006063e-01 7.442344282512067810e-01 9.587838970409952033e-01 3.675229971449254229e-01 8.367211688063168618e-01 -1.375180242840902123e-01 -1.226969452855987353e+00 -1.248636359092387460e+00 -4.620273768009696552e-02 -1.853449751316862126e-01 -4.101788368276048091e-01 1.982045427591856424e-01 1.487690554643162910e+00 -5.848992797742313954e-01 -1.150689034785533194e+00 -4.555305211597586723e-01 -1.223775641958572358e+00 -1.346975035034631181e-02 6.653978381975257372e-01 -5.853795402479907706e-01 3.108160745562320026e-01 -1.059335048683529124e+00 1.554332999558816764e-01 -1.390615966001020665e+00 3.555789730179106933e-01 4.550708764493562319e-01 5.472299550614269092e-01
-3.565957337308042208e-01 2.125208769945361453e+00 1.456407671281270411e-01 -1.602210380310227444e+00 -2.281741123428157325e-01 -1.190693533774916935e+00 -1.739770693938801627e-01 5.580502765961576905e-01 3.259367338666394609e-01 9.825050857434899365e-01 8.629807848040420559e-01 1.191815119104382648e+00 3.093013506684510472e-01 3.908370678974578127e-01 3.800195963817613598e-01 8.988679028230063262e-01 6.893780880655417942e-01 4.551569186922209131e-01 1.250884529983762983e+00 1.641358956971903371e+00 -8.233276389817201224e-01 3.882260440681918889e-01 -5.757987098568484452e-01 -2.498780410905131200e-01 9.117832002339560926e-01 3.543468384929757131e-01 -1.133089685995385842e+00 -6.706965193022803584e-01 -2.223743891589567423e-01 -2.434967740827892468e-01 -2.215288201817778635e+00 2.479361679948342445e+00 -1.411011625144631632e+00 -2.244189304823814290e-01 3.379834041918780008e-01 -8.888344941852912573e-01 8.339184669092361002e-01 -3.637342147082655575e-01 -9.634389078286625940e-01 8.353901414648653434e-01 4.711334813626590068e-02 2.060198243046269972e+00 1.876569902157338099e+00 8.366435567514671767e-01 -1.839681036708901707e-01 -9.629780842618369530e-01 5.631227481259161172e-01 -1.850521432742418648e+00
-4.464408693853534893e-01 -1.152224088550814596e+00 -9.952143602822833834e-01 -8.618704535545345102e-01 2.020109121261473573e-01 -3.153104762024441787e-01 -4.142859350784389161e-01 -3.062589657522883924e-01 1.056610058746830560e+00 1.381911187809813590e+00 1.162243941598196439e+00 8.898316759343203319e-01 5.422477947881906291e-01 1.121075696815891476e+00 -2.218935777079045657e+00 -3.479844005501334103e-01 -3.887546853580104989e-01 1.342097722666116821e-01 1.887075639100589175e+00 1.098076488692900643e+00 3.502860077073978173e-01 5.234986303408559749e-01 6.562648390922060093e-01 1.869637703710605336e+00 -2.161649881116740057e-01 8.393653321285443614e-01 -3.412232146588805026e-01 6.269638763777029000e-01 -1.388459086551846910e+00 1.109184840058897503e+00 7.861094737546713007e-02 2.449673225403986576e-01 -1.400345339904428554e+00 -1.070688664996079620e+00 1.413856921921020415e+00 -7.505035557427950366e-01 -1.489421014422246614e+00 -1.779135005434647199e-01 -2.127482031347959879e+00 6.303800960405272491e-01 1.962440337051398087e+00 5.505987021722128505e-01 1.397805113269305677e+00 8.487922876084495749e-02 -7.984723225156999948e-01 -1.774316700041639772e+00 6.701179501402805272e-01 2.334589661894816537e+00
-5.412714941103859978e-01 -4.603667839077166812e-01 -1.276565466458115639e+00 1.170995545051328968e+00 2.175845728431050841e+00 -5.546028759166681255e-01 -2.129610648577976661e+00 -9.299960490739410668e-01 5.854239037059942863e-01 4.459510841933513325e-01 3.909156294290672684e-01 4.612904106584815311e-01 1.312155326876797146e-01 -6.062246016961648776e-01 -1.774984948408972363e+00 7.727097698779660240e-01 -1.246784257962536335e+00 6.387642597017830770e-01 1.855552896287373965e+00 4.924270602505717576e-01 1.063034170733925698e+00 1.426806737407434911e+00 2.164752739815241966e+00 -9.286185233978505593e-01 2.355358057129724181e-01 8.419966133520558060e-02 5.190299068640816804e-01 -2.069576944254763184e-01 -9.920604014598717324e-01 1.229683610182587206e+00 1.444930244254226004e+00 -6.496847383776299667e-01 -9.012120612133797670e-02 1.700237132967497455e+00 8.300196938892580034e-01 -4.397657394495377292e-01 1.227832791622202047e+00 -1.903114570892970037e-01 -5.673471541884982372e-01 1.329594639482541973e-01 7.456423994642544240e-02 -5.056303509720244671e-01 2.822897047908925483e+00 -9.794770178561499341e-01 7.859784656487157628e-01 -8.030954605523261680e-01 9.164394191133735657e-01 2.903076203039245962e-01
-2.520311041358423321e+00 -7.681874661733788523e-01 -8.735051450814668161e-01 1.827050426774395220e+00 1.338563844072960585e+00 -5.218982774880598363e-01 4.985525176004727554e-01 2.093944956930359869e+00 -6.681622378145299912e-01 2.594107274573822508e-01 9.262231113284671302e-01 -1.891974708186018317e+00 -4.368462526471671437e-01 6.275552353684059614e-01 -1.197810861602001786e+00 -1.635664316900858006e+00 9.701415628142728842e-02 -7.569242604273673791e-01 1.954021814123835021e+00 -1.244582369193058258e-01 1.942954214381395484e-01 8.733408284725382442e-01 -2.787343996889887210e-01 -3.374381463183295793e-01 2.675670093643793268e-01 -5.713584784630244551e-01 2.331585323769561346e-01 3.100983908177522563e-01 2.667453911364379149e+00 1.174023255884739214e+00 -1.335774535437907806e+00 -8.528461041840023071e-01 1.966961179778848878e-01 2.731381526606242727e-02 4.528274511695880022e-01 -9.990341966083544634e-01 7.760423506510807923e-02 7.536929338124731537e-01 2.423661822765003360e-01 7.449644742185195234e-01 -4.084533523763136387e-01 2.025582308875078841e+00 1.788127959737486616e+00 1.117192851280921773e-01 -6.048004281196311949e-01 7.219146739808989244e-01 4.424514354902447377e-01 2.326244611987532407e-01
-7.426777499483049327e-01 4.029346985891544275e-01 1.423947494016787330e-01 7.762381540008149727e-01 -5.616264390193093092e-01 -4.067640547390453110e-01 -1.724818800135425878e-01 -4.135151003920504720e-01 1.756137835648414525e+00 -1.045682891219302135e+00 -1.273315175396787069e+00 1.152383800258868496e-01 1.096101028693906992e-01 2.153639013419513804e-01 -1.466402183734530240e+00 5.477693956629651334e-02 6.183948633048741428e-01 9.530613472033151456e-01 7.939556569790395812e-02 1.155890704223030696e-01 1.867209208518090524e-01 2.302372420075082804e-01 -6.484908401588914684e-01 -1.469369103179990477e+00 5.532971803977670966e-01 8.222797059010038545e-01 5.219928960210280522e-01 -3.550756387499318656e-01 -1.205879857778845654e+00 7.858088110164065943e-02 8.882594825525431947e-02 4.779488982051433021e-02 -1.566444061815768299e-02 -2.091522926164794072e+00 1.193106950188719262e+00 -1.286870637478789270e+00 -1.741241457123712255e+00 -4.205274965933367137e-02 1.445164799771406994e+00 -6.275196593201475270e-01 8.785183557110853858e-01 9.872519395200318390e-04 -4.616333630171001734e-02 1.838760786072232367e+00 -6.624804141455786777e-01 3.916281081288909283e-01 -6.477136311439309901e-01 -1.762832349292797973e+00
-2.495714835134166254e+00 1.081455441318632360e+00 2.474706271115582334e-01 -1.215788610719048091e+00 -7.468995992099636272e-01 -1.785358605483966521e-01 8.236429257335387000e-01 1.948703507413188429e+00 2.269961864154991238e-01 -8.415692194544578397e-01 -2.606706768092037052e+00 -4.519612442647100714e-01 1.488361711419938505e-01 -1.585466415941287899e+00 1.330849641174824294e+00 -1.233651123243285408e+00 4.292068473554196406e-01 -3.284388101196128451e-01 1.935292452561252208e-01 6.123079106235868041e-01 -7.843744360287285833e-01 2.077233710803595201e+00 -2.608040496678399878e-01 5.807561407952293031e-01 -6.114047024433757471e-01 2.211548757175785695e+00 9.618844251076908991e-01 -1.449269786389003056e-01 6.812837279778992672e-01 5.652782179551449904e-01 1.224951100140846821e-01 2.824378872354978420e-01 8.540249652103468203e-02 -1.479059758600091090e+00 1.046661672728863790e+00 4.414800490060630800e-01 -4.838217105527931605e-01 7.738733867186717852e-01 -7.030960419105243275e-01 -7.681195915958092257e-01 -9.616245108206777914e-01 1.168995119598334187e-01 1.709649902412876621e+00 -1.301188971462807320e+00 4.322952014671964105e-01 2.015117158245225970e-01 -1.228917747695053853e-01 -8.429568698795609771e-01
1.129716595783583077e+00 -2.459091788677948642e+00 -2.341121265021131603e-01 -1.177303693309603161e-01 -3.851473365471465016e-01 1.470936745657230871e+00 -1.258689098836021369e-01 -4.411273680390185303e-01 -2.898395197238923804e-01 1.930561246692913957e-01 1.001619202802441766e+00 4.026516026810432469e-02 3.734192152765737349e-01 4.545981165858034578e-01 -1.183481673265968759e+00 -9.707619020152816747e-01 -3.278199393336036493e-01 1.798657268777266172e+00 1.208082488096186013e+00 1.092171506174772766e+00 1.972066588344995874e-01 -2.439109058148279663e-01 -1.209407890237028216e+00 -4.373787266592610856e-01 -1.443645074191992339e-01 4.114459473942255752e-01 -1.107596496986894996e+00 -4.109913185562080740e-01 -4.754352875783526278e-01 7.829965656895764292e-01 -1.813068144806290416e+00 -1.109486677545785671e+00 1.057210988713071620e+00 5.218685715278454929e-01 -9.045853455529222209e-02 2.143311817411573950e-01 5.314956236566340531e-01 -8.888535183322381350e-01 -2.866111933890211436e-03 -7.076490137714926132e-02 -2.045167292785547430e-01 -1.762356995813233948e-02 1.350519550527006007e+00 1.894718438298685637e-01 -6.929405015588347982e-01 2.989277076192516369e-01 -2.093712473513236472e-01 -2.422833932106200017e+00
8.941287149654413291e-01 -7.661317610224246399e-01 -1.848650599104332715e+00 -1.713790993829784615e+00 1.695548685051335491e+00 -3.315639427521073213e-01 8.209680943187218360e-02 3.338273234721034211e-01 -1.875358673060905923e-01 -1.406469161290187231e-01 -9.762019257342833267e-01 -2.267939804710950302e-01 -1.710456021610619604e-01 -1.776175667734895131e-02 -5.510203822520496342e-01 -3.555895834507725728e-01 7.468640386574727508e-01 -2.105233424866231051e-01 -6.479090037727636142e-01 7.576469742587318423e-01 1.165936919250580628e+00 7.434980031006467316e-01 -9.411512643655668697e-02 4.279750632224054163e-01 -5.543465926189260484e-01 -1.297180908519448561e+00 4.679829894781098454e-01 -2.572895398878430329e-01 1.022886732578942581e+00 1.381500462887078839e+00 -8.010779323658744344e-01 1.674389459986987294e+00 -4.952706653892890998e-01 -7.925727925262781026e-01 -8.880156639180912803e-01 -3.713618140951835955e-01 -1.285927611619293476e+00 1.378199486227542847e+00 5.978240609213772982e-01 -1.718109532345363011e+00 -1.653854704576565249e+00 2.192205932393748169e-01 9.939528882631064599e-01 7.987142447944634016e-01 1.420159805896419103e+00 2.090411800985713664e-01 1.356519305838043143e+00 1.442334169627862428e+00
3.189420417962080673e-02 -9.419406665975668669e-03 8.743917284150933833e-01 7.685203596236617196e-01 1.304837223734776730e+00 4.603699991116073642e-01 -1.183573015756675062e+00 2.572474449728736068e-01 -9.101342701410893854e-01 -2.746573279816966195e-02 7.370949750990726246e-01 6.164145632516193629e-01 -2.700507704694252165e-01 1.199215826741714563e+00 4.514843609869294005e-01 1.676185926256225756e+00 1.461648791186806795e+00 -1.668251275022534785e-01 1.632091048320158277e+00 -7.687229187675442832e-01 1.356170453680471955e-01 6.288251543636917962e-01 -2.303689267442144972e-01 -1.745215686704235436e+00 -1.201747107868579523e+00 8.905388661630818659e-01 2.266628743216980268e+00 1.089107706402948350e-01 -7.868883428985899986e-01 -2.736795620626022441e-01 9.586332321544314972e-02 1.272066264296779214e-01 -5.933811854929730289e-01 1.144550083904860349e+00 1.171190535464936566e+00 -1.929299661715088599e+00 -4.019316454913732239e-01 1.678598127548360575e+00 1.435006875185294462e+00 5.018661139049314102e-01 4.799560864568959695e-01 -1.223574112623804222e-01 4.709802521459099389e-01 -3.546375681712504169e-01 -1.079132677572795102e-01 -8.925968331789801979e-01 -1.595975880145713122e+00 1.280890266017648660e+00
2.025896457120627547e-01 -1.040490537764322099e+00 6.178226833177176136e-01 6.522602544702745808e-01 -2.475213221476321834e+00 -1.467513544521902302e-01 6.033723351039949057e-02 -8.982388711888604771e-01 9.875862001728213935e-01 1.496893715864150209e+00 -1.048990480747268084e+00 -9.634700930552704268e-01 -6.194457898203550306e-01 2.887330140838328257e-02 -8.033060232688787883e-01 4.091954209384791874e-02 2.896844536260804737e-01 -3.477688657935287253e-01 -2.560980068207376892e-01 1.209464144608015435e+00 3.848473447519404900e-01 1.151920806770799333e+00 6.500763878213677849e-01 1.955354015312062765e+00 -2.042533722276636432e+00 1.058824671650957283e+00 -1.421076868199291077e-01 -5.718589884091517250e-01 7.632565589205255741e-01 2.937439189199225753e-02 -5.150829798984835062e-01 -1.622177425496705183e+00 8.512228895479136137e-02 -1.770710719028180113e+00 -4.669028985942823007e-01 8.418797716859216518e-01 1.322963744562265509e-01 1.206510872638571819e+00 1.095579291445117232e+00 -4.452321253236352638e-01 1.101454307664615717e+00 -1.100170013463164675e+00 -1.396692076983623076e+00 -1.347034354126067923e-01 6.644313906796577296e-01 7.067837482772501567e-02 -1.167553392169910165e+00 -2.913112228292310535e-01
9.592506704147031327e-01 6.761239796518559997e-01 -3.245371588034778876e-01 -6.101827806380696329e-01 -6.878751782012189064e-01 -2.966879372721543118e-01 6.374364072027886019e-01 -5.290166513667368120e-01 5.540734970588645503e-01 -1.220010148597081567e-01 6.429148265819227825e-01 -9.599374094235130217e-01 1.415740632481296557e-01 -3.241610215474276246e-02 4.073969743493700557e-01 -9.333137870549108595e-01 8.601760632487734926e-01 5.750153036089847847e-01 1.595122004864880927e-01 8.706268612397822793e-01 5.683573490803738304e-01 -2.647161876653992274e-01 1.384341969244149706e-01 -2.140639810695571799e-01 -1.202982946209947279e+00 2.257255660815657983e+00 1.239835997918734334e+00 -2.858026182764378947e-02 -1.261168630330520957e+00 9.755435844121312927e-01 3.584595861732429722e-01 -9.308343896498127990e-01 -1.148883850322037770e+00 2.291943780576645384e+00 1.670888444914154225e-01 -6.670073444729214263e-01 9.475574989623600577e-03 6.781920010791131492e-01 1.641711188724857440e+00 -1.014890693142192601e+00 -9.931700361228126273e-01 8.779346023927305787e-01 -4.018587959173733348e-02 -3.555256148834549657e-01 7.931051106995768984e-01 -8.227557885709427810e-01 -8.487472125406823054e-01 8.914661033446297234e-01
2.868430035101417475e-01 -3.157973690810539358e-01 7.556381533143463614e-01 3.220766771662348371e-01 3.685554983795994999e-01 -1.794693686347863248e-01 -4.204441941576141373e-01 2.089483482645574597e+00 3.069830963132810786e-01 1.429202229043234074e-01 -8.041511569013730654e-01 -1.430263149574974690e+00 9.043856389970511556e-01 1.799831287841958005e+00 3.452573967405547783e-02 -5.695918904710156605e-02 1.469085840988293250e-02 -1.044994172267942556e+00 -1.343964629524681875e+00 -6.865393729180668814e-01 1.700464802181214374e-01 3.472446585081050974e-01 -7.690077292849396562e-01 -8.583277640209147075e-01 1.703903723851184271e+00 -1.245443568886749786e+00 -2.298609153687702911e+00 2.668107079664843728e-01 8.344208349140634917e-01 -1.605670745622941320e+00 -9.910413651629638165e-01 1.236366031207445232e-01 -2.133142307513365310e+00 -1.630962120019608941e+00 3.879313856450432030e-01 -7.483779559697085748e-01 6.178839151230314242e-01 9.749544871193216444e-01 3.892679062119156624e-02 1.452019935813655682e-01 1.658458381993990205e+00 -8.889700433177846195e-01 2.634044675784869227e+00 7.346743297817409646e-01 8.411003938439302052e-01 3.486336609282785770e-01 7.421631493658594758e-01 8.781837363534612806e-02
1.175483793805312122e-01 7.806073889780801300e-01 -6.873373857938774867e-01 -2.596878927319044905e+00 8.613580450058183624e-01 1.450592272882537670e-01 3.803910266264310946e-01 -2.279163338501725367e+00 3.748723849576671707e-01 6.519575663975376578e-01 -1.776988035153946321e-01 -1.570871508968068042e+00 -4.244063311803712019e-02 3.366473770026925383e-01 1.059210733367712126e-01 1.490745669753915204e+00 -8.977711993439901894e-01 -4.048123696534960264e-02 4.881369953080500479e-01 -6.898108983260885507e-01 8.028194873097711515e-01 1.877432712250799440e-01 -1.062992061354511630e+00 -7.982130967749028194e-01 6.985329908566946522e-02 1.952304516433940984e+00 2.129205805689410980e+00 -1.673030118401464428e+00 -8.364469154396126926e-01 -8.828347953236228562e-01 -7.602391115039792702e-01 1.437763230005918880e+00 -7.746865847020144580e-01 8.979395523873151541e-01 -1.340480758859178501e+00 6.039127889831721885e-02 -1.570296309572800642e-01 -1.691126671810373683e+00 -5.266180027826035115e-01 1.522626378192928787e+00 4.725314820881683642e-01 6.960592254522172118e-01 -9.848869984671629885e-01 1.629297008289007032e+00 -3.398024626147055360e-01 -9.353588331900225539e-01 -3.781928125856175438e-01 1.895709977382615596e+00
7.616199160154056846e-01 6.299436448422889301e-01 1.575618482729115311e+00 1.255145117939992838e+00 6.886336691537113808e-01 -3.149341508413822099e-01 -8.306241714453195535e-02 5.950784432285396441e-01 -2.436501851193528356e+00 -3.622272281142428774e-02 -2.126719828459012335e-02 -3.528697531270633680e-01 7.027524491019602193e-01 2.548479981613950951e+00 7.340863670644596217e-01 -5.682419679259571588e-01 7.546815945915964496e-01 -5.371291678514841239e-01 -1.184611211237322159e+00 -8.891460828972304054e-01 -5.911540060872539915e-01 -1.914300768916638695e+00 -4.499263726091568549e-01 1.898512661410429181e-01 9.663041464641702882e-01 -1.393722933004495568e+00 4.436845873983660642e-03 -8.898627640390683879e-01 5.630065331771864079e-01 -8.505396040697199567e-01 6.733560437363319551e-01 -1.857510301722138601e+00 2.183127120467754090e-01 1.965916886644110684e-01 1.357113461074273220e+00 7.180326891157546854e-01 1.700553742855761274e-01 1.304330747585783712e+00 1.268669220672349329e+00 -1.504881611624217852e+00 1.186204573532595008e+00 -4.889726227832869587e-01 4.671704329877777728e-01 9.201532142264166048e-01 -6.780480776485209304e-01 7.675434353498817863e-01 3.663303032765490852e-01 -1.058287077496521122e-01
-2.504934337749545215e+00 -3.729280283189770340e-01 9.379890576314187101e-01 6.436700927710834463e-01 6.447346477483193450e-01 1.561682229980008829e+00 5.093200275629958806e-01 4.023684616686538651e-01 -4.352615169504472914e-01 -1.727744115262647373e+00 4.622171350792003142e-01 8.119292862257413423e-01 -6.298851049286908754e-01 -2.790826754955917921e-01 -7.448598213357194853e-01 -1.382059760526814507e-01 1.095237246295624800e+00 -7.406891137952873461e-01 -1.319563759846410722e+00 -1.381250366944850316e-01 1.263724140118042127e+00 -1.324918365688586286e-01 -9.446337251697262127e-01 -1.106176719814955689e+00 7.459062758822203598e-01 2.135461966307447224e+00 -8.862157165979036577e-01 1.019895221965718024e+00 -5.181468710778061038e-01 1.715988637419886831e-01 3.678064062324432615e-01 -5.206936772272532377e-01 -2.288679241918423896e-02 1.485091235710172541e-01 -6.505812802571944164e-01 -8.173780580721438094e-01 -1.798286839066242759e+00 7.082265768359087277e-01 2.039276983802978116e-01 -1.649208597391870756e-01 -1.151013911809204648e+00 1.122283371521091810e+00 1.162481304029361118e+00 -6.136717088605586276e-03 5.828297747541539842e-01 -9.719853227556441988e-01 3.540684434631585220e-01 5.755587113328521909e-01
-9.627655426285476326e-01 5.732317181225240477e-01 -2.381408836965610565e+00 -2.117747014176553311e+00 5.770440937532076431e-01 1.061460757451440307e+00 -6.902497012486173977e-01 4.482325424897006666e-02 5.508715286852488013e-01 -2.050964663980406333e-01 -2.302433682753224353e-01 -1.194230637385747196e+00 -5.032867863207481918e-01 1.644423088120850474e-01 1.333753945182905909e+00 -4.651919675594043957e-01 -7.962122396317766748e-01 2.677892307692191221e-01 1.592876929228782101e+00 1.363938301501945949e+00 -3.347519012685685746e-01 -4.278018295223117162e-01 -6.934614401382255267e-01 2.163999477635593305e+00 -7.070694330109503767e-01 9.437150503096627396e-01 -1.154957326407089591e+00 -2.481995809391600305e-01 -4.563098885212991118e-01 -1.734867541379995437e+00 -7.728713907893964841e-01 -1.388333060229093974e+00 -1.294420346848966341e+00 5.412598472811601669e-01 -3.277860411034949073e-01 -1.634126839240254148e+00 -6.415252781175727614e-01 -9.263214563244165367e-01 5.993232793897964594e-01 -1.340060738322938372e+00 7.584749995389840349e-02 -1.234828313022340529e+00 -7.358208662163771008e-01 -2.307450421012632036e-01 -4.890161048137128472e-03 -3.221366497821378516e+00 7.604846973196385806e-02 -1.107803538139997324e+00
1.120057343360973956e+00 3.004243534337349697e+00 8.344780876403897762e-01 5.172196426542076120e-01 1.786407548688370428e-01 -1.116764051204209185e+00 -1.285237092432213180e+00 -1.033686352523061514e+00 3.621104801841081300e-01 2.443869839705088864e+00 1.044973628857606807e+00 -5.189149134664057250e-01 1.210267907192302594e+00 -3.363561965742469795e-01 -1.238098925363605218e+00 -5.618359066089352316e-01 -5.896095453245742135e-01 -4.787266616160458232e-01 -2.733319805244678324e-01 -1.576632895179247082e-02 9.195039327572784860e-01 5.119515174643977928e-02 1.840383713693971357e+00 -6.044552470895949714e-01 2.168848255321522700e+00 1.136779892206701836e+00 9.650751227358820294e-01 -7.026476718261766008e-01 -4.674841725804853576e-01 -1.990088500629026702e-01 -6.996150825050253541e-01 3.793850744001784903e-01 -4.498664137855961087e-01 -5.248272130690530002e-01 -1.845056010084802633e-01 -1.085853142260499560e+00 -9.453879968582592497e-01 -4.069009978418577922e-01 7.627909968465216295e-01 -9.212106323908982874e-01 1.409942765539010878e+00 -4.467076980890924975e-01 2.476028510901526480e-01 1.170320031667434924e+00 -1.363277827873279058e-01 -3.332610187137264313e-01 -1.140430199207874695e+00 -1.307534184118442910e+00
1.219551146035835476e+00 -2.050161977983019135e+00 -1.163724534302064351e+00 9.167233351788964257e-02 8.155612577089610404e-02 1.998809624503969484e+00 9.489762444791329798e-01 1.350210337873240185e+00 5.243457184525694981e-01 -1.476741195126955786e+00 8.805409931378097577e-01 -1.507551838966816327e-01 -1.891571963615050977e+00 -1.759604455639422360e+00 9.949954944088318376e-01 6.884568371810404486e-01 -1.611528481425408554e-01 -1.248188820463207449e-01 2.123876186350443174e+00 -1.333755917517639888e+00 2.139965696661075834e-01 1.689182882841512301e+00 -4.479355001117955593e-01 1.593935023434055243e+00 -7.121492782435854263e-01 -7.768813997645198643e-01 5.415684164648990606e-01 1.641709485480474448e-02 -6.520817829720580994e-01 3.535171055063580092e-01 -4.238780673568946500e-01 -1.315417298339561225e-01 8.872632386968898333e-01 1.213783066386141973e+00 1.295560135968942372e+00 -9.096564688783179697e-01 3.269602365106223929e-01 -3.669489455766997144e-01 7.516674774080119546e-03 2.960936785597988452e-01 1.790370139164721319e+00 1.266808481367780459e+00 -1.674014750524536854e+00 1.118975207355892731e+00 4.045229944766219887e-01 -2.126846229857652093e-01 1.602739896759833416e+00 1.230919487661322531e+00
-8.523341351759441409e-01 9.487357762472836686e-01 1.074605436536629988e+00 -9.983663590504558982e-01 1.734068669577383703e+00 -2.646161843243530210e-01 -1.680830902798076398e-01 3.160277901988305382e-01 -9.351196959521325125e-01 -5.061912428734040015e-01 2.382291960372218131e-01 5.240924701081934867e-01 4.431131073022131495e-01 -1.198286366706851069e+00 1.153569375771356098e+00 -1.701464532221783066e-01 3.314985764430250503e-01 9.340119527481153261e-01 -8.721271315591765383e-01 -8.344047909891422199e-01 -1.537873411101810195e+00 5.774250056600773728e-01 1.833576777787236933e+00 -1.630441596287429962e-01 1.000549656005617294e+00 1.356495206122637631e+00 -4.318471850666475986e-01 4.016264612530827671e-01 -4.787989652512302241e-01 -9.074902445894500458e-01 4.970553020557241797e-01 -2.446090498862214524e+00 1.665371259559021710e-01 -1.884561965003246353e+00 3.159337935511257189e-01 -1.767918573315129249e+00 -1.378073162755782399e-01 -1.905696750804991790e+00 2.156350859037567402e-01 -3.984395276555640075e-01 -3.519636054514711510e-01 1.452427410071249980e+00 -1.714037741951655924e+00 1.747771086940009544e-01 -1.416907976299365268e-01 4.253496674471974326e-01 1.010618891723323642e+00 5.673206273300337443e-01
-4.099842975976039638e-01 7.989467193918772248e-01 -7.935093685970036059e-01 1.116996388273954199e-01 -6.932132699983946100e-01 -6.744252984190525491e-02 -1.128818186192417139e+00 -6.446044952686063034e-01 -7.305699972600072922e-02 4.316441003801108067e-02 1.901016124257649320e+00 1.342666138731710479e+00 1.827353904030198262e+00 7.392203582989467225e-01 -6.644528174844910318e-01 -1.108007404030017407e+00 9.768607831185082135e-01 4.450835123417346550e-01 1.081779371734179040e+00 -1.946459841823191095e+00 -9.794661655881040652e-01 1.883448076359293399e-01 -5.215574136955377638e-01 -1.533484747914937607e+00 4.212233184147168297e-01 1.304470352838484670e+00 -7.727978530892029019e-01 5.072123229584842852e-01 8.929017269771929999e-02 -5.785200941391273055e-01 -1.960875268959438644e+00 2.994033724681573472e-01 6.763216086947787531e-01 -8.808206722854351467e-01 -9.997862659969863897e-01 1.284380323392090295e+00 -5.513555500278134736e-02 -1.674434745917184608e-02 -1.237438972565915396e+00 1.801635258462665479e-01 -1.354411540966696581e+00 1.288570552401376634e+00 1.535146774264603275e-01 -5.641099429048376246e-01 4.150522862235963423e-03 2.853404607898258338e-01 -3.971071924693152511e-01 -1.484865022373389243e+00
-1.853774721817988969e+00 -1.497990748113751769e+00 -6.307453653067652821e-01 -3.762990506375213373e-01 -9.500487535218691271e-01 -1.384755309899188935e+00 8.147708381641679543e-01 -4.803603662501956806e-01 -9.403906286730607800e-01 -4.898575036041207253e-01 1.588270259693080222e+00 -1.770444961843388176e+00 -3.591717269287235670e-01 4.559648774553939354e-01 -1.106508645918808043e+00 1.272008938824466195e+00 1.643708035019280311e+00 -9.205336399431429673e-01 1.366282967843118534e+00 1.865553037312699114e-01 1.434867261888372658e+00 -3.360961327584089942e-01 -9.980707778870935298e-01 -1.377345694935517839e+00 1.706647433667234814e+00 3.497227256091897107e-01 -1.942613556594340318e-01 -1.283247121723450901e+00 1.594917187028782157e+00 -2.176668455652210898e+00 1.288189433740628553e+00 -1.276702613961732347e+00 -2.832604322644021733e-01 -7.013212224278160545e-02 7.839290422344205034e-01 4.193410809273189210e-01 1.236279510871585607e+00 4.153561001744855985e-01 -7.220211389383524025e-01 -7.103459466917340093e-01 -1.553291595045221296e+00 1.571755549876630853e-01 -3.626590891747766277e-01 2.729774784572718827e-01 1.051676066451754377e+00 3.863083566615920228e-01 6.529565364820473228e-01 -1.103081873880093378e+00
-1.000322068091395344e+00 8.480038423196342157e-01 -1.642937370399309094e+00 -1.024892100119704441e+00 -2.880709854250164681e-01 -1.842251309018780869e+00 1.244077010494363478e+00 7.827289339246064070e-01 1.179592637902321828e+00 -3.582860204339917698e-01 -8.505714695520495416e-01 1.204685229316737383e+00 1.207592659086580866e+00 -5.140851321635703242e-01 -7.092277970996246905e-01 2.498994941538988268e+00 -5.748109458718647646e-01 7.885960971208244574e-01 -4.150699137672489436e-02 3.733808309043725182e-01 4.824551728367655334e-01 6.951095538996246992e-01 -2.180622937144792162e-01 1.485555366210997708e+00 2.050388611337054801e-01 -1.094339563072277643e+00 1.209838279058820243e+00 -2.611780942066044275e-01 1.941838820350483552e-01 6.261389018253322725e-01 -1.256990821570854733e+00 -8.139696726369102103e-03 -1.148720545351552928e-02 6.915099613317738925e-01 -5.440351326917715058e-01 -1.656001175667275449e-01 8.407987981938883637e-01 -4.495657614599851137e-01 -1.462013778149493515e-01 -3.488715767361458102e-03 -1.604207446771700740e-01 1.892518267518140229e+00 -1.177534668532583595e+00 4.327498067433581119e-01 8.178064542635875567e-01 -6.887870869340263491e-01 -1.267715593234263416e+00 1.587739626831140782e+00
1.642054191933377538e+00 -1.433660561885758133e-01 6.814187835414636796e-02 2.106846205104577763e-01 -7.731291628752990919e-01 5.120059935175518273e-01 1.290271635611691670e+00 -1.729465749749575787e-02 -6.204895622583307402e-01 -2.802433464026287679e-01 -1.636444179605104909e-01 1.936666338149531652e-01 -7.995469343737320322e-01 2.411132613224854504e-01 -4.987014724241823349e-01 -4.768359071904775814e-01 -1.159466784532976025e+00 -5.938776010988662257e-01 -1.153001341937981872e+00 1.018718738120870215e+00 8.746160226500702128e-01 1.289421387906877658e+00 3.258201554276243805e-02 -1.175512732776756275e+00 1.178716603443332511e+00 1.959618966415622277e+00 -9.059212665075895288e-01 -2.192737083638608198e+00 5.411511927154203372e-01 8.744719515622508821e-01 5.775877548941705797e-01 3.975602547812267518e-01 1.767726078168709025e-01 -3.880943894491560853e-01 -5.441670483889533561e-01 -1.416916856341022157e+00 1.082653848938141206e+00 -1.172092409452774736e-01 3.658217937036409850e-01 1.442805690235897886e+00 -1.146820658813112903e+00 -8.429872329213962123e-01 9.531490364692510875e-01 -1.905845277834554430e-01 1.771903798897167759e+00 1.064954402543814016e+00 4.392651382862932108e-01 -6.679992969220360267e-03
6.712661506932300348e-01 6.118324208913287210e-01 -7.800620925500870717e-01 -1.178161791780546919e+00 -8.132592370883164057e-02 8.074504562893982662e-01 1.669000933700330647e+00 -1.742137100593202037e+00 8.102691053216356520e-01 -1.346043640442162292e+00 4.253257695763216217e-01 -3.252833300426512531e-01 -4.653029557157890572e-01 1.432420359041016056e+00 9.552399906927571127e-01 -2.630013398540395619e-01 3.921499299439423214e-01 -6.868047523554607903e-01 3.862985625331678552e-01 -7.744440059699611023e-01 -3.631229276931172145e-02 -1.737956123773831019e+00 5.157467076007976603e-01 -3.292939664349680551e-01 -3.649978139609592054e-01 1.908118613610910064e+00 1.374526510539779256e+00 -9.551248063119852083e-02 -1.056923702245169627e+00 -6.500191223871903956e-01 8.914950250544733112e-01 -4.084292230828813763e-01 7.180789371989773073e-01 -1.418997861071141342e+00 -6.130233422344543159e-01 -1.070049154907175420e-01 -6.622493437412394490e-01 -2.953697726308625038e-01 1.941654775231837160e+00 9.099472564186927848e-02 8.872823453792265669e-01 5.183363495953601241e-01 -1.297078012537084546e-01 -2.194820884065835642e-01 -1.211387929107030637e+00 6.317363346901775367e-01 -4.221243843587719757e-01 -4.710928508139254900e-01
6.622154124643906403e-01 9.356095779317229466e-01 -8.672728371182883977e-01 1.097882778909035517e+00 1.905222241467912303e+00 -3.591808131796612180e-01 4.117835250702153727e-01 6.369012054699696446e-01 4.572499865315420298e-01 -1.125344812200478550e+00 2.681240731115919207e-01 9.294458242487037003e-01 1.375472602031565794e-01 1.430543831468535698e+00 1.254499405516325661e+00 2.274790957745222109e+00 1.896283708328842410e+00 -4.998937175034700031e-01 4.437745167603120433e-01 2.456198585469797635e+00 1.033068443811704817e+00 -5.007655717741295032e-01 -1.034752932773176815e+00 2.273076626215727314e-01 3.151901635640588784e-01 2.921399033795024636e-01 3.747235038157624154e-01 2.867373242954182264e-02 -8.273455640133453581e-01 -8.520759071647189264e-01 1.435014761578799758e-01 -6.576883330929439442e-01 -6.047786927233508303e-01 1.114432994425404583e-01 4.216102243348892054e-01 -8.764658892275831725e-01 -1.667243189773077450e-01 2.056278171698910473e+00 -3.810284476795927633e-01 -1.664625186937455315e+00 -1.432410295521295396e+00 -6.865765208702152567e-01 -1.362056220032163312e+00 2.395887003748496280e+00 -1.307454514464745365e+00 -2.205696833189456085e-01 -2.946682845081967539e+00 4.258345734803579696e-01
-5.882517638531515880e-01 -4.038026638609729102e-01 -2.000196373827941021e-01 5.095862587157660162e-01 3.723347557419218884e-02 -5.483169581341728049e-01 6.256975372596331741e-01 -3.242641016247638786e-01 1.066687658565171892e-01 7.063005936284076913e-01 -1.091091163389086294e-01 6.836559080398935118e-01 2.411022628309199556e-01 4.352767040014943190e-01 -1.031571468675213765e+00 -6.215669003036229379e-01 -2.877071352678857719e-01 1.340259484842251658e-01 2.011023585268475689e+00 6.291042524724337337e-01 -6.590859542300271379e-01 -7.427933304315565977e-01 1.001088514904013405e+00 1.647959520972031244e+00 9.495525931784186691e-01 3.222351375337605406e-01 -1.949707526833647675e+00 8.874636558635972117e-01 -8.190336115443600518e-01 -2.463604524847613497e-01 -1.988291816781564858e+00 -5.837488763235144651e-01 5.072407279810698943e-01 -5.719092001402157344e-01 -5.741041861610083341e-01 -5.282050294349349695e-01 1.039798482921262535e+00 -1.860713041824447744e+00 -1.349121413857603757e+00 -9.697073039873611577e-01 9.855356610911948367e-01 -1.038546677123895590e+00 -8.088981896511733272e-01 7.234831045567754471e-01 -1.818161415593988028e+00 5.648995418963586035e-01 1.187096128937383949e-01 4.377238250351788151e-01
-3.699601004573142143e-02 -2.595233219600364460e+00 -8.036324301428027228e-01 -1.394941671772995662e+00 3.827375777617807451e-01 -1.116577095724737845e+00 -1.111396160376097342e+00 9.274195838023757688e-01 6.338444114332094648e-01 5.463625955230743125e-01 -2.415580982590788128e+00 -1.425365080303805598e+00 -8.913983932198905613e-01 1.389774235298511407e+00 3.047109740274427936e-01 1.678212598274811507e+00 -2.281029477398703875e-01 1.010085895446471288e-01 -4.283989810022052480e-01 -5.219788760463325294e-01 -2.571962771351712918e-01 4.668904176859754035e-02 1.922419232681553236e+00 1.169847428451030069e+00 -1.331672307923898568e+00 1.434193209060810936e+00 -8.598363882876864928e-01 2.646666525767475409e-01 3.293432307092716838e-01 -1.369321788532011919e+00 -1.672731220261087559e+00 -5.971908906307284992e-01 -1.618397200711135131e+00 1.793386223779138033e+00 -1.330094425595870655e+00 2.411541440799429628e-02 -4.044182573986071505e-01 -3.998770983755327024e-01 -4.273921705793890524e-01 6.721814351331478754e-01 -1.739065494045352878e-01 6.453012741010712983e-01 -9.466998004599604943e-01 -1.314236535569796471e+00 -1.294066998339115093e+00 -2.046504631183367062e-01 1.490354494848295852e+00 -5.320317885229923771e-01
-4.764230420258449561e-01 -1.246653537227396136e+00 1.759265073694452841e+00 2.055467366748029434e+00 -7.510816288412601738e-01 9.357455772186960008e-01 -6.378792985524812664e-01 8.999492376910285252e-01 1.419159944246090321e-01 2.581825444476836040e+00 -1.284392941704996627e+00 -9.839123238926008597e-01 1.536670348608119907e+00 2.362833364592450414e-01 4.821444017881942323e-01 6.324971085587568487e-01 -1.073473498089943939e-01 -2.384182056498926006e+00 7.557207350944027124e-03 -2.246898965911534596e-01 -9.483560113472263575e-01 -1.219938670480715137e+00 2.948949873265999333e+00 1.076702797854819371e+00 1.040108084806543376e+00 8.760172206649544657e-01 -7.831211633984185294e-01 5.274216219650285087e-01 -8.947183325602967585e-01 4.600877146641757509e-01 3.779902033401038586e-01 1.708332365334339631e-01 6.713840474125384317e-01 2.329484226342752873e+00 -8.712480210051666285e-01 3.821334316963567040e-02 -8.754634263482524714e-01 7.636957373917715453e-01 -2.153564383337974952e+00 -7.398032437544254103e-01 -1.269218948077074582e+00 -1.431914026302977816e-01 -4.738421546631738646e-01 3.668946951521163680e-01 -8.201162227470041310e-01 -2.098774705363300186e-01 -9.702383648861119259e-01 2.314076462429771830e+00
-1.343218701705116702e+00 -1.432342680573209126e+00 -9.352838635286842006e-01 1.112300879672524084e-01 5.135358191689615159e-01 -4.868931970801935183e-01 -3.681832335980844001e-02 1.413829537698023220e+00 -7.466336594460792897e-01 2.325681070261608752e-01 -1.108025498187068969e+00 -9.681976923407942248e-01 -1.558968040292038060e+00 7.736628477564343465e-01 1.392283437342884289e+00 -9.730411614617898719e-01 -5.036350188871708822e-01 4.492089297734260245e-01 1.227789457412328700e+00 2.459287631381851913e+00 9.041409422775577021e-01 -5.266009986513627839e-01 -1.357081466606974707e-01 -4.128345730431248750e-01 1.317793095811071957e+00 -8.721321284132438345e-01 9.394317956225484156e-01 -7.842570160874261509e-01 -1.489901556629866342e+00 -3.176255190070692569e-02 -1.745610416773438534e+00 -1.939580081370880338e+00 -9.205110344823432822e-01 -1.474749507935317269e-02 7.091999729307629785e-01 5.681577259945106428e-01 -9.668409333826968322e-01 6.397393087822039748e-01 -3.324355634944015314e+00 1.407993022198943178e+00 1.848182308011320774e-01 6.277097642689057067e-02 -7.591243144412740396e-01 -1.410429316660677168e+00 -7.204389496450823716e-01 -7.785944868444474309e-01 6.779434167402333955e-01 -5.617418557713128591e-01
-3.304080177089479542e-01 -1.057029062922788976e+00 1.644845409093984578e+00 -2.396763228755857678e-01 -3.820634352712358739e-01 -7.437106268023311317e-01 2.177418886588566860e-02 1.262153050579870150e+00 -2.903253745755169160e-02 5.967782253311889606e-01 -4.646516775641187369e-01 -5.300052498038347881e-01 1.642164691785042097e+00 8.592101752385848945e-01 -5.378290021419628308e-01 1.367241591545710344e+00 3.792761645106713653e-01 3.463073214242038400e-01 2.045266122154567601e+00 9.120584263627240507e-01 -1.971200396684883935e-02 9.738906470874432175e-01 -1.464075555278598673e+00 -2.819917690494742057e+00 -9.944605663040775312e-01 -5.228353079027280303e-01 -1.190223650405587197e+00 2.143418359799536432e+00 -1.693768713786027780e+00 -1.434586968124574591e-01 1.931298448174898263e+00 9.816984341309535900e-01 -5.760212911383629786e-01 -8.957893867520795583e-02 2.700087736633108304e-01 3.914212543056309890e-02 -6.454234098516202778e-01 -5.037605703753692543e-01 -1.960435230895711589e+00 6.008947901811835246e-01 4.549522394213633136e-01 6.932058415656130457e-01 1.522004615395675442e+00 -3.165065257391009301e-01 6.866759717030005428e-01 -1.570263781758746424e-01 3.628433982608132990e-01 2.746539966469551675e-01
-4.250101382357541202e-01 -1.132355605877611165e-01 -5.359330980425662805e-01 3.944020289973843019e-01 1.238212290940570171e+00 2.983950384299646208e-01 -3.150882142496502780e-01 -4.408412857910304905e-01 3.940715755871034842e-01 7.340100495859742669e-01 7.356574837692786417e-01 4.227840199235476937e-01 4.546626996679781207e-01 -1.743096148350672170e+00 -1.391206475084609595e+00 1.768787548319028791e-01 3.044347821822617206e-01 3.513338518236286956e-01 7.660018429150527997e-01 9.901664998030028642e-01 2.425132038151052161e+00 5.379010122260377003e-01 -3.578597152398459991e-01 -6.548693278373671767e-01 1.315226795611854183e+00 -5.552183619991547525e-01 8.218079698724501947e-01 1.967452796073785315e-01 6.332283573440903313e-01 1.786952972626754121e+00 -4.345875528587828107e-02 -5.425927129201001398e-01 1.438878614511712728e+00 -2.500550701659787212e-01 1.342815386388248322e-01 -3.655160155659405996e-01 1.999988000943253574e-01 1.383950452502139550e+00 -1.264013401170237527e+00 1.411281445274105595e+00 -1.080064623244312294e+00 -2.203404653968332738e-01 9.503874176739366408e-01 2.903634553132419249e-01 -1.838413834747737452e-01 3.426093930151252187e-01 -3.737903018567139690e-01 -3.454360433324582536e-01
-2.261422336615232787e-01 -3.077064488317500790e-01 -1.221909883166758970e+00 8.429238577907925689e-02 -8.782633900561113982e-02 -7.292899088712071487e-01 2.122602093674241797e-01 3.251464327439889668e-01 -2.599213311228935619e-01 -9.426286039903293279e-01 -1.757597710301416205e+00 -5.344664211015747179e-01 -8.756775105740315368e-01 1.775542948511532382e+00 -1.553849366388732500e+00 2.146208880345116032e+00 -1.144827634909918901e+00 1.130170552813148266e+00 1.178791895847613597e-01 1.175109791262474390e+00 -4.592101769187813542e-01 9.441672050232630120e-01 -4.853931753229103752e-01 -8.003262209600614518e-01 -7.070321432956662433e-02 3.750421523434440685e-01 5.740049968663236690e-01 -1.458613926290299179e-01 -2.330878403713957936e-01 2.131412155383799467e-01 5.401353748771337004e-01 -3.531435132310543623e-01 -8.486766296918928434e-03 -1.022417781522868552e+00 4.487930944425903568e-01 -2.136667628484057779e+00 -5.836767217753826564e-01 -7.328749443368604011e-01 4.815032242865562306e-01 7.348572794975656297e-01 1.141870003638730952e-01 -1.977627080678498128e+00 9.678978264991457969e-01 6.040136170747664179e-01 -5.347865139276819502e-01 -1.788023309957330678e-02 1.879531660805027760e-01 1.201300461298927313e+00
-6.833257551869962310e-01 -5.154452665875245421e-01 -3.553877848157480646e-01 -5.094214738603632942e-01 8.221997893530402779e-01 1.346391089824183096e+00 -1.057283103491781562e+00 5.012248793472274394e-03 1.534358339322916098e+00 -1.195108282720027004e+00 -4.677161151860555477e-01 -1.190871144485739830e+00 6.332451180852618489e-01 1.067422909769168538e+00 -1.189109699843628354e+00 9.142660203390683415e-01 -5.942823548494317043e-01 1.188187280176214722e-01 1.750539075141766876e+00 1.932865949126757465e+00 -1.548585602520827109e+00 -2.638099185577796879e-01 1.143541890552776330e+00 9.898414073085455289e-01 -6.356327784893671673e-01 1.441111015745793145e+00 2.774614877575841021e+00 -1.197162622152534661e+00 3.698825097907414428e-01 1.777011857154542795e+00 1.476762448521498627e-01 -3.568129777585595797e-01 -2.768194264916730707e-01 -1.039470943686905402e+00 1.528289240511935043e+00 2.478848933987477743e+00 4.998732590931643238e-01 6.701767926077515369e-01 3.308597294051965898e-01 1.259558345331300566e-01 -1.434955097097604160e+00 7.544472855041574333e-02 2.026728312766716833e+00 -6.634288302130217918e-01 3.560289937937614058e-01 -7.303811030531501269e-02 -4.157021161270195442e-02 -1.030161740993838837e+00
1.239366628164026429e-01 -1.155177838109269217e+00 -1.374324570554821823e-01 -1.295170936979308962e+00 -2.367474948725969419e-01 7.932912359964049420e-01 2.616121252170121592e-01 -7.400754788253306460e-01 4.550954623009486055e-01 2.602196222760653765e-01 -5.521857140616645010e-01 -8.989437094393059047e-01 -1.196626242132578399e+00 -8.085635640775258315e-01 -2.602153601970585317e+00 7.124816712757200965e-02 -9.918255265005372356e-01 2.228042730997829235e+00 8.077823628143950829e-01 1.814651182825363973e+00 -8.929296883045474420e-01 6.541391911485572308e-02 -1.142896681737275655e+00 -1.008092379933889005e+00 -1.418970220528606552e+00 6.074292301323207521e-01 -5.307708838689665365e-01 -1.534058761125450587e+00 -1.435744560038403117e+00 -1.719299290422525162e-01 2.707647699150234066e-01 6.558140451837340956e-02 -5.638917507091348869e-01 -2.416773239391781125e+00 -1.230023753199901634e-02 -1.331626558527868820e+00 2.804331524701619838e-01 5.000089479286485838e-01 1.758518662785554021e+00 -8.438763065995397161e-01 -2.100198978145605966e-01 -9.539870128418044271e-01 9.679376414826619257e-01 2.481087618561468866e-01 -1.236971442096387985e+00 6.341241485956609081e-01 -5.389556469391995064e-01 2.291675358133485663e+00
1.066926067792955735e+00 1.175912507988181366e+00 1.872934569153782647e+00 -3.636966229525809280e-01 -2.140033270344924576e-01 7.822388516204080711e-01 2.627972136307615836e-01 -2.180292034688684044e+00 9.343667470935747010e-01 3.890714789109540606e-01 -7.547607705933883082e-01 -4.541995649373618549e-01 -7.059415970414116837e-01 -6.045808529141629695e-01 1.147276750025400638e+00 -3.859579540767791445e-02 -4.331016800368392428e-02 -1.238383981043323478e+00 4.783052867152761123e-01 -7.924683872638447202e-01 2.488999076490502560e+00 1.828568842427038099e+00 -7.808170086539054644e-01 -6.815049521954730238e-01 1.128722236217493569e+00 2.721941962984260055e+00 5.974068162555054018e-01 -1.548244226806732293e-01 2.507225722834557358e-01 -1.740497769084746738e-01 -1.635340848051882734e+00 8.090789503338317035e-01 -4.239761708352687841e-01 3.642163674165880827e-01 1.896399253371030269e-01 -1.406979876314748967e-01 -7.630740682305785227e-02 2.889428876097164811e-01 3.148322093048213088e-01 8.178050721431108228e-01 -1.232556366617852728e+00 -1.260549445198810847e-01 1.211408372869770878e+00 -7.420016694664304246e-01 -2.497644111208476292e-01 1.405919746758692579e-01 -3.794750227629797301e-01 -1.828495323082477697e-01
1.955821057948609609e-01 1.128336891336432224e-01 1.547342335993534101e+00 -2.308582830450631285e+00 -1.591420956670890785e+00 -6.507879155073003075e-01 1.486010843113294788e+00 5.956345245014886824e-01 -4.467292995630411379e-01 -3.788751803061931461e-02 -9.473251820390873879e-02 1.329593092369423801e-01 5.806241972788908079e-01 -1.150381855746827497e+00 -7.415097254804108307e-01 -4.634596641495968283e-01 2.108523326611507986e+00 -1.699066996166503918e-02 -9.992775051942627274e-01 4.584823763856767931e-01 2.172072129838731325e+00 -1.894658173654371891e-01 -1.256209811085936268e-01 7.499347212051549194e-02 8.018252835429284797e-01 4.327194526438747357e-01 1.365593481441828905e+00 4.170687531315159582e-03 1.730078299962825250e+00 1.123295915157070279e+00 -1.467511022344785587e+00 2.203361888605316066e-01 1.006428442304952764e+00 -4.591102316896181201e-01 -1.389617709511200006e-01 9.099169072885414655e-01 5.982946129571571625e-02 1.793118812212050717e+00 -1.476614346601858585e-01 -6.084834054602358266e-01 -2.940984853926139619e-01 8.191689022497889994e-01 -1.164332169809702444e+00 1.072424676129738880e-01 8.179827910066349572e-01 1.904469950196548078e+00 -1.005493362571118626e-01 -1.179678716771915603e+00
3.278852301505395528e-01 1.487161618012835529e-01 8.306433599134168677e-01 -2.501736712262335738e-01 -2.020814070251809036e-01 -1.691331568016023468e+00 -3.851100101375229956e-01 -8.733082531551670386e-03 -3.952581391253153220e-01 7.787436175641937464e-01 -1.647798077143176054e-01 -9.076475411199547150e-01 1.334389527151196075e+00 6.857988279934440490e-01 -6.667677489019434578e-01 -1.373575167950253695e+00 -1.238846595853523747e+00 4.411378185864596180e-01 -8.196534700695315978e-01 -3.508136305844392622e-01 7.056574582784709282e-01 -7.992129407519175111e-01 -1.723738389111812763e+00 1.282333104762188647e+00 -1.633626816347956812e+00 5.132843247892951988e-01 -8.453494394874142559e-01 -4.653695898632744798e-01 1.253821933287303292e+00 8.439522641993386920e-02 5.460399342615207541e-01 4.124137722468330242e-02 -1.145341352052338779e+00 -5.880646028951448390e-01 2.113118607229930834e+00 1.346448658012628474e+00 -2.237354575700336301e-01 8.941581088719188219e-01 -4.153591419887204816e-01 -6.251501955321536741e-02 4.404149350907391597e-02 -1.662133659159834576e+00 2.012368985129255883e+00 2.785822611509093938e-01 -1.213662253508196454e+00 5.552604004402813542e-01 9.769102218340729449e-01 -9.529390247000066871e-01
-6.349468494042921352e-01 2.051646964246835125e+00 1.216274724778197286e-01 -4.106852366942034260e-01 4.323086186805901177e-01 -1.008330771001145099e+00 5.957116766995284030e-01 4.765542453250355415e-01 -1.599056757558269926e+00 8.142666365702266873e-01 -7.218163039195177877e-01 -1.030820141024073378e+00 -1.626100837828881707e+00 6.914442622204634015e-01 3.565361899178514649e-01 5.915374193001787795e-01 9.869343863833077712e-01 1.559798514555336801e+00 1.591990532153623183e+00 2.912211387501346671e+00 3.969220479703099436e-01 -8.556288415609543396e-02 1.486305191661206893e-01 -1.183166509636672803e-01 -4.035013816400132014e-01 -7.776643831864425704e-02 5.036070747492389366e-01 -8.456448941095058291e-01 -7.990756542735719670e-01 -5.088013276345479952e-01 -2.029712359103735819e-01 -2.343161948339346490e-01 9.925576451591984206e-01 -3.197740341867545966e-01 3.439907932588792683e-01 3.265572542233223796e-01 1.780888538270150312e-01 2.348061872836076092e-01 3.290724251266997219e-02 -5.650878778012305426e-02 8.210171054524050271e-01 8.706233283823248126e-01 2.712160162497468385e-01 1.579529659914926110e-01 -1.037567806570355966e+00 4.526908022843483259e-01 -3.054482263608312431e-01 9.675536474938707387e-01
5.969256593847387105e-02 4.187083624871200116e-01 1.049442650432506757e-01 9.108828187100143081e-01 -9.349100710745207599e-02 2.872874034102455010e-01 6.068550843183311283e-01 -2.550684948009963593e-01 -4.644973157606073766e-01 -8.949660217641342008e-01 -5.486611452869558647e-01 5.839994365633737194e-01 6.622201503807900735e-01 -1.428747203157991752e+00 -2.205892958810942162e+00 1.710886265368427028e-01 -2.794072897415346701e-01 4.545314338782048824e-01 1.528086474290369645e-01 5.399464323831858481e-01 -8.931110342774176702e-01 5.531800381869765859e-01 -7.967446748368328668e-01 4.967476402432951521e-01 -1.674792498967132282e-01 9.892402556071314690e-01 4.945746482300986679e-01 -8.645676779102907661e-01 3.440994830164474938e-01 1.519286138484648330e+00 -7.416040107012101812e-01 2.975624338318433870e-01 -1.112925470575715226e+00 1.976098121453323309e+00 1.884590660937194087e-02 -1.708286708060236636e+00 1.749021327224710598e+00 3.947361936331858501e-01 -4.427577822381494332e-01 -1.093521369293402268e+00 -3.867964445405865370e-01 -1.756238558617885526e-01 1.040767993510236938e-01 5.346115808975515638e-01 -1.434076820918611439e+00 -8.635324471853828010e-01 2.551364618261380279e-01 1.201110737353537461e+00
-2.226378108588151356e-02 1.759985739273351446e-01 2.691605179855908858e+00 -2.525675180734509695e+00 -1.468534801166365700e+00 -4.471084562441588611e-02 3.065000735371488649e-01 7.159460618401245480e-01 -2.852559632502097986e-01 3.637971891824088866e-01 2.321887387285487936e+00 -9.475417551850486841e-01 4.457719585767289661e-01 -1.020726411421087665e+00 -6.526614976830787951e-01 -2.176243171144851996e+00 3.999528493566718579e-01 -7.626392005357434112e-01 -7.023320105058838969e-01 -3.909974253354676632e-01 -1.443573029877103509e-01 -1.470285187003822491e-01 -1.315505456101944359e+00 -6.126737950971760105e-01 -2.824190274815314150e-01 -2.065445580603753051e-02 1.081608923035361769e-01 -5.353806455001147713e-01 8.092949682425804037e-01 9.028441112134776014e-02 3.273324757993147927e-01 6.182372144318523111e-01 9.597896119740233489e-01 -4.781554325779722725e-01 -3.806173022556482571e-02 -1.104092086496969882e+00 -2.197120667317767229e+00 1.446974750941723009e+00 -4.870160232445045478e-01 -8.712666256488867944e-01 -1.060078556938617078e+00 9.723003050660743440e-01 7.560468560124165016e-01 -5.139487323858882295e-01 -3.367009157695015631e-01 2.965526106981669074e-01 -6.086171109278311064e-01 3.142843978654861758e-01
-1.072054698194448152e-02 -9.548348196134447408e-01 1.756417646323564119e+00 1.042318876465215816e-01 -5.082288638325084262e-01 1.381527243479046652e+00 -9.648829993730825283e-01 -1.066622512847214876e+00 1.192958703728028924e+00 -1.476551360542420754e+00 5.567355996510461313e-01 3.489441620926659327e-01 1.042209161266321599e-01 -1.605430680371912056e-01 -1.835446737144904705e-03 4.899164311946606620e-01 -3.945023993041136268e-01 -8.173958754671806215e-01 1.522383534413193740e+00 2.860918725379812955e-01 5.899846242308226518e-01 1.123539774550347536e-01 -4.385906804590364860e-01 -1.036456643414358947e+00 -4.490612296565167361e-01 4.337364694029706147e-01 -1.284027259674813903e+00 7.116317557540929872e-01 1.449698411391442399e+00 7.209424748041967090e-01 -1.352168777237506614e+00 1.478979708475125943e+00 2.832168252606952902e-02 -2.199019277440030506e-01 -1.170994224174189524e+00 8.415924624361872386e-01 3.934664616566524442e-01 8.517089279521082856e-01 9.418519601925960660e-02 2.338190228672104021e-01 -1.125024196045322888e+00 5.766746809285894226e-01 8.087775394223943870e-01 -7.199138571501648154e-02 1.170649570685567298e+00 1.493332474582542424e-01 -2.224263676453448468e-01 -3.893240752274012006e-01
-2.895404411210452111e-01 -3.942518868205985849e-01 -1.503107057447847117e+00 9.126368117506024058e-01 -9.250199758356053570e-02 -6.718982288500370270e-01 -6.882327145893721854e-01 -5.781084937626217446e-01 -3.427734914445674241e-01 -3.642660208921171261e-01 -5.439222837527847298e-01 1.114792409479855362e+00 1.329173264279401190e+00 -4.675307507799432716e-01 -4.068996177336757780e-01 -2.158503007545272204e-02 7.141580648461420822e-02 5.402523014553487490e-01 -2.480294084047079961e-01 -7.264873215620598623e-01 -3.242206894272169852e-03 1.747082050836771261e-01 6.792551867568454860e-01 1.811542630569764389e+00 -2.650640918092364573e-01 -1.760075412845483633e+00 -6.110267414532944974e-01 2.485460253814060216e-01 -9.959413500144674858e-01 1.388968895851893981e+00 9.930161038847421517e-01 7.175060886771462698e-01 -1.137362224243181785e+00 3.713254189352954149e-01 1.236707288620690459e+00 -6.455126239520498910e-01 5.067303491351702327e-01 2.561577381931853248e-01 -6.111034686489258405e-01 4.939977222457871131e-02 -6.135908695769658472e-01 8.089795516925532559e-02 2.828652976701648836e+00 1.300720749551433020e+00 -8.141391046989807645e-01 -4.180101293841226306e-01 -5.669128923958270949e-01 3.147938519579095984e-01
-1.394826681670047641e+00 3.482202488054489398e-02 1.135865156729273462e+00 1.618176342614514873e-01 -5.119520417035217097e-01 -1.196521979064285146e+00 -7.081300509510762842e-01 -1.683194103958785437e+00 1.302247127208673527e+00 5.439032449809136915e-01 -4.739600695124455698e-01 -4.153349354734505727e-01 2.672910489127765521e-01 -2.156112250031777533e-01 9.387829718660385403e-01 -3.437068744874082760e-01 2.840074273499787472e-01 1.126137291665162854e+00 4.283162361703622967e-01 -9.588750397661054414e-01 6.294382438901297006e-01 -3.826240658092753266e-01 2.804209618775253432e+00 -1.230186135059513797e+00 2.318139401431333013e+00 -8.914054584104260659e-01 -1.010015902635135410e+00 -6.203585509186301250e-01 1.015695730530372654e+00 -2.734619045503987156e+00 -1.577145043329224228e+00 -3.424128585058370255e-01 -4.593500042131269390e-01 -2.261718382077915479e-01 4.331146512202515564e-01 -4.803537289456858567e-02 1.280468997818674071e+00 1.436681351945809038e+00 8.959872351617282904e-01 -4.484808059547614190e-01 -1.636075600030211463e+00 -1.032923589338305748e+00 -3.714540337503935419e-01 7.426451266309522792e-01 -6.641848488281340002e-01 -5.856390674156326526e-01 1.672292824406891976e+00 1.795480805092384058e+00
-8.301771597579338247e-02 1.093160723151973324e+00 -4.470597166471149131e-02 1.327540527902587808e+00 1.154952095413059876e+00 -9.822246814625803513e-01 -3.741719109479308553e-02 -2.261607040268032609e+00 5.898666772745527753e-01 2.533379741849597355e-01 -3.356608426888031405e-01 6.121147750257909248e-01 1.343699888113780438e-01 -7.740714829334494063e-01 4.893822135255578853e-01 6.346223382905706867e-01 1.373542913949769018e+00 -5.967590125703983173e-01 -4.007300539390338812e-01 1.222224338028168183e-01 4.154145054210955368e-01 -2.094039223344589251e-01 1.132517529805110890e+00 -1.498500411378143604e-01 -4.872627426684083551e-01 9.946555769073858189e-01 -5.233990892992811395e-01 -1.288600648210540767e+00 5.476674952634895677e-01 2.463640500643273779e+00 -8.985161632775610918e-02 -4.720091450997926548e-03 1.087790410603566883e-02 4.416478813865780118e-01 -1.808896166151338081e+00 3.774281336470619586e-02 -6.083507392134290814e-01 -2.279959853891877053e+00 -6.513608407485881324e-01 3.444920849106541394e-01 7.135042546767801364e-01 4.859333045054168299e-01 1.657873625640225113e+00 8.613034242003206886e-01 -1.072869662680973502e+00 -1.220533083117819384e+00 5.767414456307312642e-01 6.637779651322826824e-02
-6.552384036318845695e-01 1.735274782209814015e+00 -4.590345350144010017e-01 -1.590407080161388764e+00 -3.730452294394152601e-01 5.956380978640163359e-01 1.318974675914827421e-01 8.750833526214526481e-01 7.603126915824535981e-02 -4.157720669878509634e-01 -1.283064372073982717e+00 -7.053821313679666805e-01 6.454668295666298183e-01 3.683009814208590416e-01 1.806918782479850771e-01 9.889681685047280180e-02 -4.762543050501074071e-01 3.730787129312372330e-01 4.567014189525582246e-01 -8.147606141079136166e-02 5.009163600436888908e-01 -4.013786299167617644e-01 -7.550591501447968534e-01 -3.903403997791168867e-01 1.010226260132475629e+00 2.654864664532228802e-01 -2.769541681012846479e-01 3.187699978204014406e-02 1.170335313802790475e-02 -3.453370084235767856e-01 -7.152036079912297284e-01 -1.757208361416019216e+00 -8.066595883541369805e-01 -5.703549877097117971e-02 4.371292943748322779e-01 -1.384465970805816237e+00 2.596913908195542797e-01 -2.488543922764005489e-01 -3.215930855215585193e-01 -1.316617116161361289e-01 1.314123359577607841e+00 -8.128160975798454091e-01 5.558535123127288091e-02 3.300069257165968439e-01 -4.691955946512805786e-01 -1.457921683328924356e+00 1.666002225154037397e+00 5.652371412871665113e-01
-3.866656546406546102e-01 1.778027343721347187e+00 -2.095107340850390909e-01 -1.041145677720326734e+00 -9.449282219519243575e-02 -1.811399716828584916e+00 2.362300243295478275e+00 -3.053577512026274879e-02 -1.202173404999199002e+00 1.517033941056681545e+00 -1.844508054174728739e+00 5.947794740488024923e-01 4.814498471621205672e-02 -5.685544325917863961e-01 -1.140086190341933703e+00 9.386265048079316387e-01 1.378693028461352776e+00 -6.454321981143006370e-01 -4.983108231117134301e-01 -1.625371489532236646e+00 -1.708204295840119125e+00 5.348485868848954633e-02 -1.150015422062546255e+00 -1.341817146430317464e+00 1.548534962905231127e-01 7.314522838261318105e-01 3.171353835473626065e-02 1.024219604430049779e+00 1.490379777748717549e+00 -5.663910514756708148e-01 1.360817335650152948e+00 3.148543259993169530e-01 -2.749865451221660817e-01 -1.367672947590945043e+00 1.098846181106858166e+00 -2.275337309095347982e-01 1.020796882131446370e+00 -4.662154194620479752e-01 -3.942081234140760171e-01 -4.202143830985597406e-01 -7.315105375939057186e-01 -8.844234317285764035e-01 -2.733383816552365508e-01 9.624067678637467926e-01 2.090786926236867099e-02 -9.499223337376899723e-01 -9.197913004927442682e-01 -5.609162009074688537e-01
-9.845953188258349531e-02 8.132427370164370117e-01 -1.059821038207280353e+00 6.383395344883436850e-01 5.884474924549820685e-01 -1.651457763664347933e+00 1.217276417259221200e+00 -2.230855468902529989e-02 1.193604389074081951e+00 4.275920180100777346e-01 2.530426227093480682e-02 -4.554399871626268470e-01 2.746188774295241775e-01 2.637397359466593816e+00 -1.228266675147366538e+00 1.431547083765030370e+00 -1.708839068140257378e-01 -1.512031706265588138e+00 6.613276983668746611e-01 -8.101734217046705488e-01 -4.187571303616254292e-01 4.824470779137891852e-02 -1.554287098370436659e+00 6.681039513204071190e-01 9.700131342640996857e-02 5.073798522049992599e-01 -7.796070865141151440e-01 4.219625088259703061e-01 1.469443098542633774e-01 -4.810269833239588788e-01 -4.531562327852009520e-01 1.658412103472336696e+00 -1.029753733638286928e+00 3.183359508161326401e-01 3.246962552298200688e-02 -7.675658740555649784e-01 2.943159688979566924e-01 -2.455178052880724326e+00 1.116043247331485855e+00 -3.023971934521881705e-02 2.826496366715518072e+00 -1.936666843355670409e+00 -2.643341511931636412e-02 -8.384986935143962095e-01 1.195625385814097497e+00 2.530435835186451432e-01 -3.303803602005871420e-01 -9.712045815567693641e-02
1.009493277930002764e+00 1.580032526122662873e+00 -4.387571468309249267e-01 -3.702226972065024158e-01 5.745226842178582372e-01 -4.458018697841183431e-01 -1.526040378494639249e+00 -6.429207743909520767e-01 -1.639498626788643998e+00 1.342618158877806556e+00 8.380280963022948004e-01 -1.878677392580677397e-01 -2.635144271969024343e-01 -1.996394694627823929e+00 -7.622827766957386286e-01 -1.079075211792535960e+00 -9.342089989486465074e-01 1.226294918501366515e+00 -1.516530803973868413e-01 9.793893451073226730e-01 1.080109777494225431e+00 4.387407326863100310e-01 -2.265476146911745980e-01 -9.236363779260291507e-01 1.287998545710826948e+00 1.611402557223610699e-01 -1.073237577901438256e+00 3.982843945131457342e-01 3.913151651910584117e-01 -6.145005757193158225e-01 -1.411310467469114316e-01 -3.249542457137429285e-01 -3.528557701663824209e-01 8.267604552839631638e-02 6.115291741527902891e-01 -8.790890268616254888e-01 -1.638349216296955291e+00 6.206779260627060674e-02 5.647453125054693324e-01 7.127671051855374307e-01 -7.730581977722461584e-01 1.075569343419218615e+00 1.783726016339445497e+00 1.100943200468767813e+00 2.475236604155742481e-01 1.553774469128946123e+00 5.582254667066793852e-02 -1.280729094839310189e+00
-6.472101805258055895e-01 -1.033473713687229345e-01 8.475654984861590024e-02 -1.891255936595064968e+00 5.700576766191832734e-01 -4.453331984002174559e-01 -6.558568113587390780e-01 -1.966947000695348502e-01 3.518921992706190993e-01 1.400082474366759255e+00 -1.405027873190072940e+00 1.476191454339962128e+00 -1.856497644251904999e+00 -7.569779508101832644e-01 1.506343764646596251e+00 -3.648009574585275305e-01 1.292635622235337012e+00 1.630947841625374650e+00 1.819706459143346278e+00 5.457572264848254973e-01 1.242642675094010718e+00 6.709803307908034364e-01 2.344430820807635651e+00 1.031364140024694009e+00 1.672691190902267921e-01 8.482450731743675920e-01 5.028341233046919323e-02 -4.313738371603433319e-01 1.279827804135550418e-01 1.940001388379001712e+00 -1.662144581481211567e-02 -2.081946311397917804e-01 3.634331385820398219e-02 -1.222136392414830741e+00 -6.473955718886457156e-01 -2.388779636660682826e+00 9.210155695205923809e-02 1.570744843024927118e+00 -3.607886639808568496e-01 1.905012458502301212e-03 -4.164637020589016525e-01 4.323471211477808995e-01 8.697295496007521054e-01 -1.419486442862762272e-02 -3.393441745674604659e-01 1.673662115352620994e+00 1.236044747719020176e+00 1.900087685289213901e+00
-6.458352059165592962e-01 1.275454098414883219e+00 2.032046311988197351e-01 2.247432436240257569e+00 -7.858082115793937339e-01 5.572422104328607073e-01 5.208334449868901039e-01 -1.471161380218843906e-01 -5.548980056192855947e-01 -2.427226083046224669e+00 -1.199084175659374529e-01 -6.830289462245503485e-01 5.032145014354980628e-01 -2.059096317109211094e-01 -4.521890157729566151e-01 -6.264847904853282357e-02 -1.852378437382138809e+00 -1.148546108436632185e+00 -1.988986085272974602e+00 1.053986973577400121e+00 1.230890838569921542e+00 1.009484104387978975e+00 3.594186184520570260e-02 -2.118153205892306934e-01 1.335240139411954852e+00 -2.268209582742374830e-01 -1.506885160331183915e+00 3.550514087017678233e-01 2.536642917593718849e+00 -3.452705486671574925e-02 2.632155310016787708e-01 3.363820108984797996e-01 2.588915330434664042e-01 -1.571080845374892565e-01 4.611278330298920758e-01 -4.495078251802295255e-01 3.454345956464734829e-02 9.685567285842932028e-01 1.748644165318240962e+00 1.360705994889233938e+00 -8.790752573469559072e-01 -3.111978024302616275e-01 -1.801740071965409973e+00 -9.671290763879744068e-01 8.971923374578434640e-02 8.757785731283516117e-01 -1.526559708141477012e+00 -9.225534484346806785e-01
4.968982841505389936e-01 5.553175817503294143e-01 -2.712017576549000109e-01 -1.070338025607349586e+00 1.368390674575556076e+00 1.231845008100240953e-02 8.902530991727907184e-01 -4.462990067549264528e-01 3.131332060546134222e-01 2.125908518823392268e-01 7.418829803081133933e-01 1.500750294299545151e-01 7.696458108655981345e-01 -1.584340194243539557e+00 -2.866639245609601816e-01 -7.576049690843869033e-01 -6.234137951458892414e-03 -2.133798887580431014e+00 -6.162432604579555218e-01 1.682543333181184320e+00 -6.507106344011256427e-01 1.498195033611526172e+00 7.265805994534728363e-02 4.510404451372507229e-01 3.130823704288692166e-01 1.635254181881256041e-01 6.559216389581098428e-01 -1.576741906219029987e+00 -1.270962232730407759e+00 -4.887115208971857805e-01 1.137250360526979920e+00 -4.110645365627135783e-01 9.176749157509701549e-01 -5.929479878469358090e-01 4.992432353494412611e-01 -4.905331641129825337e-01 -4.700527949153489038e-01 2.696848366848753585e-03 -8.830555670380315636e-01 6.534628616250300892e-01 -8.871722108395723172e-01 -6.644067914660893859e-01 -3.042521084457501801e-01 4.094589616210072003e-01 5.174548438759040137e-01 4.349638893039362020e-01 4.541477352452890082e-01 -1.526907231585181934e+00
-8.758115689132169868e-01 1.661025271142415605e+00 -3.561807428186229973e-01 -1.118730151492928204e+00 4.310195685639891527e-01 1.387830598235596957e+00 1.739061866447198179e+00 5.839388989330719371e-01 3.425350428600550390e-01 1.705863034410225909e+00 -7.060817858158608962e-01 3.354645757533368522e-02 1.846258168629705709e+00 8.937031299647684168e-01 3.068313839818627708e-01 1.724066971698811346e-01 -6.828243004132687755e-02 4.618990374232906926e-01 1.073305073907194984e+00 4.209290395223693193e-01 -2.061574989102528122e-01 1.371241365631756803e-01 -3.840086038297232385e-01 2.349548317450045609e-01 -1.013793415820985366e+00 -5.269288582567680512e-01 -4.258596087606509629e-03 -9.927899440256101604e-01 -1.621740636864116958e+00 -1.972126515164333904e+00 5.333013197017704154e-01 -9.469044689549377392e-02 2.841291094622300784e-01 8.651499195649658969e-01 -3.126884289149655105e-01 -9.295488011387076366e-01 -5.927869807007406511e-01 -3.695107946210112737e-01 -1.740973423757649519e+00 1.239460913092086169e+00 -8.209007910898917862e-03 6.725937007363054221e-01 1.268718395752393702e-01 2.699789911657737851e-01 3.414678112612999361e-01 1.462790326339610703e+00 9.753932556665134701e-01 -1.177454160453059062e+00
7.066988388512258634e-01 1.358252046914958600e+00 -6.563624773793018674e-01 6.447561981275388154e-01 2.251409082862965150e-01 -8.401147649181106569e-01 1.103199218318791308e+00 1.661344959287994305e+00 3.212414162883351354e-01 -4.487010785276430713e-01 -6.276906891340039429e-01 -5.054303793676154788e-01 -1.464908811426694379e+00 1.603465958166471750e-01 -6.846983262931191083e-01 -1.274159771485748660e+00 2.003011852333126175e+00 -1.225433416491414462e+00 4.911786003804133882e-01 -1.030618641627925935e+00 -1.171338228809174931e+00 1.021647953981643431e+00 6.653680008261376733e-01 1.226040579973953104e+00 6.737177379327310422e-01 2.575061005723999763e-01 -1.135739800738468697e+00 -7.712460688562534639e-01 -8.856453402620267923e-01 -1.143991762031226322e+00 -5.009770358988953065e-01 1.480187076952175662e+00 -9.224335991666635648e-01 -1.174708688487193786e+00 1.415262148079534876e+00 7.536497650460478592e-01 1.397860536659653041e+00 -1.327384133521343657e+00 1.931234082057518842e-01 4.630618085392586569e-01 -1.046729712257939093e+00 1.764099893103139527e+00 7.129872438967949089e-01 -3.983732552098470103e-01 2.858721880281644978e-01 -2.820228219114002122e-01 -6.616073428945313806e-01 -1.059894325582071195e+00
1.703467777847478826e-01 -3.108907301348172947e+00 -4.536104795339920837e-01 9.092253883430503891e-02 8.325913267950274532e-01 2.463692595895239368e-01 -2.072801174068507335e-01 6.348372384344027619e-01 1.176135148229426441e+00 -1.023491167031494120e+00 8.899091291271424842e-01 1.977132800634039844e+00 -5.575815288473538051e-03 1.018546521059701115e+00 8.320329226268045053e-01 4.484322221414765997e-01 -1.013927797560690403e+00 -8.837351615031552310e-01 -9.647430751019028250e-01 -9.444790105050270279e-01 -2.072930141881803578e-01 1.907479893953285988e+00 1.221936472098959614e+00 -3.572491400732929479e-01 2.259319754151016268e-01 3.694202280003398564e-01 1.838931155365825409e+00 -1.461643520865453905e+00 -7.318714301045169401e-01 5.901238686304467462e-01 1.334564259386891161e+00 -1.585360216812012890e+00 -6.198017270503097809e-01 -1.493142113057671860e+00 -4.971150335102733075e-01 -1.077890718124580482e+00 1.688090248180524666e+00 -6.960670537912048150e-01 -1.254636711957444195e+00 7.593039135383169436e-01 -2.363046246951254314e+00 -1.152474354364398934e+00 -4.824746153596659592e-01 1.264915847703667051e+00 -1.825814450574403836e+00 1.245003048879217200e+00 -1.484692420504659216e+00 5.855293399023597800e-01
1.403615664322188206e+00 -1.124478239339864016e+00 1.303254435461696836e+00 -9.198883737267578020e-01 2.287595200002998930e-01 7.764895550431381022e-01 -2.459028598970658050e-02 3.928450157991547620e-01 -9.551757401469184172e-01 -1.314588264828498776e+00 -1.468630982293066767e+00 -4.098993671113949078e-01 -1.458698068061438979e+00 1.930937869939403750e+00 -1.353077031225507487e-01 -4.100789398004803243e-01 1.032200814242106718e-01 6.311096014257109310e-01 1.378391395699825495e+00 1.062998816444409522e+00 6.236123062134594219e-01 -1.565428197637232788e-01 2.638467121967269069e+00 1.994360945216131220e-01 3.296018017440646708e-01 -8.077607439437234360e-02 2.512081361567305438e-01 1.826798494949823937e+00 -1.010206619424326213e+00 -2.565914106127744621e+00 -1.764810239346657816e+00 -1.091378413772553513e+00 1.527731064447276577e+00 2.944936652663592280e-01 -1.597026387144626636e+00 -1.392526307411318109e+00 1.035834206981400607e+00 1.548611672149589336e-01 -1.746106970505542755e+00 -1.326765157830831710e+00 -9.745283634718773236e-01 5.677458800620841517e-01 -1.372172370215462456e+00 -5.055186857267334188e-01 -3.124223860783306606e+00 -2.955859134037800984e-01 -1.786463653899778237e+00 1.105657760059855166e+00
-1.421010837781256031e+00 -6.567136763756907802e-01 -1.816134693680742762e+00 1.041380718396460514e+00 2.390219372084728899e+00 -1.182876130183173391e+00 2.323491665624717595e-01 1.317373961973864027e+00 1.509327481392173764e+00 -6.045921590650619321e-02 -1.578901185930934037e-01 -1.228463111649980233e+00 -1.072440801908872920e+00 1.065204981324848532e+00 6.292365765432542668e-01 6.953378585736127437e-01 4.712479200632312404e-01 -1.209209327980267590e+00 1.520158553900485598e+00 -1.641925018057971863e+00 2.462158219045556817e-01 1.727963067371820038e+00 -1.519951837175979037e+00 1.452922964444101905e-01 -4.905418242585644628e-01 -7.228584533933417322e-02 -6.500173408684114529e-01 7.735579972857453690e-01 2.075576161024606237e-01 -6.636858730412050766e-01 3.405996832387112733e-02 3.950988524817679592e-01 -7.806517842107792982e-01 1.133109126817602341e+00 2.319831460408241230e-01 -1.128055163843731279e+00 3.972609734214740951e-01 -4.962171506586826597e-01 -1.277848757069994790e+00 -1.598187368517614559e-01 2.413250401698551484e-01 3.388669817490715386e-01 -1.234060946238601408e+00 1.619915301304406974e+00 -2.170279025423753338e-01 -8.338888629848759670e-01 1.006621254872261062e+00 -8.133736342016032461e-01
-1.546451109191044226e+00 -2.726315339282345818e+00 -8.023196635540382760e-01 -6.947219451265918000e-01 2.688021086617028432e-01 3.302944890049344662e-01 -1.231468308049280980e+00 -1.556162597889043431e+00 -1.050991473942177512e+00 2.232724082795124743e-01 -5.697259865974504400e-01 2.498218028214128084e-01 -1.201271917127416211e+00 -5.844846186090677520e-01 4.975534781435903553e-01 3.636641246884042000e-01 2.736573456299896123e-01 1.051290547543141329e+00 1.085730165655310220e+00 -1.041660378130508935e+00 1.309677087304243370e+00 3.501792418770163007e+00 -9.016583500303855248e-01 -1.587299287222524447e+00 3.508027405490716788e-01 9.896106273300774303e-01 -2.264635595818313418e-01 7.592412783637824125e-01 -6.493125383330524691e-01 -4.531334146478022823e-02 1.257988903167391648e+00 -1.568309957712986646e+00 3.982907300537915640e-01 -4.881210829083579283e-01 -1.050101805512359876e+00 2.010870931123418526e-01 4.337905686360383761e-01 -1.474407895831280291e+00 7.122142219223310811e-01 -1.030059656625888498e-01 -6.967288768923581843e-01 6.988697043588767976e-02 -1.528212749791616754e-01 8.208474033883715881e-01 -1.316402481813458092e+00 -1.008282591356217894e+00 -4.960537945765794987e-01 -6.018220480682888729e-01
-2.765944728249496443e-01 -8.172513929939669852e-01 -2.348408746358329191e-01 1.002645758103312967e-01 1.575248934568813874e+00 2.467648292767222473e-01 1.512659059157394958e+00 -4.093101030681698393e-01 4.330825771870719931e-01 8.485379788041657045e-01 1.179279264159597718e+00 3.787973290987805552e-01 -3.795298447351617699e-01 -1.913686259614630236e+00 1.230378095227598889e+00 7.214550318165654508e-01 1.101701255130791424e-01 5.137770057095607523e-01 1.387965997607847557e+00 1.520162096671101137e+00 -5.394281578906336971e-01 4.981278380501915626e-01 5.428046386683148539e-01 6.800296524426639212e-03 5.021872883382364483e-01 4.836852372350441964e-01 -5.800148277495475145e-03 6.959631392568920161e-01 -1.764851459031533842e+00 -2.154487198821268823e-01 -8.966468521560138072e-01 -7.210726543944860623e-02 6.507278755584141594e-01 5.134216257067112377e-01 -1.851773206296929986e-01 -5.247094065597781576e-01 -8.631080148336360836e-01 1.177652766354671532e-01 -6.090242690052124486e-01 8.565411274012707521e-02 -9.295416821086036063e-02 1.256247728383591729e-02 1.667613058355513767e-01 -4.065218564661896017e-01 3.631464370221926252e-01 -2.070314776745097451e-01 1.272760452743458837e+00 5.177362740096959071e-01
-2.668104882105071241e-01 -6.072417884691407863e-01 -2.507298398286374574e+00 -1.184542702950525328e+00 2.920875774901023902e+00 1.782528746447419044e-01 -1.543239679684660359e+00 -6.524067725564217102e-02 -1.666588303274211702e+00 8.385259908632373138e-01 4.847114886545784151e-01 1.345255256506934449e+00 1.280992986048081317e+00 -5.182339425680521083e-01 -1.656569449910307190e+00 4.840948991310123350e-01 -1.167249197954903117e+00 8.641079156919007076e-01 8.094542526151577988e-01 4.859816914131100396e-01 -1.683304039446803513e+00 1.655119434454039196e+00 -1.829575731024098761e+00 -8.998517625551587518e-01 -8.066100006908201170e-01 -8.985157837906236709e-05 -3.115125513541471824e-01 -6.446912699012179448e-01 -1.392279307355910323e+00 6.873598988514972863e-01 -3.806351663475858182e-01 -1.685516441694233869e+00 4.092964260380007463e-02 -6.638764047041487704e-01 2.630883751878759780e-01 2.072799963771704834e-01 1.212779619480452153e-01 -7.773451929562691376e-01 2.410571072414398608e-01 4.292851818509883510e-01 2.680296765862116848e-01 1.360972729770290490e+00 6.779834878176232982e-01 7.033252994225234200e-01 7.494922658350248179e-01 -1.526346823481963932e+00 1.630369891707167396e+00 -7.240040597761335794e-01
-1.514358896234904384e+00 -5.888724622166054967e-01 -1.267923703944650038e+00 1.734395959380412577e-01 1.872842718136672691e+00 -6.528583348134004982e-01 -2.724222860750321606e-01 3.361607930931828636e-01 -1.822570425726461329e-01 -9.412927950624396800e-01 -2.186488822700826187e-02 -4.457553311980580468e-01 3.903535867929758263e-02 -9.787732896974929986e-01 1.425207426439186964e+00 -1.192860684381632369e-01 -4.148456303781609678e-01 3.536025849242802277e+00 2.083975430245967431e+00 -3.217604098722523509e-01 -3.551887263591317900e-01 1.167710448953721558e+00 6.327465329621160262e-01 -8.750132476235399359e-01 1.714558563931115609e+00 1.224939038479065045e+00 1.109584510705847515e+00 5.850717408701229250e-01 -1.501956917285643955e-01 1.848993182965038562e-01 -9.862265399102747576e-01 1.475436119591981621e+00 -2.690840916183508402e-01 -5.692049758386166225e-01 6.542545915806259327e-01 1.131023787417484661e+00 -1.944659378266702654e-01 3.372430916494271735e-01 4.922618854413216005e-01 5.773066279453946681e-01 -5.409117137915180340e-01 1.399877660223626807e-01 -5.563460235844261970e-01 -1.054182402239864036e+00 -2.304414136524830514e+00 1.080796877040196335e+00 1.282665339401040105e-01 8.800510343489126308e-01
1.372687738720408834e+00 -4.297840508801702430e-01 -1.722224889926742719e+00 -2.989318517645831452e-01 8.970870184757566701e-01 2.167494059103898529e-02 -1.333900174693124392e-02 -5.833121695435101728e-01 1.768605752562475653e+00 -6.066732194479540485e-01 -3.934246265286368560e-01 4.240825918742568978e-01 -1.199123921344364518e+00 -7.294284575483054311e-01 -2.211519063175748923e-01 1.440638125532451852e+00 -1.868858464494621008e-01 -6.370704475982588155e-01 -5.871813569741925892e-02 7.916461332957189234e-02 -1.256755618998284696e+00 8.261067507421792078e-01 -8.989397339813444132e-01 -5.724534449779811185e-01 -1.364612652254219904e+00 4.582657106691459536e-01 2.506847183037831384e-01 -8.485818530015839523e-01 8.548542189297977378e-01 7.985918962340713412e-01 1.204773744536920432e+00 -3.841198845705489084e-01 1.492126678783051996e-01 4.956087873909222341e-01 8.374959156405873406e-01 1.001870358688477181e+00 5.965060121978367214e-01 -3.908443762310492842e-01 2.183631617262252522e+00 1.430653915262576792e+00 -1.680928491092998245e+00 8.124703509167212779e-04 1.882063461106637359e+00 2.398476360617242342e+00 1.177297117227510848e+00 -7.827547973609236820e-01 -1.137436242817912779e+00 -1.230434108712481489e+00
-5.097307547782444770e-01 -1.091726968408156945e-02 -1.257509515149439316e+00 -9.747359616224176015e-01 7.195879370231021976e-01 -1.738725113270420897e+00 -8.212761203223977180e-01 2.347728141722261186e-01 1.014001233011196712e+00 -3.157814378990011939e+00 -3.553590589152695323e-01 -9.829162972871643422e-01 -1.582671640215053133e+00 -3.861121240937862020e-01 -5.226645430438801032e-01 1.147742111975187163e+00 1.585123498604361858e+00 -7.823143727277036552e-01 -1.337682429908919612e+00 -6.663174335648820723e-02 -5.352062884676411780e-01 -5.135290915407769718e-01 -1.667035158073775891e+00 -6.186584544207345271e-01 -1.034158940265225562e-01 2.823620073246763673e-01 2.453302867097852391e-01 1.485491939400962025e+00 -8.978852127198374555e-01 6.006491424555210346e-01 -1.712324716482424236e+00 2.290305638371332164e-01 6.792057904006425506e-01 -2.007682071692562964e+00 -2.863428352575663749e-01 -3.495470606730101126e-01 1.752131734018879394e-01 1.073658201826421354e+00 9.026071564263909996e-01 -8.912428575419668597e-01 1.925375645456657514e+00 1.197503092622363763e+00 1.550837164084470920e+00 -9.393736121422081586e-01 9.953877902115759735e-01 9.893550264662807070e-01 1.209877089221783164e+00 -8.167965373132096696e-01
1.252381526444287241e-01 -4.242094512686401808e-01 -3.250557779230267008e-01 -8.887122359072545663e-01 1.684151885758344847e-01 -1.169375743906101661e+00 -9.055668209094854815e-01 3.199696578096100641e-01 1.084308237701172128e+00 -9.026951868686235170e-02 -8.909567208195923183e-01 -5.698446444123128618e-01 -1.170037397910109300e+00 4.241088737287064814e-01 -3.752148989288518581e-03 -1.362398033712612921e-01 2.727138358873904433e+00 1.385553807292325690e+00 3.925565805538708264e-01 5.048783930670535103e-01 -3.045497658889573800e-01 -1.708005679654696074e+00 7.190454283824767590e-01 5.101875085289336864e-01 -4.882034616170829455e-01 5.876863368453412173e-01 -2.897723333171847160e-01 -1.508424620407993633e+00 2.926620154381188652e-02 2.047635863440472104e+00 1.803960085801307178e+00 -7.505239205442812978e-01 -8.032139961595490263e-01 -4.614097012179119717e-01 -3.447573457918516326e-01 -2.099955407182635125e-01 8.669681722480794273e-01 5.568293638703168680e-02 5.751587342402650904e-01 2.203546944133720487e-01 6.754804984600687456e-01 4.146044164717907488e-01 9.847430169249294929e-01 -3.864436009898912228e-01 1.247677702651613929e+00 1.460738416018282360e+00 -1.310431498698241715e+00 -6.105872191327453846e-01
-1.560341318237636665e+00 -9.557678460410339305e-01 6.188738708072751837e-01 -9.793311422755632822e-01 -5.552981072971825416e-01 -5.503173773627820231e-02 -6.439514962174112123e-01 6.352145354798081900e-02 -7.641353249461462216e-01 -1.650450312215651971e+00 -1.329864611879397307e+00 1.217441993659974298e+00 -2.605817613836199254e+00 5.975324700867733485e-01 1.528522605115521404e+00 -4.313538487404374178e-01 -3.739242390314400089e-01 -2.004702621987766997e-01 1.684071082875753245e-01 1.012971017172743959e+00 -7.237757257880685913e-01 -3.369483720456329379e-01 -1.191948136683121939e+00 6.358645028581129122e-01 7.286361441671168615e-01 7.784112570075263360e-01 -3.025635276530975748e-01 -8.008922655705531524e-01 9.947858169955700047e-01 2.027861771847711270e-01 -1.326826863259329636e+00 -5.837014339587294209e-01 1.362156063409337481e+00 -2.104641026032155526e+00 1.642179948432341607e+00 -6.464504307704940222e-01 -2.187694651143463620e+00 -1.048371125043365382e+00 8.151141095322615993e-01 -7.990529630715452747e-01 -2.816478222833212336e-02 -1.774898535786972431e+00 1.329398890617910389e+00 1.533306957001368209e+00 -1.442452102389922608e+00 1.288877640862976737e+00 -9.308867981634343369e-01 7.174930902332505855e-01
-1.226012150412307267e-01 -2.235320521987940623e+00 9.935411131842776244e-01 1.921369197584027466e-01 4.305486926095496436e-01 8.618659999815271311e-01 1.563455940260786159e+00 -8.119907358691542676e-01 1.501872026732866405e-01 1.570285441653146430e-02 -9.621043639551822846e-01 1.035392948938739455e+00 -2.213893144347307551e+00 -1.650111062326587996e+00 6.958798261478142677e-02 -2.250164271160795815e-01 -1.478937179474082875e+00 -1.031696733669545729e+00 8.754424005564976907e-01 -7.816354357820828325e-01 -2.789833181193413988e-02 -5.837742595305573934e-01 1.648863250591519725e+00 -1.278644158277867593e+00 2.544849427255275742e-01 8.558426923495285332e-02 -4.014454788376836669e-01 7.229545623303175184e-01 1.177702444257608949e+00 1.056651268231041829e+00 -5.149133481204726248e-01 -7.310411018639598746e-01 -1.515075097696259032e+00 4.692595076865129777e-01 -1.158927666776177201e-01 5.906343940685493399e-01 -5.314362258317825161e-01 -4.251318102725956671e-02 -2.944758610835990220e-01 -1.947295347905990959e-01 9.848260784559308423e-01 -2.574494171835093118e-02 -5.284914353399217113e-01 4.476909393653878966e-01 -3.922179516002726185e-01 2.406383372849449476e+00 4.374838043604822313e-01 1.810792949410849673e+00
1.421190190593132341e+00 -1.115572466800392126e+00 -1.210572674157785800e+00 -1.038473444564615988e+00 -5.770324954795038597e-01 -9.529944831160161445e-02 -1.634509236224820639e-01 -1.239645697218630493e+00 4.164798301529750724e-01 5.547563963496403572e-01 -1.597273694110626474e+00 6.984173314151424783e-02 -1.117132697402097419e+00 7.973434991457506449e-01 -8.532058223947968090e-01 1.081905477793020820e+00 4.726227673364104542e-01 -1.752216152257757287e-01 1.522877404520473106e-02 -4.700020248558665070e-01 -2.340574796680831848e-01 1.634337653721815053e+00 -1.199170179187316831e+00 1.318769394950908280e+00 1.918497853699930644e+00 7.859693844746995506e-01 3.479334984048673696e-01 9.564888585296932311e-01 -2.568907380364419679e-01 1.523321714050365649e+00 -1.055393387149133666e+00 -5.610481669309352881e-01 -1.864084270387276199e-01 -2.867407178230036435e-01 -1.039557812784098756e+00 2.214177891884334115e-01 -4.650703275344695298e-01 1.833354737439946369e+00 1.445620694657753003e+00 -2.098262237870090807e+00 -3.716224257324143854e-01 -7.616062765715921890e-01 1.391182765516704389e+00 3.318731507158155236e-01 9.250446928518210044e-01 1.637999096566680191e-01 -2.268643454539948368e-01 2.570782728888225677e-01
-9.519995245765174863e-01 -1.079857166424895265e+00 -3.792932228954832286e-01 -1.359447292234713389e-01 -1.314749368911425353e-01 -1.540213809029540304e-01 7.025680605693180869e-01 7.718112600467725848e-01 -2.186264379333722196e-01 -1.217301690850093987e+00 5.063725122114770549e-01 -2.251548763593385072e+00 2.173935698019575369e-01 -1.332357497254479384e+00 2.489457141071764301e+00 -8.947743313305998036e-01 3.020627562580918135e-01 -9.364683061514247897e-02 -5.499534933284745408e-01 8.554006297827427829e-01 5.453707429834042664e-01 -5.882530622714933211e-01 -5.861038121833087589e-01 1.174264896500530619e-02 3.544020199156788786e-01 4.915485281165556941e-01 5.945673189099340838e-01 -1.636738819593398286e+00 -8.852677640013278948e-02 -5.455918262937684560e-01 3.113503800080943962e-01 1.056019682249992764e+00 -7.641603945391566288e-01 -9.728599681415919243e-01 9.484217955081408746e-01 -1.502840934772718962e-01 -4.749987544343068357e-01 3.675561139911706077e-01 1.017360616038076593e+00 1.284415152696414708e+00 6.924241960308558097e-01 -3.191082352251370380e-01 -1.965309447368775997e+00 1.518680581134949747e+00 9.962514262808236376e-01 1.932278885548428526e+00 -3.921333537467366348e-01 -3.900429353165861812e-01
8.731320664063991766e-01 -1.112108210604505709e+00 1.411693589491902268e+00 -6.845361025704779778e-02 3.692458044022212671e-01 -8.653149291169826007e-02 -9.843083884872745326e-01 6.513864919811801490e-01 4.317042371928422329e-01 -3.755735475248778155e-01 -1.718551369300326259e-01 -1.106357960779202232e+00 -1.629761003811863063e+00 1.651580061364312124e+00 -3.537863229112893637e-01 -5.304908311885591088e-01 -2.673848452092655315e-01 2.333131776177370942e-01 -1.374088511033219495e+00 -8.263757709447672184e-01 5.521550960723112800e-01 5.499698678960637244e-01 -1.114769851708664605e+00 -1.349587668781099703e+00 -3.609751904481253021e-02 -2.027820792933563154e-01 6.767124059138429626e-01 2.396848899551903000e-01 -5.616061168700693662e-02 -3.525491526941202935e-01 -1.671439813724175494e+00 1.874310598229542713e-01 -3.744286490455122143e-03 -1.863675979114418624e-01 9.839945825975879856e-01 9.080499809506539788e-02 -8.558038482733285601e-01 -5.289713316614375049e-01 -2.947382560423189579e-01 1.195740863024858713e+00 -2.931827817722091334e-01 3.723322595192672946e-01 9.401928403171211368e-01 -6.490149305139489844e-01 -4.666520380657617206e-01 -1.404038752423539815e-01 -2.686033708184183966e-01 7.733732528184765753e-01
1.139686549655759329e+00 5.368902696291975030e-01 -1.564909164285302356e+00 3.782444026677597160e-01 -5.133144519100327763e-01 -1.111157145289556558e+00 -8.556540042546484370e-02 1.311677742186399820e-01 3.824106987213142794e-01 1.222009287172839631e+00 -7.924595971193403310e-01 -4.881699301746353359e-01 -1.547873790317388920e+00 -5.012764059551401141e-01 7.228374688104974854e-01 1.022701969369216979e+00 1.058536464209103301e+00 4.626325957282994006e-01 2.349626227906796427e-01 -1.561201560249825537e-01 7.515018992847639911e-02 6.523321120918668115e-01 -1.028825224041894248e+00 1.044544114189975614e+00 1.620350138247561800e+00 -3.234695221376452379e-01 1.273414169734601531e+00 -2.711817050144711416e-01 -4.863680669813159607e-01 4.133056034254352640e-01 7.257479897430044735e-01 -3.940691815434066991e-01 -8.318793934172188931e-02 1.298222179332491899e-01 6.610071400040897771e-01 6.506850821052890810e-01 -4.328940281581171723e-01 -1.557322280120699599e-02 -1.682157337574029077e+00 2.991481599136960323e-01 5.082561387981228140e-01 6.403456076839504352e-01 -1.677284205409715234e+00 1.396245115549066051e+00 7.190538630722482782e-01 2.449456016685583326e-02 2.250459786629956382e-01 4.987299935782925631e-01
4.814756318385056133e-01 -6.861614407518633607e-01 -1.613828131307873059e+00 7.966530980987042154e-01 -3.054241088014971184e-01 -1.752374404052238488e-01 -4.233832016399225462e-01 1.010215952435625342e+00 -4.559806335042449095e-03 -6.952277995576532366e-01 7.038904827410855103e-02 1.748699898570043709e+00 6.128331225491339893e-03 -2.676288205063384606e-01 -8.453288008380904772e-01 -1.244199381504166452e-01 -1.257226421615019296e+00 9.023106845966065714e-01 -2.689588986977391460e+00 3.224662020906399196e-01 1.006775087656369250e+00 1.036843686137178949e-01 1.638582566537421403e+00 -1.225396240467928610e+00 1.414336740052984098e-01 1.705302302803646530e-01 -1.817608890931973198e+00 9.490462159982712143e-01 1.363759716335560590e+00 -1.052534213484597414e+00 1.909361547674654824e+00 -4.872138361303534615e-01 9.537942963338655877e-01 1.689609375654457235e-01 -9.696485090655537764e-01 4.394942682613435236e-01 4.634592946789559686e-01 9.901375477336246123e-01 2.312356098995916598e-01 -7.122514250181917195e-01 -5.212282618859247485e-01 -5.866530187984081435e-01 1.928722402970497463e+00 1.019446564904163299e+00 9.692526112205137601e-01 2.631896202859055900e-01 -1.226076048554676445e+00 -1.967863096314257931e-01
1.641896690177447438e+00 3.346565823477000823e+00 1.853654444681820945e-01 1.122516019317311375e+00 -1.947616700414416258e-01 -1.413443457117025126e+00 5.355963578162005190e-01 2.195099315762390202e-01 -5.947080210376879533e-02 1.211152642652602252e+00 -1.977476453074022422e-01 -1.501149000522081778e+00 -3.563004504524909244e-01 -1.605909200887240873e+00 -1.718743046813411723e+00 -8.526911456647912058e-01 -6.045912444965127752e-02 -6.258008921809065095e-01 -6.069149694658334537e-01 -6.095117997395427256e-01 2.054046106411469896e+00 -1.333435448503738907e-01 1.148717895690189783e+00 -2.212407045466401101e+00 4.195944602222564934e-01 4.287374538601506635e-01 5.086498360952040887e-01 9.904588512693316416e-01 -1.114364704840537623e+00 5.372142576464620373e-02 7.378877853904479700e-01 1.248597780930173151e+00 9.478798750270713835e-01 9.994115112688983782e-01 3.111747183858170063e-01 -2.019042876484231086e-01 -1.941139189628926287e+00 -1.094430545224998497e+00 1.242132433922389811e+00 2.601548788302060711e+00 -6.519316794429040884e-01 4.446097923786240802e-01 7.577656973091931869e-01 1.002004006244316958e+00 1.499789893495420516e-02 -4.014274733321004374e-01 -1.599226414295289000e+00 -1.380104413892521809e+00
2.758223659820694396e-01 6.335258281518523216e-01 -4.603777888604877050e-02 2.129863524435602895e-01 -4.849812715111909700e-01 7.592311324892392355e-01 -1.599033774780556971e+00 2.623614997453857511e-01 -1.826476592405923416e+00 -8.318548570235656525e-01 -7.932872073278041114e-01 1.304274753769674611e+00 -2.954965160019162873e-01 3.627108479220617632e-01 -4.284620481834323646e-01 -7.037332748887726863e-01 -3.815297999880552515e-01 -1.541603075657901112e+00 1.772722563580099719e-01 -3.074265204845774702e-01 2.131027331848147188e+00 -5.216861924020674834e-01 1.262017391703304625e+00 1.212676879222827964e+00 3.719390414169529424e-02 -2.539492978399107592e+00 -7.692153272272118647e-01 1.384586182701754931e+00 -7.544025682899670182e-02 -1.523060718854138296e+00 -1.539625747648597942e+00 3.224907740150454449e-01 5.669186468436040460e-01 -1.240420194764927153e+00 -1.696701220422948575e+00 -1.464668822687773986e+00 3.810757669549362237e-01 -6.349946778385561208e-01 -2.331167655628633983e-01 1.051963004498594367e+00 -1.557100423370675057e-01 5.809111346118444041e-01 1.556002888745289248e+00 8.409938003696343367e-01 9.436621965020688396e-01 -2.753670404268295790e-01 -2.566586628716292506e-01 1.201396538417734972e+00
-6.795668828843302034e-01 -1.014839462549796290e+00 -1.680629048082502852e-01 -1.097649222011056969e+00 8.785752242770536458e-02 1.570196676940067926e+00 1.117372814501731204e+00 -1.055576196252822951e+00 -1.552498321007931503e+00 1.718031114725909747e+00 1.168728011382479837e+00 -1.447616150942369062e+00 1.091603655742343415e+00 -1.218608255920053729e+00 -6.093662568755632281e-01 -1.892802515979743028e+00 7.834582743054742116e-01 1.792109037212797906e+00 2.019499750833192220e+00 -2.281799179051015869e-01 -1.611248354000397176e-01 -3.831893903565735671e-01 -1.181653342106819604e+00 1.298574313194496010e+00 -1.357136724034134323e+00 2.352446519072049824e+00 4.274731292365329116e-01 -7.038361274138067447e-01 -9.533648611759979463e-01 1.651919883045793069e+00 6.015401724068017986e-01 -6.531792141138368368e-01 -2.174676914633677793e-01 -3.207366929721220533e-02 -8.036812323575742711e-02 1.286442869015816393e-01 1.308056524530100795e+00 -8.080183984595297186e-01 4.061476272883500771e-01 -3.237733128365885560e-02 8.595445577994303976e-01 4.696721357652444695e-02 -8.616522831220178036e-01 -1.066311094985526564e+00 -6.063193567877133150e-01 -1.506038080125233325e+00 -2.460075224008322348e-01 -1.912082884197124633e-01
1.162816573473309106e-01 -1.033072761488677882e+00 1.702095169040959977e-01 -8.123098331452949239e-01 5.037786822581187263e-01 -1.284866946810568678e+00 1.609113957465188260e+00 -2.011167299745611758e-01 2.945657997582662099e-02 -7.469707560973750660e-01 -1.077631826690195194e+00 -1.075050344315578110e+00 -3.500251507189022782e-01 3.981180206430610657e-01 2.202554727881606347e-02 8.667207679774251439e-01 -1.466629774639285344e+00 1.943852511464701838e+00 4.922423927769912222e-01 1.120868000415475185e+00 3.571731032840477216e-01 -1.354916489165204574e+00 8.741877340429514698e-01 1.953816944343843287e-01 7.369829031435994882e-01 1.237275590341561760e+00 4.711497667398408806e-01 -2.780531026803297889e-01 1.907152549633254424e+00 -3.518092743383708365e-01 -2.199112740396438337e+00 -2.413651872315342839e+00 -3.049521554875622709e-01 -2.658185059163475916e+00 -3.617377605390343365e-01 -8.009937329385263816e-01 -6.691750755751026958e-01 -1.477445892362475366e+00 7.253032221030215609e-01 5.263121366853756866e-01 -1.750968500953832274e-01 1.774576046452172040e-01 3.202501950840525025e-02 1.603929665888999434e+00 -9.273176951110231880e-02 6.709498255617389884e-01 -6.876382436958532463e-01 -1.401149139938196120e+00
6.692579784508245755e-01 -1.841644492624232576e+00 -4.289498133726466489e-01 3.603776943628587692e-01 -1.311860929704850465e+00 4.965730184782199408e-01 -1.632357182743507940e+00 3.952459640289108789e-01 1.009565961666191614e+00 -7.062844035766285833e-01 -7.071662964049986178e-01 1.013157137875821262e-01 -2.792414956764766587e-01 -3.838679624199669571e-01 -6.176704391854930254e-01 9.865478179945377235e-01 -2.853947547125260664e-01 -7.611871159065038972e-01 1.452306781921195722e-01 -1.749461952563430289e+00 -7.935942989139803672e-01 -5.081550398198804164e-01 -5.702815826321192549e-01 1.274537951038273720e+00 -8.977490844326657671e-01 6.352342881318066015e-01 -3.737594083259902500e-01 -1.243827356666708933e-01 -9.222569548334108580e-02 -1.080807460866754610e+00 1.249289131071052550e+00 -3.022996889161887690e+00 9.207978660846890540e-01 -5.787473645369467512e-01 -1.546673748080296951e-01 1.141638769764463657e-01 2.859509965798932019e-01 1.362420396342936435e+00 6.392986434973982890e-01 3.427343546001230812e-01 -2.609524262775607673e-01 3.976297983136145020e-01 -1.386877955503354576e+00 -1.056845774355832379e+00 1.237139960504897607e+00 4.768008523043202884e-01 -6.995866824315969401e-01 4.118622608069414381e-01
-1.177755755678497884e+00 1.938373507851236077e+00 8.975231643983486718e-01 7.848511554262881385e-01 -1.101953303229318504e+00 -7.448679328771685704e-01 9.449382224933928764e-01 6.989210796550923144e-01 -8.173839790387198434e-01 -3.202270948936972172e-01 -1.109761178185909136e+00 -7.803301267386271167e-01 2.805251996454761532e+00 9.213661142998260667e-01 7.966743143463503873e-01 -6.375822106142011725e-01 -7.546676110039145513e-01 -7.046116861182101232e-01 2.421293794202955318e+00 -1.830041161777247627e+00 -1.870957345323965404e+00 2.965549406114673214e+00 5.532554926699244646e-01 1.404674453731279415e-01 -1.195120244694252820e+00 -4.302931713018370852e-01 7.466056568965416806e-01 1.155603951211857661e+00 1.195510158118421318e+00 -1.383298816224501682e+00 1.963569931302907801e+00 -5.210564452055164164e-01 1.298866550499986339e+00 2.594430763577434407e-01 6.110817680207915048e-01 -1.010066435606123081e+00 -6.159659769060377155e-01 5.273157289303679329e-01 -8.286847324142596616e-01 -1.456993646009184795e-01 -1.122219507160348462e+00 1.159210789197133495e+00 -3.937825687945100128e-01 -9.074750398685811348e-01 -9.641197746257227363e-01 1.060745295039245306e+00 2.464556642862478775e-01 -8.961651135133196222e-01
-2.234565903652097618e-01 7.653342197642747369e-01 3.280049433680015114e-01 -7.567112351399557513e-01 -2.248304314102726187e-01 -1.280787566788203380e+00 -9.847269225166148665e-01 4.200381430557783569e-01 -6.061609617605960842e-01 -1.722141968178108051e+00 -6.932867130719805315e-02 -6.157113535413981653e-01 -1.269840275024141096e+00 6.856403358265375503e-02 -4.175584959238428095e-01 -8.011978542118133317e-01 -1.577470651962036063e+00 -8.322649661431472667e-01 -1.130849665108871749e+00 1.657599427935239733e+00 -2.650377424771309109e-01 7.879284367829644253e-01 5.692695773303302342e-01 -8.895105588693090759e-01 -1.077146722448478339e-01 2.361632341530351398e-01 -2.768711240767054438e+00 -1.125536414634847215e+00 -3.630802519747375334e-02 -1.380548376709404446e+00 6.729333575261569056e-01 -4.877232947310191635e-01 1.514071775993199198e+00 2.457802900599534102e+00 -1.313230393011245889e+00 -8.484367826899852361e-01 1.113523656988312016e+00 -2.676860106638415893e+00 -5.647758000956384361e-01 4.641303219826554693e-01 7.078673804757827925e-01 -2.202549395456428749e-01 6.820874929558491395e-01 -1.267627829230155267e+00 7.250546061718007307e-01 3.170938841369832950e+00 -6.101073617319644482e-01 -1.182921908147914314e+00
-6.520832900117693454e-01 -1.197258336701126080e-01 1.512726867701603972e-01 -6.026539800536743208e-01 4.801102911302411180e-01 7.197204704772708350e-01 -1.097670806391430887e+00 -7.398879537762648173e-02 7.671471841365210542e-01 -1.931032742105149580e-01 -2.366531424678767426e+00 -1.378189248331285199e-01 -5.103642525454529233e-01 8.263940486672936847e-02 1.097756868044919454e+00 1.117971565540990531e+00 5.926458560403640163e-01 -4.625549765736216012e-01 1.202015049232290966e+00 -4.896231505884751645e-01 1.387962994970668218e+00 5.995577319507704450e-01 -5.221742830615300202e-01 -3.203194688296578940e-03 1.763008696038980971e-01 1.166568584772415651e+00 1.896711332069624112e-01 1.889014683433991038e-01 -5.870288876070178796e-01 5.043602037076398009e-02 -3.930668506629166892e-01 5.844144800156254593e-01 -1.275007112646748375e+00 7.751928663235614358e-01 1.868021992354441663e+00 -1.645362758507525003e+00 -6.455402678269850369e-01 -8.865141589243503706e-01 6.315415602345436641e-01 -5.697550627080376628e-01 -1.478890479792406953e+00 1.614413365201945227e+00 -8.368378449180229051e-02 5.259047552045763574e-01 -2.200194155550904973e-01 3.052452878539919090e-01 -5.646527947673842668e-02 -1.484905427509948472e+00
-3.923678640062967515e-01 2.657397650127459321e-01 3.880401533483098797e-01 -1.289808908682745336e+00 -1.069314564263387890e+00 -1.484161158012379522e-01 2.723567417803969826e-01 -8.125062472526711765e-01 -4.996133866703102444e-01 1.236606091236062799e+00 -1.653535672015512770e+00 9.405131428351191925e-02 3.617844096310766644e-01 -3.459972065023734777e-01 1.643988525019592029e+00 6.908286490840405136e-01 -8.040227250857568952e-01 -3.217747245839078230e-01 1.061774078505458574e+00 -5.525653789436343333e-01 3.652204917291326236e-01 1.424761404413796617e+00 6.429586838194997211e-01 -2.948368559286272950e-01 4.319737396086083953e-02 1.393601522796256154e+00 4.248337710236206322e-01 -1.352321485074508223e+00 1.579207723384004503e+00 -1.451069448555524888e+00 6.235250073839060381e-01 -2.095758368137369487e+00 1.239931983758648881e+00 2.112733280081851850e-01 1.113441914583837150e-01 -1.670770783336871901e+00 1.216542320886420558e+00 1.444836222639354961e+00 -8.649005317887169531e-01 5.928743361988272342e-01 -1.347288017756329115e+00 -1.410848513013841510e-01 -6.713567886144914398e-01 1.939832815636221897e+00 8.595507875397572217e-01 -9.051511172997988020e-01 1.003661355087417606e+00 6.806011951066061050e-01
3.363058532735878625e-01 1.963712526425195781e+00 -1.431222038622939952e+00 7.091155536098474599e-01 -7.662444834171097119e-01 1.271702320107252815e+00 -1.355293358795238268e+00 -1.052388768424027843e+00 5.326232558340562306e-01 -7.604831040679609355e-01 1.584893510889228418e-01 -9.178901624182025237e-03 2.441609287051386135e-01 -8.768975290139510714e-02 4.248950000027796881e-01 3.063487050297548642e-01 -4.975898718058726078e-01 -9.990721262067520092e-01 4.787835974748832490e-01 1.852136494644908149e-01 -2.524536702969454982e+00 1.521129977953366463e+00 2.440368013768399624e+00 8.594531378268588373e-01 2.064475896033002300e-01 -1.677216612069152568e-01 -1.741519713930766322e+00 -5.910905532313680544e-01 8.391098864649028100e-01 5.041425061918402006e-01 1.389790227902535813e+00 6.400763167454909253e-02 -8.484723015527354528e-01 1.096894664304043088e-01 7.562805770619079881e-01 -5.406829548385077011e-01 -8.222984984598766811e-01 -3.301202924765480051e-01 -1.771024750333012043e-01 -9.054721611974728690e-01 -6.658689051969706174e-01 -5.300615442694608381e-01 -4.909306187169438229e-01 4.285146668982356966e-01 2.418930523592214499e+00 2.568213418367054413e+00 3.647969990277343810e-01 -9.767984424399124739e-04
3.694079120498289237e-01 -1.555114050902419720e-01 2.357158510670501195e-01 -1.229164687292095381e+00 -1.903220713512901174e-01 1.312191437922611836e+00 2.105529911784024932e+00 4.616164417714759272e-01 5.254799960380404089e-01 -1.320376189394608213e+00 -1.253697444771455727e+00 -1.018451624431697899e+00 6.449771044034137146e-01 4.862946484519891643e-01 -9.624684695282036406e-01 -9.791354940618253178e-01 2.818309820543564825e+00 4.984309247881117955e-01 -1.210870202147911856e+00 1.050303220168190776e+00 1.340373785908126614e+00 1.055251852033342486e+00 1.997022225033266984e+00 -6.486643438179540144e-02 7.566868978851488681e-01 3.219040267810221456e-01 -3.392214676545380336e-01 -1.985747499038124919e-01 -4.872509501674484600e-01 -5.504664901688591794e-01 2.511677006459967498e-01 -3.098984327778178116e-01 3.159066215520044407e-01 1.071820088559778172e+00 7.973524942197521836e-01 -6.949578009583119442e-01 1.576468917582084739e+00 -1.533807904624754359e+00 -1.778760819586772568e+00 7.517874372335692224e-01 -1.032476275965505508e+00 1.145097102801102551e+00 6.666538975238391895e-01 -8.944891999615395273e-01 -1.618952880429165020e-01 5.095882297275251549e-01 -1.071746699426802563e+00 -9.111323308846506208e-01
1.170846798865960547e+00 2.897076563832268192e-01 -9.862337150279195663e-01 -1.451146746516626340e+00 6.806764112621598306e-01 -1.500882247097445887e+00 -9.413743163848950490e-02 8.748855066444340134e-02 5.606601989773268846e-01 -1.350253527696687827e+00 1.061692431849965146e-01 6.044741025293495218e-01 3.857189007295662164e-01 1.280976952347936848e+00 3.714585143592980671e-02 1.088279270800846854e+00 1.219171090008666081e+00 1.376432140773462820e-01 1.551685562234655702e+00 -1.084596174713317734e-01 1.257076954393864909e+00 3.670055714146231995e-01 -1.207208505563491935e-01 2.490714688681261446e+00 -1.902032461766425264e-01 -5.746837506667259454e-01 -2.051037870491269899e-01 -4.614013311998511613e-01 -1.957385652957790434e+00 2.524697038787644843e+00 -8.559749168291737043e-01 5.485934272913034482e-01 -1.269386904515630077e+00 3.028310721724119525e-01 -6.486799508536680303e-01 5.014173670720977194e-01 7.358228426417884327e-01 8.131451811205149260e-01 -1.439355343763294659e+00 -2.885789982618041649e-01 -1.186264949892872789e+00 4.871660912005766897e-01 -7.045682684127081430e-01 7.024760945267628509e-01 -1.539575685026998375e+00 7.418649429897031800e-01 1.394857246409273221e+00 -1.531106019150783037e+00
-5.212185863082117177e-01 -1.096520243521631244e+00 5.211633052354565088e-01 -1.007280603706032646e-01 1.159566027885980954e-01 -1.030488920811620801e+00 -1.949340047225804895e-01 -4.686833666560033529e-01 1.624699542382840589e-01 -9.622834840572680459e-01 1.310574836261260590e+00 -2.687028167568566328e+00 2.391703333665691211e+00 5.810026729308868099e-01 2.001737985323629676e+00 6.451982872283095194e-01 1.296434583350448422e-01 1.308910115828038345e-01 2.409286737797337707e+00 3.488598614415370225e-01 -2.030490513170155054e-01 -1.178608445715763203e-01 1.940373582677705766e-01 -1.979930122273705129e+00 -7.827880549174713598e-02 -5.641994968364056479e-02 -1.835426563695071511e+00 -6.988682396293851573e-01 -6.524991266923405586e-01 -5.921788155416297661e-01 6.930145862285803926e-02 4.465555639443258285e-01 -7.906792742437602772e-01 4.907579713798874144e-01 2.128991635301376473e+00 -1.395376921139830140e+00 8.272165436349324108e-02 -8.679548200199879160e-01 8.761279628667442143e-01 -2.078367610654756337e-01 6.696253129635904022e-01 -1.679293073505691292e-01 -1.635707117307847014e+00 -6.503375750309454695e-01 -8.633131114959429198e-01 -4.986531701564970165e-01 -1.801991335726116139e+00 -8.361684748682718382e-01
-8.165103114581611088e-01 1.129307694571170417e+00 1.452942959113613375e-01 2.387730965548679585e+00 1.517438586516071330e+00 1.609067904507533175e-01 1.996096813820608662e-01 3.624775165239700336e-01 1.160859995812285467e-01 8.284451018584746418e-01 9.243938588416612534e-01 3.022982938209400339e-01 2.061738704766901353e+00 -1.414280241532208937e-01 2.100446742825692326e+00 -3.762920220921799341e-01 1.640235212545726462e+00 -2.630980981830945087e+00 -8.753975550953968510e-02 -5.711881679875945028e-02 -1.256678290482688753e+00 -1.098108155360060928e-01 3.675342074663784930e-01 -1.677572247213862333e+00 -1.315606891338417128e+00 -1.363627468724185388e+00 -4.437450258038978523e-01 8.329202574299373607e-01 -2.320070825620392796e+00 -4.917494816526636336e-01 2.847153008409139541e-01 3.825950823483580954e-01 1.439117786254719755e+00 2.920468069036781800e-01 -9.319513229713133340e-01 -9.918411994496955097e-01 -5.946893507105599497e-01 2.122707326231552394e-01 -2.034960995601002853e+00 -1.513547936378056402e+00 -1.969248060729515748e+00 -3.246269389959386409e-01 -2.980514705345349014e-01 5.644419788359232408e-03 -1.413449641519619826e+00 -1.414844649526763032e+00 1.969973210665159069e-01 4.881106784828803669e-01
1.180153375613869793e+00 -2.753578321486497504e+00 -8.263825580989975217e-01 1.205073212815129136e+00 -3.462679734459337966e-01 8.632189437700086287e-01 9.114306935017021938e-02 -5.066521661881987493e-01 -1.443751577853589430e+00 3.876794018474560288e-01 -1.179027069152559060e+00 1.796529732060107021e-01 8.137817311861592628e-01 -1.803041071789691363e-01 -8.996372624765326675e-02 -7.490970617644342466e-01 -2.635687679986647991e-01 -1.194630400916805307e-01 3.631549890136709369e-01 -1.339973948356335542e+00 -4.971144919211006319e-01 -7.378028709709767430e-01 7.483400482160882383e-01 -1.083345293812416621e+00 8.413690168439336148e-01 -3.556338466161422796e-01 -1.715486779765139413e+00 1.382498830391993616e+00 -1.417187288732175976e-01 1.856918072275974829e-01 -9.058304173728279896e-01 1.327996070375285498e-01 -5.552941231047855419e-01 -1.508705705710768674e+00 4.795231972444190527e-01 1.397141592793468723e+00 -1.372600721940167023e+00 4.727327726386161832e-01 -5.334852806982411932e-01 -3.886202641903540589e-01 1.430278782217024982e-04 2.857291466618654963e-01 -6.518954790006185052e-01 -1.296485313094337677e-01 -8.000074695262121560e-01 9.770549983873183519e-01 -9.503315413488188090e-01 4.215223543060065414e-01
-5.855882891631722931e-01 5.212885774461408772e-01 8.505044526899244173e-02 -8.467751084584530519e-01 2.107459494224187768e+00 -6.548114421730660828e-01 1.646320879532948700e-01 -1.673826926519828673e+00 1.105082435004942631e+00 1.321017068962001773e+00 -7.969072394726507413e-01 -4.296530501587150774e-01 1.961882086624317234e-01 -5.809144760792314122e-01 1.378674181703577917e+00 1.125581038996708916e+00 -4.419465805791066848e-01 -6.287862906192249746e-01 1.046711988409280591e+00 -1.919743810776744386e+00 -6.408036182906234890e-01 7.750161512844606637e-01 -3.015756361615475334e-01 -2.455190572180911524e+00 -2.242833489916574496e+00 -5.859467866406126157e-01 -1.030704804409907221e-01 1.243773734915794682e+00 -6.720011116258083339e-01 -3.807744991893379782e-01 6.432749918563343550e-02 -4.988914765383932748e-01 -2.876645350966428261e+00 1.329714106868437495e+00 3.092817250278696029e-01 1.265437027830770722e+00 -4.391104861202113629e-01 -1.194601145010498966e+00 -5.122686068204985732e-01 1.234022682825457462e+00 -2.261773848429378675e-01 4.867608782036125792e-01 1.903019417338859820e-01 -2.547374743122228780e-01 -7.480975033993403356e-01 -1.484251951620366716e+00 1.226312968812878657e+00 8.841935249805985553e-01
8.663287201858165254e-01 -5.873735089008867982e-01 -3.224525510809343132e+00 5.255620402788499512e-02 -7.314477505943313418e-02 -4.465773889047601197e-01 -1.044239024604308730e+00 5.796942347116980088e-01 8.240425813838189728e-02 -1.195007954614463186e-02 -6.411287538663696939e-01 1.263988525051372047e+00 1.654204830254536684e+00 6.898161808617171431e-01 1.778834825272119502e-01 -1.586641885370625227e+00 4.399824903918997387e-01 3.836818635710139702e-01 5.809041574398229324e-01 3.872858229619785542e-01 -5.806717806686344518e-01 -4.794557726455358493e-01 -4.946100683083677896e-01 1.573051999545442906e-02 -4.137512233671069434e-02 -9.040749435701512793e-01 8.501658080980716292e-01 1.151922242201794067e+00 -1.048527541950554864e+00 3.478305512964217083e-01 1.193104715290275397e+00 1.037561664281663854e+00 -9.825492378779471236e-02 -5.053137656746006234e-01 -1.031716722676002007e+00 5.179912654128753652e-02 -5.568376585583970084e-02 1.157726373405055575e+00 1.469108401640771389e+00 9.224467815328902809e-01 -7.808241141611989011e-01 -7.605921599316484150e-01 -3.335741706857801581e-01 -1.885266458084707608e+00 5.097997038108225132e-01 -1.127302127889931782e+00 -1.031353866750356202e-01 -8.821188309516689863e-01
3.040829251143935541e-01 -1.714248639494507342e+00 -2.271378168215390403e+00 5.388496683261378983e-01 -8.250512501057211123e-02 1.465454306558975350e-01 7.167691869678679550e-01 -7.345020657635520367e-01 -3.522562933440561150e-01 1.096713300970333593e+00 -3.880427994213813125e-01 7.268090088135850668e-02 -1.912965717247095687e-01 -8.635042626821451961e-01 1.448535606997825242e+00 2.958826804445281677e+00 8.823480210579707217e-01 -6.511752425841180747e-01 1.078123026182578048e+00 -9.322139463300123108e-01 -2.195361302912141876e-01 -2.148633856619107885e+00 -3.683214559123389881e-02 1.121084294595162234e+00 -2.423960533559166297e-01 1.357080280334953093e+00 7.147475714494512244e-01 2.348788700428715792e+00 -1.855669163312446246e+00 -9.246442601624978996e-01 -3.831127542375132311e-01 5.028563563236975176e-01 1.462071339939550851e+00 -4.794051197971249123e-01 -8.916173510197870078e-01 -9.879018869772583367e-01 -7.914988471006174642e-01 -6.907150786678273313e-01 -4.486010519980137001e-01 7.570770896640000025e-01 3.065395202665213703e-01 1.058021523959010946e+00 8.050791688250905631e-01 6.656808426668364698e-01 -1.655101762301393498e+00 -8.997040967069849238e-01 1.624859852021767637e+00 1.217037430879809978e+00
5.743116375142209851e-01 5.880124148416669971e-01 -1.084018343720218880e-01 8.750570437261202539e-01 -2.807581030051219950e-01 4.791759498906581483e-01 -2.847440354898229109e-01 -5.813692138908038709e-01 8.681156191305684777e-02 -7.068066687565605077e-01 -1.143459106356492283e+00 1.176943523331078323e+00 -3.452969929103186786e-01 -2.714455054276164958e+00 -1.193751979832382792e+00 -2.579925431827386761e-01 -2.933248123865732637e+00 -8.745646357742392629e-01 7.216092319242236597e-01 -1.032311908394515809e+00 -9.084209434983489539e-02 -5.307964088115177947e-01 3.626872515577180822e-01 -2.515867393864252080e-02 -2.717918531686959460e-02 -9.067164869792156967e-01 1.847184808463425032e+00 -1.356809878437041483e+00 2.058972970479749698e+00 -6.874973343657758695e-01 8.596466040878516512e-01 5.130149884453805154e-01 7.228855020029594236e-01 -5.511847890085352919e-01 -6.357396140305446863e-01 1.125714390132322107e+00 2.189716074012679481e-01 -2.612098795933363027e-01 2.068886097297380822e+00 1.873618292454841905e+00 -3.234866274972451050e-01 -7.068558857754774216e-01 -5.326343630973383592e-01 -9.726197086753249899e-01 -1.367541716899040694e+00 1.488744491318347629e+00 5.783133551319011856e-01 1.591381059261345321e+00
-1.015896368515959214e+00 -3.426596701599116113e-01 -1.606940525395648620e-02 1.656794040949350233e+00 1.191202403702071200e+00 6.086070581420995884e-01 5.210935144522126361e-01 -7.041063251452565064e-01 1.234921643166972283e+00 8.736745055757580980e-01 1.329238673287396269e-02 -6.215017904774854385e-01 -3.066941263970416998e+00 -1.137304452194947357e+00 -5.521917320036445753e-01 2.095094508080962648e+00 -6.178971093160713357e-01 3.127562620749153588e-01 -3.321872162030487519e-01 -3.730393373936934931e-01 4.261252893152447929e-01 3.912381660941269823e-01 -4.671291688772846729e-01 -6.848583150625070504e-01 -2.133214024779646500e+00 5.939634506361038957e-01 -7.589705468598752225e-02 -2.490140355242624004e+00 -1.037945898474582185e+00 8.363938629053356832e-01 -8.932782874013909247e-01 -3.193759017141539758e-01 -1.962658866191579365e+00 7.587020516946516580e-01 1.155654095022541072e-01 6.632110098314633051e-01 -1.192174134125280061e+00 4.454065010398755020e-01 4.552746457257804691e-01 -3.843192161466658652e-01 4.952928344223193197e-02 -1.254880693243222822e+00 1.992033349653301366e+00 1.531049576087508690e+00 7.548526055302426929e-01 -3.080939930899263546e-01 -3.815156767461457821e-01 -1.701721825245568545e-02
-1.105550016721655732e-01 1.049059214848771626e+00 3.347668134459759193e-01 -1.043661190873242939e+00 7.317345389373876019e-01 1.215436346888841168e+00 1.422150930325389639e+00 5.418851597714128276e-01 1.013776790788784909e+00 -1.957635086087881726e+00 -1.039659912253916518e+00 7.740710140076286772e-01 -1.742989478388432101e+00 9.655681132397220257e-01 2.413470971040312829e+00 1.043247742958666180e-01 7.066993070666887089e-01 -1.035796589025478331e+00 2.738388621243393328e-01 9.103171698005814161e-01 4.550443664708379160e-02 2.260124006318443568e-01 1.591505046402944545e+00 1.736300435160237077e-01 -2.033647274482979661e+00 1.168798243855446950e+00 1.125235372623627716e+00 -1.707959402193065801e-01 2.744315014776452233e-02 -1.282522503765457733e+00 -5.954926098587554062e-01 -5.406292871655936638e-01 -7.482390372156771940e-01 -6.990796286211754529e-01 -7.255511462286244884e-01 1.782899110152571520e+00 6.361291358635458026e-01 6.962219900462747191e-01 -9.828605924683632422e-02 -8.137630317613981923e-01 6.410789514108091725e-01 -7.952932244896923075e-01 7.284680985907722173e-01 1.255030196909969531e+00 3.505500480089135951e-01 -1.760275444170515735e+00 4.255849062914892067e-01 -5.647365909303636577e-02
5.445533942020996943e-01 5.763456701874878352e-01 2.162382543180371375e+00 1.796832786123650494e-01 3.220088005283470167e-01 -1.932525403158504851e-01 -7.408609440840498994e-01 1.493480216894761958e-01 1.534796640187812145e+00 -1.113246425528474637e+00 -4.766114802053294519e-01 3.336477251726127635e-01 -7.875866060645558830e-01 -1.014273046131871081e-01 -8.515168533548962415e-01 -7.382465570998294480e-01 -5.763420866531607789e-01 4.173156063764743573e-01 6.285252443513206222e-01 7.938303095056130632e-01 8.005822841701134562e-01 -3.282260966021180448e-01 4.570212851445124014e-01 -1.170672942583143916e+00 -2.171367585530281197e+00 8.777916396138999433e-01 -1.746136979431388292e-02 7.515077729641002069e-01 -2.672925760850866639e-02 1.001555782346509327e+00 -1.010876544644808916e+00 6.788329033574664884e-01 -1.366608740114548581e+00 2.783540713233488839e-01 -6.698715061541694604e-01 9.688143915626613589e-01 4.217348406489410118e-02 2.172992697599620063e-02 4.639818500982629407e-02 2.229237236200702632e-01 2.101189967377009360e+00 7.395379148441592054e-01 1.878987043185438521e+00 8.572990504538524625e-01 -1.591465014514167331e-01 -6.319041325957955868e-01 -7.498172350622738236e-01 -1.143748459138387963e+00
2.712850067509272600e-01 4.924418799782942502e-01 4.594188010720719473e-01 2.939410598673431463e-01 -1.405735402451335769e+00 -1.247294841610144811e+00 2.334262430788942577e-01 6.253986779639414406e-01 -1.723272488470783737e+00 -4.431422129139238053e-01 -3.676321260199998942e-01 -5.612265281231482161e-01 -9.016043375767969215e-01 1.877730135981175108e+00 5.596239542443692816e-01 3.344240391530025613e-01 1.013244439872686309e+00 1.444798130794256563e+00 1.135258586119229120e-02 3.024871968777497755e-01 -1.361695058880672549e-01 -6.559020586691286514e-01 -1.204691539094056907e+00 1.037034641581455197e-01 -2.926203768845928588e-01 -8.695326322905200245e-02 1.019585972577120025e-01 -1.223033017595588579e+00 9.380341656835913255e-01 6.710497225652419795e-01 -9.576743841852441985e-01 6.507788435277814809e-01 -8.454504222305142536e-01 -6.530805449012277997e-01 2.020162006189702097e+00 3.394387737451709519e-01 4.623950808726631223e-01 9.891103136901735482e-01 -4.638726083531115596e-01 -1.278958570893538704e+00 -5.738608538936730286e-01 -4.398329242235886061e-01 7.148809789532326597e-01 -3.058059055177727095e-02 -5.913951225861453498e-01 4.211334063885916468e-01 5.450096098752905682e-01 -7.469745243861825035e-01
4.850547554107458303e-01 6.064474293949906336e-01 4.751396186800894705e-01 -2.560505126426804723e-01 -4.078998146293120325e-02 -5.391816201581443035e-01 -5.442264846626333474e-01 -2.586762471361641058e-01 -5.791263423244955577e-01 1.444667731355405271e+00 4.237211683483482760e-01 -1.843888369956028506e-01 1.248220616427505814e+00 -1.707318146902137290e-01 -1.263404852710366955e+00 5.841365581766037041e-01 1.750961281384449397e-01 3.634770206633937129e-01 -7.365917447773502776e-03 -1.553057900514453804e+00 -6.320098109789300533e-01 -1.207081728767390283e+00 8.349968196893906569e-01 4.681885866141697466e-02 -9.086496984836772706e-01 2.924780743273153849e+00 -1.282365465766294399e+00 -1.252899834924332545e+00 2.075448577009805229e-01 -1.044638496081493173e+00 -5.219028893497438260e-01 -1.849101271315287676e+00 7.485784912608376418e-01 8.269281471844172060e-01 1.803202780392409998e-01 1.704928427334428509e+00 1.817970892801584193e-01 1.679370105565764382e+00 -2.176070734579619081e+00 9.096766246838070558e-01 -6.362837761385177204e-01 9.076856636088233010e-01 2.031030581543332936e+00 -1.072295268873048185e-01 -4.912748427448581090e-01 8.393611307232389240e-01 5.316507740977781671e-01 -5.029370362114818915e-01
9.960632279069624451e-01 1.638583513569103145e+00 6.952731216664134184e-01 1.566739722473692031e-01 -2.162565321173920641e+00 -2.021478588239874474e-01 1.843975086503678362e+00 -1.178816024655074263e-01 1.498351142375558553e-01 -5.796734076469480801e-01 -4.222645709286101390e-01 2.390280271832372072e-01 -1.171593997804567078e+00 -5.179026527074703790e-01 -2.965901394946674152e+00 2.930110714908469860e-01 5.100010873134462885e-01 3.634176396839803314e-01 -7.532579165748763961e-01 -4.837425067388788358e-02 1.630739542199760139e+00 2.160312247477364611e+00 -2.791375187865992591e-01 -1.169573533057539083e-01 -6.461176850571466179e-01 1.358476445021186141e+00 8.713790223725099982e-02 -3.459706473764406071e-02 -3.751707923304471448e-01 2.138862760759529191e+00 6.686955837910787404e-01 -3.392944133154858211e-01 -1.331875862179156655e+00 1.199246829290191441e+00 -4.879411775501246717e-01 5.500629939781243039e-01 4.015117335624930894e-01 -9.348984251289109704e-01 1.547621828285705270e+00 6.749034444378059217e-01 1.346136187608489632e+00 -1.265029534388479204e+00 1.800683622578875820e-01 -7.211754206300798886e-01 -1.042009691603261956e+00 -4.112928953513984021e-01 1.280844044538355375e-01 2.286721521723028561e-01
1.398779008658969716e-02 -7.031950175027897876e-01 9.467910225454549966e-01 -1.088632005223338250e+00 -4.665277172161614444e-02 -3.556883943064896858e-01 -5.871937331851730946e-01 -4.790345901882921142e-02 -1.162496139327725553e+00 1.502301509165175464e+00 8.937904789147206319e-01 -1.159473552184194123e+00 -4.057676854701163238e-01 -1.083489429983835572e+00 1.205702973535640821e+00 7.436529959259302602e-01 7.172964770487629815e-01 3.122764524764370941e-01 1.729823071018492753e+00 3.780181050854323765e-01 -1.600196628710815139e+00 -1.050817916912827554e+00 -1.291794333138895468e+00 -1.529075560166139436e+00 -5.152295993746551783e-01 3.274006406234303279e-01 3.973248141514127418e-01 -5.004449212216799392e-02 -8.381793416396481067e-02 5.728996342277419274e-01 -9.741468259016899944e-01 -1.481849231038512293e-01 1.741564566964505456e+00 -2.185159700263178406e-01 -3.912959661064588923e-01 3.591785093313150656e-01 3.787085033842180898e-02 2.447798132317761388e-01 4.618518645814238544e-01 -5.902301134488256995e-01 -1.250016226981258916e+00 2.011595061368379511e+00 9.206480524734310666e-01 1.772604510031409175e+00 -1.318898269033073278e+00 4.374110485485308564e-01 -6.856474550470992302e-02 3.985209615602583466e-01
1.630004830445509256e+00 -1.365313410168508046e+00 -1.020883321556434131e+00 2.137300617299565109e-01 -3.850887522009708297e-01 -9.410349161841344290e-02 -2.915898171870405231e-01 -6.074037140237368293e-01 8.420007890510909643e-02 1.555585438856269098e+00 -7.286921176714142301e-02 -1.194957889997223521e+00 -1.095706540448327271e+00 6.364178691182318381e-01 4.849045363329773650e-01 -1.140446149733904901e+00 -9.521853881388325780e-01 2.172412547200883726e+00 -1.236023255279520949e+00 3.349193577140063272e-01 -1.504212243009604988e-01 6.245161886124054318e-01 -2.726143528597298471e-01 1.782778458144585132e+00 -3.932096647115077698e-02 1.296122124133646025e+00 7.248831033441965888e-01 -7.263058106917442691e-01 -3.510994695909676055e-01 -8.343721001920793023e-01 -4.019583584176438656e-02 -1.162834649480457561e+00 2.917378167958244450e-01 -4.644867154025205114e-01 -3.999326562958032127e-01 -8.994482623212988193e-01 -1.186128089540472441e+00 2.757528416211694200e-01 6.629210971483277814e-02 -1.058688582843127085e-01 -3.201014037915410060e-01 1.059487463731855428e+00 -6.119195444993533878e-02 4.185675851426907124e-01 8.365634662730805915e-02 -2.126809122358804260e-01 -5.320134425367363251e-01 2.123951727796470901e-01
-1.449593234611854520e+00 -3.999965206950091834e-01 2.364200301205472976e-01 -4.237982192868788300e-01 -1.105157321962669581e+00 -3.789947953719357554e-01 -1.401562822524191176e+00 9.527142826498511408e-01 -1.284335249707313498e+00 2.909761531943427570e+00 7.248665249677858080e-01 -8.500650331729507903e-01 8.081494223329034332e-01 -7.221434953562582137e-01 1.353350171846874561e+00 -1.605197897547718577e+00 3.851409753248997148e-01 5.490449371574331883e-01 1.357827642529301215e+00 1.921252814203457115e-01 1.674652251855411889e+00 -1.696921222783994709e-01 -1.165074897769872386e+00 -7.162487407228158576e-01 2.926832756255887680e-01 -7.882270307843475265e-01 -3.506936840856820781e-01 -7.622630012873453653e-01 -4.794711699208809574e-01 1.358942975035994705e+00 6.988407490831709534e-01 4.034198774188704761e-01 -3.605968761169318082e-01 -3.428383745126082349e-01 5.731089400167604930e-01 -3.287539950801551258e-01 7.616500002431959571e-01 -9.876386124943425937e-02 -2.489837860946783610e-01 -1.030015447123868944e+00 -9.069625633267368592e-01 1.607874136210003246e-01 -1.583718985529447287e-01 3.050251754586840169e-01 -2.272652071500737281e-01 1.759579677643669307e-02 6.635248777634722428e-02 -1.245701972960060244e+00
-1.212200353342043568e+00 7.137707238114411323e-01 6.838373250502564060e-01 1.153034773767776855e+00 -3.693851996914070124e-02 6.313718736725332237e-01 2.726739885581508926e-01 -5.869907285182385248e-01 -9.191798059066914606e-01 -4.738142266342648679e-01 1.861602317754993186e+00 -1.495283964154989542e+00 -1.026363070311746561e+00 8.833624778503179620e-02 -2.279101392203340404e-01 -9.556991128984523298e-01 1.375518284794094770e+00 -4.108553683188100325e-01 4.688271710233133382e-01 -8.591756143571420701e-01 7.610103792486585528e-01 -4.616451990309968223e-01 6.815810586108301816e-01 1.059131854989292743e+00 2.032158313701311947e+00 -1.670260612191144300e+00 -5.833022920505190889e-01 6.174150297141879351e-01 2.094282198987686139e-01 -1.360413280570528238e-01 1.209872311070385287e+00 4.797989966670807571e-01 1.706850325369050347e-01 3.393808651411296951e-01 -8.693668789296633559e-01 1.588695627858542903e-01 -5.817052673280338482e-01 -1.257114212484613969e+00 8.072901459762056309e-01 -9.596636732922327884e-01 2.050627232012154633e-01 -1.247543573545109252e+00 6.690332490582506786e-01 -5.136926433394376490e-01 3.209216774453677590e-01 1.394193222170104995e+00 -1.696170518428869345e+00 4.095954201669754213e-01
-7.333954337174998228e-01 -4.231868598972902684e-01 6.574390656430462165e-01 -3.642332428889530349e-01 -8.400757040803199516e-01 2.236597625890740237e-01 2.840441480789132611e-01 1.465246332822661424e-01 1.088456969092977067e+00 2.129045453194846824e-02 -8.694328301657985314e-01 1.559212289685261155e+00 4.588103064737773518e-01 -1.843379858342254263e+00 1.092277666283002935e+00 9.324506189554282454e-01 1.121084407641068870e+00 -4.113190196170877222e-01 -2.463738333288180149e-01 1.350550014576360480e+00 6.790865207521293301e-02 -8.157473367666594477e-01 1.094513833160071670e+00 1.712531205551551361e+00 1.118261812970260838e+00 4.724437308858929208e-01 2.059200089715874371e-01 1.843623786687611787e-01 8.845232999399698093e-01 -1.498900585368728444e-01 -2.784269066962768435e-01 1.298407077438002544e+00 -6.295380083224351164e-01 -4.379568908473627786e-01 1.763762651038832674e+00 1.222868703030372539e-01 -9.470415926686631680e-01 -5.407746141233649162e-01 1.200133335139745405e+00 -1.889579871654996079e-01 5.006210346521804411e-01 -5.056791488308944871e-01 7.649772547192101868e-01 -5.953580362358408262e-01 1.422149676124461859e+00 7.559607232747405092e-01 -8.233938512365739371e-01 1.061092221732714558e+00
-1.006281232750606103e+00 1.040944734267065463e+00 -5.293040209650325956e-01 3.676577335347566700e-01 -2.708152210879593569e-01 2.257255171790248371e-02 6.590854990274194192e-01 -4.796882918781208427e-01 -5.207246073729355773e-01 9.718759502035905218e-01 5.737418507389254740e-01 -1.753543528653735695e-01 -5.458056025570633407e-01 5.564412683694693884e-01 -2.233597238272930330e+00 -6.696376292068615399e-01 4.410777571870830305e-02 -4.663527998787224405e-02 -7.528913255306163288e-01 -1.464085889282861874e+00 -6.742894010080772160e-01 -9.344568744358430212e-01 -3.018134656553249640e-01 -1.003561879698311898e+00 -4.633348559997835237e-01 -7.827558403865363112e-02 -1.471790632034489787e+00 -1.493031330371357435e-01 1.480946760402908069e+00 2.696119967178876031e-01 6.893628265389228904e-01 -8.112465450295164304e-01 6.318032497288658123e-01 -5.042013718702715863e-01 9.018708034287654940e-02 8.136535294272926322e-01 1.082260662321914202e+00 -1.594607130507127435e+00 3.258030133248298044e-01 3.155617896715642301e-01 1.058184177258718162e+00 -9.102674286389507430e-02 -1.114050804871632216e+00 -9.610294053217435239e-01 1.458356532849575560e+00 1.254872654472871218e+00 -9.283815474990790850e-01 -1.180727946808939111e+00
-3.224219759111695560e-01 3.795259801301850144e-01 -6.925748815094054933e-01 1.368105533879954705e-01 1.748679310989114111e-01 -4.674771149626745226e-01 -3.750350659221962091e-01 1.877485853618529710e+00 -7.134078339779903466e-01 4.078593720492567631e-01 1.883206726926399122e-01 1.029134465292185885e+00 1.739250456418536039e+00 -1.379096108761569628e+00 6.566492689845727648e-01 1.123925099354726731e+00 1.433263015060909085e-01 -5.892412508803196447e-01 -2.819599882243305711e+00 -1.398411523628137809e+00 -1.201490901228246644e+00 3.448738086837757066e-01 5.204787066393083972e-01 9.473458715102900385e-01 -1.150366357177395216e+00 7.440257343809150020e-03 -1.104130115460367545e+00 -4.044109049912407439e-02 -1.091590482940085538e+00 4.974488524043812476e-01 -3.566568325252154892e-02 1.833493592395198046e+00 6.579949243775579104e-01 2.855638405608152963e-01 -1.682801560720070366e+00 -9.950185308425798514e-01 3.060899200299863065e-01 1.098509051372421608e-01 -3.366392684551550163e-01 -9.074068021667230921e-01 -1.273010810957978522e+00 1.094713228876891042e+00 -5.021631572952842681e-01 2.237059809982601399e-01 9.648548179322330443e-01 -4.360396096703619828e-01 9.874475500102866121e-01 6.031146886199080237e-01
4.378706491367062026e-01 6.598530793262530336e-01 -1.553148677522792731e+00 -7.837767711230341217e-01 1.316148985693110958e-02 -1.616863271771796784e+00 -1.814290209238327733e+00 -7.399409822969145178e-01 -3.451065969436545311e-01 -2.628017793171708028e-02 -9.857285134145288286e-01 -9.338433768777584243e-01 -1.480854998460898742e+00 -9.346125549782685615e-01 -7.365067823479503062e-01 9.467307328367901009e-01 -8.985402069933802194e-01 -1.782260003138428583e+00 1.828761378685316075e+00 2.580016525371985892e-01 -1.088573709754166174e-01 -1.476545583006639954e-02 -1.426315091189408468e+00 -7.978858745181928169e-01 -5.591245568126086418e-01 -8.256203099658599998e-01 -1.314680957625928626e+00 1.741716359506631617e+00 -3.935454422491759807e-01 -1.208687460437893657e+00 -1.385351931495633071e+00 1.265815733119609321e-01 4.394262916266135632e-01 1.045638179924960554e+00 -8.284813666863680703e-01 -1.411125905797400826e+00 4.568125156883239835e-01 -9.707111537746128116e-01 1.825596084717622247e-01 2.734171558437642480e-01 -7.581339608182647849e-01 2.505545611666144978e+00 -5.034330983956322170e-01 5.680150201191567216e-01 1.782322315086508069e-01 -1.102202730427267019e+00 -8.939333669974675045e-01 -8.172446295265229921e-01
1.339546769451679387e+00 6.028827349540159114e-02 -2.031660442006417711e+00 1.071804894655235652e+00 -1.155971678807876213e+00 -7.139628964902857700e-01 5.511638433074937948e-01 -4.403614233261708422e-01 -3.983378667655467220e-01 -1.381652268348501522e+00 -3.977905668566023012e-01 1.695553087262375302e-01 7.994571665830525475e-01 -1.542045672818633362e+00 -3.472187120390951010e-01 6.146356953588292260e-01 -8.471963845625415379e-01 5.863500308272453498e-01 3.710043111095299162e-01 -1.888923672409109855e+00 -5.718192044591665635e-01 1.885816488841560057e+00 3.000384503746178488e-01 -2.798795223971983770e-01 -2.883631870284275589e-01 1.528239769213684818e-01 -1.418976622138346633e+00 -1.876351360312744632e-01 5.946684470830513325e-01 -8.170717406322752785e-01 -2.702608621212674866e-01 1.196893651564789191e-01 7.802187566392369822e-02 2.815381427293837668e-01 -6.949638274352648581e-01 -5.230749295487417960e-01 8.113568601823341053e-01 -9.477832854195603618e-01 1.085978885948103656e+00 -9.178003005363313815e-02 1.682438383735418708e-01 -1.010759782293071674e-01 2.270392563458121515e-01 -1.960715302693782469e+00 -8.274114731677213452e-01 1.240551940633898287e+00 -1.349695835299155489e+00 -1.517707485288324110e+00
2.693941925835808826e-01 1.041272534427296392e+00 -4.782977036650998270e-01 1.866415017223434614e+00 1.531562241319355477e+00 -8.822297418519472467e-01 -5.966097307628036583e-01 -3.277586083202838063e-02 1.696427723590365977e+00 -5.674468776635764600e-02 -2.422224948387019516e+00 1.159865182844784515e-01 1.020077703129624203e+00 -1.688193131484433118e-01 -2.659446584637421562e-01 -3.789890067266621365e-02 -6.831898670427327680e-01 -5.402957793708185186e-01 -6.496765317003656559e-01 -1.832291715165393464e+00 -1.014009951917415275e+00 -1.761516128516509710e-02 5.133770147190881428e-01 -9.790024176226321817e-01 3.813611211271382140e-01 -1.559748958241885086e+00 3.776388018241639832e-01 -4.093815535443771081e-01 1.152238177279776732e+00 7.437225344884322853e-01 -1.051876579549795965e+00 3.603005306749305914e-02 -1.967339126298452534e+00 -2.688167651898249577e+00 -2.769704234170975148e-03 -1.749344099455201862e+00 -8.877468758551417816e-01 1.377086396316082428e+00 -9.488934585557259327e-01 -3.607655854412493424e-02 -3.039927862593356234e-01 -5.424545798916022843e-01 -2.113860684798203882e-01 -3.848593366294558171e-01 3.094119547305670626e+00 1.340082146730695811e+00 -2.535644528403563358e-01 -1.771142047528556418e+00
2.116138766431171270e+00 2.055806238711400447e+00 -4.309215473922094475e-01 -4.653891742592464742e-01 -1.393838787213425245e+00 9.436984543968343075e-01 -9.012527186286416470e-01 -3.988666942783850589e-01 -9.070520948256580174e-02 1.475248666734451763e+00 6.553983087756213299e-01 -1.780496158656591221e-01 -5.236302303375173217e-02 -3.270432485083560881e-01 -8.191882652274506960e-01 1.209810527877598574e+00 1.399845046164211348e+00 8.718114289768403857e-01 8.872972287210686426e-01 -2.319065887686887262e+00 -1.864895093357037403e-01 -4.098842812792272139e-01 -7.786958893890134625e-01 4.696847716774373849e-01 7.228047692542982627e-01 1.107099564825562155e-01 -2.903508854404730499e+00 -1.186764511143383188e-01 -2.838905315691931386e-01 1.393774402537923285e+00 -6.840333004902312553e-01 1.569555633392095473e+00 -2.062387668735014667e+00 6.494591305228799571e-01 -3.027072761653678001e-01 -6.796658863320946820e-01 -6.547279720895101685e-01 -2.776626082085504321e-01 -3.820238858257000159e-01 5.680102987155977168e-01 -6.734748426203295280e-01 -1.255980838530695642e+00 -5.959764651215772036e-01 2.552868553561161713e-01 9.578958216055178942e-01 1.051541927157161771e+00 6.942577994039962341e-01 7.014170902649418116e-01
7.771141516444873831e-01 2.277532976498314543e+00 -1.386719835639994347e+00 7.060497225384365638e-02 1.820116798466925090e+00 -1.239082142917684592e-01 -4.624824642397951102e-01 2.442869871831476747e+00 1.049767186316736600e+00 -2.319512330511980802e-01 7.309309029624523613e-02 -3.064587836134174959e-01 1.158440229525371790e-02 -6.070192027957417302e-01 -5.682753578303261638e-02 -6.766887420221848748e-01 -5.680332113222684720e-01 2.749290962032798769e-01 -1.109798258099564450e+00 -1.234012836771460342e-01 -2.484570988056152618e+00 1.195226093826236458e+00 -6.414091840985720883e-02 -6.047684787048637212e-01 8.385808229676778858e-01 1.482891838023909781e+00 5.168092652171724088e-01 -1.591237282541194453e+00 1.692360213358385490e+00 -1.329432763336905188e+00 -1.164857358936197906e+00 -2.851369924737869321e-01 -2.975067210131669415e-01 3.092471331479182406e-01 1.196651082570613089e-01 -1.003189038921671106e+00 7.321498839637053946e-01 -4.999279935286016774e-01 7.261940123882848486e-01 9.729301936188953226e-01 -2.821954690395580556e-01 1.360662150729852859e+00 7.114532418154743965e-02 1.290426362447121056e+00 -6.026135179623486327e-01 -7.191822074541786014e-01 -9.056303800589063924e-01 -1.186288933837922999e+00
1.064985027578303489e+00 -3.824640094461774775e-01 9.350713317692902482e-01 9.304310965352539098e-01 1.828296221504148500e+00 2.060060983835639292e-01 1.138844903143608756e+00 -6.579605461965328805e-01 8.710623226337789182e-01 4.605781452388695296e-01 -1.102500482834106510e+00 1.738393912078878722e+00 1.267631409424790079e-01 -1.515302312054074285e+00 1.115879665238276308e+00 3.978887751647084553e-02 -2.124315866626740601e-01 -1.071919704556931308e+00 -1.135622966875470041e+00 -1.403639909056260793e+00 -1.321101317738944791e+00 -7.230884331935531761e-02 -4.545989757340053727e-01 7.964471234346729434e-01 1.773952694294023483e-02 -1.328683487913715933e+00 9.608692031699563041e-02 8.041254181816095969e-02 -6.735998423833063908e-01 -1.874107183666863241e+00 -1.824282648443403598e+00 -2.515019613337388105e-01 1.472042963743946109e-01 -6.299390062830205750e-01 3.129702226170212320e-01 1.230213642260271634e-01 3.440966057487215152e-02 5.601244251736160473e-01 8.873467742330586328e-01 -2.145801724243876288e-02 1.176558092256277499e+00 6.393880199314147528e-02 -1.387339951698840057e+00 2.772259960797555656e-01 1.050826575860562828e+00 6.120753574849133738e-01 2.565768822235290902e-01 2.248966686171343377e-01
2.301748877424365791e-01 3.922823144254213301e-01 -7.599123834243573516e-02 -7.926305251270652219e-01 1.304076923965162615e+00 -1.211727060314965743e-01 2.222403031762566761e-01 -7.933418473801665538e-01 1.669908837071147012e+00 -1.403069120495907374e+00 6.339410955138173598e-02 2.066518154548496189e-01 1.834472021121894780e+00 -6.264583295814354913e-02 3.549835260932098779e-01 -6.480766190370248481e-01 2.050827548291936087e-01 -1.756847587655956611e+00 7.793774629537894016e-01 -4.495588194285610184e-02 -1.479268510573930051e-01 -5.315592863666344092e-01 1.729130855043817250e-01 -1.929167040496254648e+00 -1.778215263258467460e-01 3.305650967580562871e-01 -6.233798335476518071e-01 -1.336582852664999210e-01 2.023094174810962376e-01 -1.346799050795780994e+00 6.214626690357114569e-01 -1.603869189500077175e+00 3.866680518205902195e-01 8.844434245028084396e-01 1.618772158312354603e-01 -4.374880545805545085e-01 1.351741218807030132e+00 -1.043925245187713013e+00 2.845859857612527931e-03 -6.420046622340476183e-01 -3.661480666294578135e-01 -6.443503075630541144e-01 1.661773016181271601e-01 9.266493556681242305e-01 9.493995334309808243e-01 8.837500997336378283e-01 -6.832543185861560397e-01 -7.057200489964597923e-01
7.905132173579190180e-01 -1.086913843435889815e+00 -1.396167545461460380e+00 1.575691278977140009e+00 1.951814632115150383e+00 1.329539854350173078e+00 1.205380350009411239e-01 4.194968784770635728e-01 1.105369302188540681e+00 -7.113651384529274813e-01 -5.534223594864847717e-01 5.452151052162410583e-01 8.119654996652667656e-01 -1.051457533626830587e+00 -9.723236908364001063e-02 -3.691278803649228335e-01 -3.821545454149284926e-01 -1.679787468373429959e+00 -9.175736403447068978e-01 -3.537606965321834718e+00 -1.474326201248192136e+00 -4.503369167255965588e-01 6.538696019383718472e-01 -4.110363474669645467e-01 -2.608439268394669996e-01 -5.080888021742555605e-01 -1.506061546489692926e+00 1.479727350333745584e+00 2.528212110318497352e-01 -1.283291250577434317e+00 -7.898628604971317246e-01 4.746442401618171103e-01 -8.992303414386760840e-01 -1.184000023862192830e+00 -1.532301841339551718e+00 -1.504144899194870044e+00 6.907271350045411928e-01 -7.776836688164057154e-01 -2.312752805322918270e+00 -2.362382838366355653e+00 -6.507245576071689630e-01 2.059363923286039733e-01 -7.879674949949101448e-01 6.241772128114082552e-01 -1.054130188431274595e+00 1.686144686358373723e-01 -1.278200477033530236e+00 1.338356461549243370e+00
8.249713362765406233e-01 -8.801729723273985506e-01 9.998792158649563167e-01 5.069308751340555891e-02 1.634328369773746514e+00 -9.147265004558076118e-01 4.803497000904363712e-01 1.412195895485115482e+00 -9.810267783468080705e-01 1.100832543157891918e-01 -5.520360702511438733e-01 -1.021188551358480634e+00 1.053951034997128611e+00 6.499537172822893449e-01 8.138812189655136864e-01 6.749359042363205219e-02 2.749070384885832774e-01 -9.311342829558967304e-01 3.144642006757147334e-01 -7.936619939147107061e-01 6.685716214115124123e-02 1.634509536619141556e+00 -2.043710083399494337e+00 -1.017414458898761476e+00 1.161042926927963181e+00 -2.464171258037642365e-02 -8.064718870370667370e-01 -6.579331188606868386e-02 3.333898140321905901e-02 -2.401955489778784952e-02 -8.822662208087220237e-02 -1.610520931383554455e+00 -6.340357740779625217e-01 1.170212428216265144e+00 -2.572816647185906525e-01 2.172364781242130394e-01 -9.700354675438743746e-01 4.283394936843117895e-01 6.113466398161397919e-01 1.706431582114602274e-01 -7.044071811958725338e-01 -1.565418936414805229e+00 3.392759682614783778e-01 2.340680047893128890e+00 -1.823908386773458012e+00 9.418558024595103939e-01 -3.174542198329513010e-01 2.386037505079643850e+00
5.460175980865755729e-01 -2.401396335384970104e+00 -1.033837525516672212e-01 -6.426504112828167470e-01 -1.241093623233077148e-01 1.211784054474625005e+00 -3.802790037674163015e-01 -3.589986450367464443e-01 3.082244973219251394e-01 -1.746137012444147985e+00 5.214962349711137479e-01 2.021207317780846502e+00 1.730688769656161696e+00 -2.112980716532367187e-01 1.571172780158920812e+00 1.192283636776752642e+00 -8.095400861103355661e-01 1.067449044027824145e+00 -1.201998616488751059e+00 5.157341215369330989e-01 9.583806484615216004e-01 -1.293560252199218885e+00 -1.888539186454060825e+00 -3.658673044672458574e-02 -1.195343560789150633e-01 1.117722999003956663e-01 -2.312490633701572484e+00 3.770852784099930632e-01 3.589852953472160713e-01 1.363411935953133813e+00 -4.577227264604885604e-01 1.204818478561743567e-01 -6.738349780521217802e-01 1.184751396687653280e+00 2.843418355303706790e-01 1.874878328082925649e-01 1.175211943806925285e+00 -3.435619270129116609e-01 6.838252467651795286e-02 1.185233626353534797e+00 4.584015875960534836e-01 -6.018159271680204592e-01 -1.260736385623120848e+00 -1.394395474838482363e+00 -1.671513997819435715e-01 -4.633560048053811387e-01 -1.008636761213368427e-01 9.339640687572129396e-01
-7.737404429909515713e-01 -1.885133501782498167e+00 1.740763945530292567e+00 2.489572537488038972e-01 1.562413059804268700e+00 -4.652904740195936695e-01 -9.801775131215145764e-01 8.213021613443922953e-02 -9.835583167710272301e-01 1.428988683294880158e+00 5.606707673526494240e-01 -5.528670787925473729e-01 6.336060059948703804e-01 7.160302419902270232e-01 3.692191473221305142e-01 -6.377897354820606657e-02 5.172655240451067699e-02 7.955337562884998714e-01 1.905976714417690232e+00 1.703458818717833445e+00 -1.172839020005107757e+00 -3.921630481298946092e-01 -9.128881711911867036e-01 -5.336117869416807658e-01 -5.421199044793041377e-01 -4.717979180048202381e-01 -1.421352085933350828e+00 -3.714518929278002313e-01 -2.018737822115146852e+00 -1.579542161133983935e+00 -5.029232203110627353e-01 -2.517048173161523517e-01 -2.008136234125301178e-01 6.571496967725610761e-01 -3.446006221925079216e-01 -6.673778029189120220e-02 -3.208490921934881168e-02 -2.036795140635914159e-01 1.058732794282643219e+00 8.890320088617856831e-01 -2.266548983447047583e-01 -4.284812643727247683e-01 2.014972370163545246e-01 4.065797409328758549e-01 4.875594727032454660e-03 1.260096387179691080e+00 1.021800302058134768e+00 5.145741283518597831e-01
-9.375257716169836941e-01 -1.571188207177222296e+00 -4.959272725560056050e-01 -9.559594034163650944e-01 1.570642238432742532e+00 -5.041699913832231594e-01 8.279622548500742418e-01 1.163831050757042490e-01 -1.106259928217561139e-01 -6.267480538184276861e-01 -1.863028189718638261e+00 -6.319195004234322566e-01 2.232083097518455350e+00 -1.184886961427464858e+00 -3.219269574102595621e-01 7.569355416656825541e-01 2.240498962233620772e-01 1.244215386674789592e+00 2.344513827131718686e-01 -8.535307742682745058e-01 3.460106269995866790e-01 2.940948653513492106e-01 -4.996820286985341197e-01 1.861760258930012402e+00 2.416646425857122693e-01 -1.731927097461686937e+00 -1.393838272770978604e+00 -7.858688107277274071e-01 -6.038088288429861450e-01 -7.345200465775836296e-01 1.855392533213824358e+00 -1.586130796325473380e+00 -2.172381058128757536e-01 1.619589886025417647e-01 6.459201361401570862e-01 3.563739525172046618e-01 6.070984586744278266e-02 1.197574291541273345e-01 -2.416560408133598403e-01 1.378436290731327007e+00 -9.608841299908057465e-01 -6.319102535305021195e-01 -7.426154381455151166e-01 5.753702530173413487e-01 -8.352845919685634168e-01 5.934607498818393889e-01 -2.448311518446616708e-01 4.796254896562069381e-01
-1.694566374015139543e+00 -1.410066903036192087e+00 3.950820713968548614e-01 1.274147214902724735e-02 9.888145575115411257e-01 2.782338938994712296e-01 -1.472110383745649287e+00 -4.688567717639210430e-01 -1.253006324202871724e+00 -1.353981760520899247e+00 -8.949789464582176279e-01 7.122481147182568861e-01 -4.723108915371488359e-01 -2.573278758863549731e-01 -3.267134918886917538e-01 1.249038390992068148e+00 -8.929005221288055516e-01 -1.767094261593960269e-01 -1.194558995145953650e+00 -1.858211734838654650e+00 7.770033458981830954e-01 -6.287431922568008646e-01 -2.040595481837733427e+00 -6.842963335497244115e-01 -5.917310810562717016e-01 -3.953760025398581068e-01 -5.389553687542654181e-01 1.655174660175041224e+00 -2.107805538312918614e+00 3.266860919800933516e-01 -8.842560665701610922e-01 4.228218359889750477e-01 9.527506477044773714e-01 4.845972239260680214e-01 -1.473576827202152773e+00 2.173696733350803656e-01 -6.854625652526532553e-01 -7.398222773625316995e-01 -5.827405363014559470e-02 8.594564935489261703e-01 -2.310619216507156626e+00 -4.982280331161786924e-02 -9.026296173952622626e-01 3.328544689769770137e-01 -2.790864021459208977e-01 -6.682622263833905008e-01 1.331709550430982381e+00 5.491310235865736189e-01
-1.645351471137906474e+00 7.167185592563433960e-02 9.969974386596487381e-01 -1.381825709607594987e+00 5.061260620697820289e-02 1.236597993229531789e-01 -1.906030998338961446e-01 1.264160003539794019e-01 2.227348352732331505e-01 -2.240159665129592526e+00 1.260318537842189723e+00 1.117005106479755511e-01 6.637213812296488546e-01 -6.699066566158800029e-01 -1.057983225358465063e-01 -1.000188343884822917e+00 7.243118885762014347e-01 -4.170608486833750628e-01 2.856347704247767183e+00 -2.605912399901223475e-01 2.315037127650911020e-01 -4.372291574704439965e-01 -3.183627332426005041e-01 6.685238766610185346e-02 -6.852561947043244173e-01 -4.534202589175734266e-01 -7.240118586536511414e-01 1.134171342356319612e-01 -1.249170854854615209e+00 1.051664509928533497e-01 5.068771077196185804e-01 -3.266059291360446371e-01 4.930559453438920214e-01 -6.463220482991552940e-01 -1.358044842116161055e+00 1.178700414413683673e+00 4.901883799094655103e-01 6.280869987700850032e-01 2.075525163678170748e-01 1.089325935686032087e+00 5.353478809527584259e-01 -3.347783843439792184e-01 4.163561149888551638e-01 -7.744103404794736578e-01 -4.537285858613603895e-01 -3.844292110398193074e-01 1.104048331369564373e+00 -1.081491271797874631e+00
2.314164770116572678e-01 -1.287884192028871055e+00 -1.750646858987045640e+00 -3.145787657934467352e-01 8.500929829316320463e-01 1.400812245463353589e+00 1.406677892179161171e+00 -8.234691803126682474e-01 2.805483871675670815e-01 -2.267492498209511820e-01 -2.981600255050331327e+00 -2.311938045530122499e-01 -2.067993704915453979e+00 4.203157159901745044e-02 -1.935556211861880982e+00 2.252564520312620444e-01 2.435767086754323796e-01 1.902287717678242673e+00 -1.420343685787068377e+00 4.124438087190291924e-01 2.920185948283953725e-01 -1.191750814943791870e+00 -1.884168536729208476e+00 4.690410652135446612e-01 -8.716738464967681288e-02 6.267677594745058034e-01 3.047214947572312593e-01 -1.469723106777632848e-01 -8.206363936785177060e-01 -4.906595909166686087e-01 1.521621165188999480e+00 1.703632999508548629e+00 -4.190426108407534489e-01 -1.468546902623253825e+00 -3.857376726870139216e-01 1.762881132753855717e-01 9.269279715893481431e-01 1.368405947984283610e-01 8.550940959883633896e-01 6.749998009836254420e-01 5.177815209331858570e-01 -6.856414618433954999e-02 -8.135424913506289490e-01 2.384855225887892380e-02 -1.623077612965141192e+00 -4.305464239953136207e-01 1.463940306570493011e+00 3.591236567066426466e-01
-6.676210694494063569e-01 -5.603742504627453602e-01 1.655949089126828033e+00 -2.249057722338362986e+00 6.558348054789014947e-01 -7.228417535812954320e-01 1.554943227732443978e+00 2.292047074407186635e-01 1.319356411618068936e+00 1.000887943482233089e+00 -6.968305306941213750e-01 -4.036180840200443432e-01 5.059091076998706304e-01 -2.833005405643970742e-01 9.355211954776651018e-01 8.217715293106758745e-01 2.123911778804558892e-01 1.464768154204274253e-01 -2.018423604506937585e-01 7.989868917748546018e-01 2.548826613471853464e-01 1.343408692784839875e-01 7.521941358947106249e-01 1.384557010771819696e+00 -3.674710522009432077e-03 1.865936703626411286e-01 3.160127716595813485e+00 -1.235507392691231665e+00 6.009996693071624208e-01 -7.629303716664592727e-01 3.645690466640426619e-01 6.448291053770297543e-01 7.358927530751524504e-01 -1.491987408007107163e+00 1.115700997955579643e+00 9.191572857795796692e-01 -3.044845740210813667e-01 3.188900463750550252e-01 -1.044616403693631401e+00 -4.632048222935467585e-01 -1.707650025972285435e-01 4.662230520335646777e-01 -5.377084621194323510e-01 -1.570146357501021050e+00 -6.866010997665368265e-01 1.347146234563220135e+00 1.087410850285978503e+00 9.732303911967380428e-01
3.466606066119233276e-01 -2.614759955613760400e+00 -9.550646447371399228e-01 -9.522375905538910112e-01 -5.538695060800127301e-01 -7.186395414170010376e-01 2.404016699614461572e-01 3.749299736582206721e-01 3.722391322462813013e-01 1.252085185351143437e+00 1.218465643374270879e+00 -7.219698848320683648e-01 -1.061530522220037076e+00 5.574976884857071324e-01 9.668662487235473169e-01 -6.697740669766262256e-01 -7.953790263048144960e-01 6.814375237866265866e-01 -7.496439600960926042e-02 3.266885499196873349e-02 -4.527315942245681291e-02 3.286121171598258006e-02 -7.097961719402948733e-01 4.055271108132220137e-01 -8.339396502083017138e-02 1.755363988440900247e+00 1.457493784452714269e+00 -1.030122683490775515e+00 -1.506730787034241237e+00 1.006198279348162306e+00 -1.607097647984222277e+00 2.604601337511882816e-02 1.090359981600395184e-01 -4.428672292180009240e-01 -1.130241187904187816e+00 -1.063270661360250946e+00 -1.975332993770546164e+00 -2.042394994459577617e-01 1.360699506699435679e-01 3.922764688500871566e-01 1.583234417889030965e+00 2.713308659018008606e-02 2.410501153979577038e-01 -1.948357436369087536e-01 1.439209794196950332e-01 1.053183965533512456e+00 -5.989321446438591323e-01 -2.016065367405933451e+00
5.777864099270565434e-01 -1.623495731220494509e-01 4.088816852831755888e-01 -6.397543741373521442e-01 -1.684725387588406287e+00 3.071848048166568868e-01 6.722497540946380246e-02 -3.133490987145776674e-01 1.405052292293016647e+00 6.352657813687094812e-01 -5.342729678396983539e-01 7.933887881111296725e-01 -1.910458956331874750e-02 -1.329922612196447806e+00 -7.883537630952648367e-01 4.773934735661789636e-02 -3.135942490199093435e-01 2.029877509554894655e+00 -6.818516980975865283e-02 -8.319976984417515320e-01 1.470880300247778827e+00 6.285806580528392473e-01 -2.677780886377453928e+00 -1.362164474615047638e+00 -1.114058516205235438e+00 4.693153905791385555e-02 1.096722481419164730e+00 6.040432785414837635e-01 -1.170334065731381878e+00 5.267758137184941347e-01 2.873867776782478844e-01 -7.048858625527394395e-01 -3.525145104652854886e-03 -4.848869148736004164e-01 -2.544976942965846867e+00 -4.298045256017783422e-01 1.789163321257580153e+00 -8.269804048730384771e-01 1.761479585551885663e+00 -1.150480021512822359e+00 5.477097506200695465e-02 1.031828699107110170e+00 1.876020833555457068e-01 -2.052765922684217870e+00 6.106711810909906113e-01 -4.779360427470272787e-01 -1.160641094727705491e+00 -1.004383365949440277e-01
-9.091113376706179139e-01 -6.761653449340129240e-01 2.025216756522152939e-01 7.826792639810883911e-02 7.412454427225796394e-01 2.641231015092361023e+00 1.158518192416251757e+00 2.943900805458157244e-01 -1.051800791981019723e+00 5.483887553536158643e-01 3.403486776340328701e-01 -3.177662566414606315e-01 -1.895561815276215478e+00 1.737219323375140956e+00 3.673731658542952472e-01 -5.219301120298865948e-01 -4.176428094914378941e-01 8.028191229348193847e-01 -7.213725803658000979e-01 1.449048716714618434e+00 -2.556989036411304594e-01 4.685142943989124564e-01 -1.152885182293248434e+00 2.108328169134291163e-01 2.861037823677770597e-01 7.283935631533159372e-01 -9.923823284820647295e-02 -7.538435390596176511e-01 1.285474141694334493e+00 -1.452930557494573005e+00 -1.423672029230808933e+00 -6.377408264576844843e-01 -1.390183992352471420e-01 -5.238099043503201546e-01 -3.080922656948783395e-02 -2.734699074925962536e-01 5.164541174487312647e-01 7.736814087261161266e-01 1.109549775170771024e+00 1.590257493964302826e+00 -2.664978459080264428e-01 -1.197514984279472311e-01 5.867703888636005560e-01 1.348483095640372831e+00 1.383229830904976643e+00 -5.365079144504217301e-02 -1.270369013092634392e+00 -6.466039081812418043e-01
8.573690445237616142e-01 2.343849736154907104e-01 -3.377673079842463122e-01 2.007033433255649868e+00 2.675698441871677408e-02 -1.034968257430168848e+00 -4.627380101408337665e-01 4.817418073173351245e-01 -1.023425129396364319e+00 -1.995210571631457430e+00 -9.424408673315571860e-01 -7.344044627440888817e-01 -3.293878426634659351e-01 4.504651292041921828e-01 1.119968881538557337e+00 -2.066008359072342149e+00 -7.901938506647108174e-01 6.329294249825001550e-02 -6.732799419816809516e-01 4.060064162646929153e-01 1.649929764638375485e+00 -3.438016833613540268e-01 -1.481663501263372207e-01 2.136541790584241429e+00 4.059596333743079044e-01 -3.147597141064837345e-01 1.384995079278558805e+00 -1.878666940895066695e+00 3.574279604524911724e-02 2.273517479613305969e+00 -1.949128012069099580e-01 9.909858626914962443e-01 1.013107747995489971e+00 1.649911301395617647e-01 -1.930233641105141285e+00 9.764097429692146501e-02 -7.497601297447566981e-01 2.204301220207693091e-01 -7.113671804105401453e-01 6.990907638688238501e-01 2.938736535129122363e+00 -9.104801766075935054e-01 2.611542093104500584e+00 1.358595828175417797e+00 1.523434742153058963e+00 3.228834920567976163e-01 -1.041730069796249492e+00 -2.285547186020705279e+00
1.126401074070279978e-01 -9.483626820700195026e-01 6.018106730268435456e-01 -2.276652183144256991e+00 9.543787510876714508e-01 -1.276940611623875288e+00 -5.782585525265740989e-01 -9.897740750368541063e-01 -9.435484937417603080e-01 -3.033259978259736922e-01 1.518498623506717715e-01 1.599361486633993135e+00 -2.339912372621044956e-01 5.382005844578988674e-01 -4.587462979467913926e-01 -1.102036526899808688e+00 -1.152234504130069226e+00 9.546491535188121880e-01 4.004151372936836650e-01 7.196560475925930511e-01 1.337086274756404958e-01 1.483073956170731789e-01 -5.815939140524242768e-02 -6.590051923245806575e-01 -4.027703271238229910e-01 1.450318350404668832e+00 1.072282586446864361e+00 -1.359675242278419960e+00 5.518311458557733085e-01 3.290948287229343294e-01 -2.502905916773004447e-01 4.905390131947450771e-01 -1.160245756460608346e+00 -5.562357661000523201e-01 -5.053188561390571307e-03 -1.770522113792299068e+00 -8.334742017225852395e-01 1.013814700930814050e+00 -1.607420010713217495e-01 -2.243123398805703328e+00 -6.256145608871758190e-01 1.787173846075671868e+00 1.116828239009829637e+00 4.311027011180947333e-01 -1.511740017533624303e-01 2.375168851418255400e+00 -1.007728105342864611e+00 -1.759369788904512344e+00
1.838868864435017514e+00 1.868781014134786589e-01 7.613021154380741340e-01 -3.065836838267848585e-01 9.287310464806206589e-01 -1.721005295860904338e+00 1.191222732820185426e+00 6.143439262423163738e-01 -2.548873143994347390e-01 9.093930455813724612e-01 5.711485633376019999e-01 1.368635809331475883e+00 1.177658247554638882e+00 1.807392784914362727e+00 2.465229033694598948e-01 3.775984054927550293e-01 3.393581002064319785e-01 -4.816118217356922249e-01 1.340010383284788720e-01 -2.051273551490159219e-01 2.867358746878985454e-02 -1.331293470615037444e+00 8.107223750396026496e-01 1.087617092307052502e+00 5.121821863565032551e-01 1.794861519797957272e-01 3.199728444951092654e-01 6.125422615801395798e-01 6.978597929930535626e-01 9.412662402762597136e-01 2.643346667175367481e-01 3.651018641810942489e-01 5.041543298753892177e-01 -4.591518015365509409e-01 1.362393821380260217e+00 -2.738288281144420910e-01 -1.370203012128662579e+00 9.229280677810983713e-01 -1.432341507476751374e+00 6.679464646649618809e-02 2.934328053386982549e-01 8.339849822191824913e-02 1.490405173400873584e-01 7.542542234564130199e-01 7.186495241556961622e-01 1.046961771868085034e+00 -1.172070458667088116e-01 1.365594485048218676e+00
8.061732868445135036e-01 -9.430913870948854916e-01 9.843170572192220247e-01 -6.758590868200509139e-01 4.655200326060539573e-01 5.568954052174409641e-01 1.716402065754899287e+00 -5.993870951397078928e-01 6.304736791936351725e-01 4.175808894524579151e-01 -2.082904023604360555e-01 -2.834653463580866783e-01 1.139207974265896706e+00 1.158426628909388745e+00 -8.630741850619122468e-01 -5.062154093087867235e-01 1.149398134575680519e+00 -7.267796763016001749e-02 -8.454879963330192982e-01 6.391997365774741979e-01 2.526266732217763433e-01 -1.046881318629454827e-01 1.001964294501061836e+00 -4.962465320415913039e-01 -8.251573505859111091e-01 -1.034716616865893890e+00 8.694287726222755738e-03 3.594428811963694837e-03 -2.519862996683055467e-01 6.146099580487852654e-01 -1.505676209393212783e+00 -2.255272942144479764e-01 -7.663655978334202867e-01 6.646694652961929739e-01 -1.454988938794097075e+00 -4.078306237734601880e-01 1.012315791521166242e+00 -1.096009416963420691e+00 1.007283228610680981e+00 -2.098380859662634657e-01 -1.582584310218922985e-01 -1.323092857398240785e+00 7.871918677436484657e-01 1.176633786251079172e+00 1.164735347040941837e+00 1.076073665064791463e-01 9.749646832043461497e-01 -8.703705581785828871e-01
2.001201028806109949e+00 1.723733663356385726e-01 1.134262091142846707e+00 -2.653149130255498880e-02 -1.368213896357408199e+00 1.652642927973467235e-01 -1.805501135283510694e-01 -1.216870760385073691e+00 9.858101709809508062e-01 -1.409504479373366592e-01 -8.517579688093845913e-01 -1.263043537276286488e+00 1.164950655219588738e+00 1.037655281272528818e+00 3.441987989696983496e-01 -2.964765094334327333e-01 2.595434793100892978e+00 -1.363332946555511141e-02 -5.639552121355625447e-01 4.799907496428154063e-01 -4.018756253402618328e-01 -4.155679671090678484e-01 -5.221313712039602484e-01 6.410436439821823873e-01 1.556739894031086591e+00 -1.382853162759807963e+00 -6.962429377550179155e-02 -1.612252691872819277e+00 -5.019631242795861148e-01 4.569785674718109258e-01 4.920062146034661632e-01 -3.879250964293266823e-02 -1.034887740444093263e+00 -3.985314656519684529e-01 -7.886597441287507282e-01 1.600300060730932117e+00 1.530435010111471095e-01 -9.969526442899966368e-01 7.570419120237809052e-02 4.117235247406448306e-01 -1.911407195135590875e+00 -8.035611709325443108e-01 -2.204673729201455101e-01 8.810413024447594221e-01 -5.194595613732538864e-01 -7.157600362492593238e-01 -2.212142936054996234e+00 -7.489424052811515242e-01
7.415064885103094250e-01 -6.411900778502668263e-01 -2.527341038328952738e+00 -1.390278906044256635e+00 -1.772724236574159784e+00 2.048704175947311690e+00 -1.373303599397226904e+00 -7.101067062850967559e-01 2.651182805228746719e-01 1.118794492516911321e+00 1.208254960855561499e+00 1.853745967495427638e-01 1.975654130362851424e+00 2.965224404385123247e+00 -2.235462145492925490e-01 -1.120729620803434079e+00 9.597133757267934939e-01 -4.683791631323817595e-01 -1.924056713470554680e-01 8.334185700491755222e-01 1.211275837826904622e+00 9.526802463541341748e-01 2.350248253520027808e-01 -8.429896623449996129e-01 -1.178201055854643631e+00 -4.405664366874458004e-02 7.886613687936355754e-02 -4.147636906040731986e-01 1.382212285975086496e+00 -5.417175150716806442e-01 -2.900496503241313251e-01 1.089911093798330732e+00 9.793786327248581447e-01 9.367720400034336425e-02 -3.382360134767139481e-01 4.707821568518615329e-01 -3.570945887552428588e-01 -7.223676472558362427e-01 -1.124524747866584712e-01 -1.159204151898997059e+00 -8.661605756871499917e-01 -1.102861429474949889e-01 -6.393314455376185590e-01 -4.620021257050702657e-01 -7.926698243161206525e-01 2.751083455112899312e-01 -6.294605735961196491e-02 -8.575275554604567807e-01
-4.436835183473710198e-01 -9.853108444769589358e-01 -8.887909527507753538e-01 -1.214258552007118075e+00 4.931974519109834643e-01 1.058964777484497077e-01 -3.435181453997560030e-01 -3.211590341068721322e-01 -3.513068269657172449e-01 -5.890503779294798958e-01 -1.681123984730189813e-01 -1.087525081816553385e+00 -2.093637654450007934e-01 -4.299925600734990083e-01 -1.256327931128439213e+00 1.467959384687902991e-01 -5.746728558497786743e-01 7.324667696894988644e-01 6.024016209327779370e-01 2.140698689158486157e-01 1.747455111446480636e-01 7.711152533884915172e-01 5.990798093270230940e-01 1.368000490072624808e+00 -6.585956420215220986e-01 1.341666426557963643e+00 -4.373211544285993818e-02 -1.710681794793970367e-01 1.263441731620677189e+00 -1.616782197493986106e-01 -7.707904396963066729e-01 7.389502369946300275e-01 1.479814288750565809e-01 1.182006350393629779e+00 1.591604670586800651e-03 2.379691009699932969e-01 5.637333508992180666e-04 -8.096007424013077491e-01 -8.475862805729010852e-01 2.649376744731715694e-02 -2.999214738860957463e-01 4.900670677653669594e-01 -3.586044685678854149e-01 -2.029542220705505065e-02 -7.686648609360875462e-01 -1.045647920306861600e+00 -1.046121243348312468e+00 6.990600151453609801e-01
-3.301754440825071524e-01 -1.010592165711487800e+00 -1.056213214938869216e+00 1.139342699675211179e+00 -2.152676866362953412e+00 3.366283255131526930e-01 -3.103488443982844736e-01 1.552231858658596142e+00 -9.687896846662664707e-01 -1.727596454721684660e+00 3.420488038797390717e-01 -9.382608876674268794e-01 1.452112242406414122e+00 -5.712573505936335838e-01 2.154153955122009301e-01 -2.310204680378614983e-01 -1.086772805855245744e-01 -1.955277281989176164e+00 2.356306456334571475e-01 8.919300094361740650e-01 1.080295761333554871e+00 2.236311190252242564e-01 8.147875537831874571e-01 -8.899142217021219770e-01 -8.043495827876046000e-01 1.491976862916822300e-01 -1.159636428265778729e+00 9.320552463931174036e-02 1.619965103485610847e+00 5.503939208336646738e-01 -1.023278618697093911e+00 7.544179189704884880e-01 -1.027438680896179513e+00 -1.380414562356855890e-01 -1.931153879098580051e+00 -9.449001766043285677e-01 -1.151321039203275109e+00 -1.225762647581877474e+00 -2.210737586387441778e-01 1.057929750854558065e-01 -1.259955200929667729e+00 -5.765619305527768246e-01 1.056346197454439556e-01 -3.454034182279157039e-01 -1.257632347793396610e+00 2.821637922789401176e-01 -5.635847625491429147e-01 -1.603372889983186722e+00
-8.945487933805071901e-01 9.326564962106531631e-01 3.725039464148281465e-01 -5.959772827765372760e-01 -1.327288092898564753e-01 6.396564862883038494e-01 1.018454886659905911e+00 -2.155640383412111005e-01 2.246008008661920519e-01 -1.679554447818297491e-01 1.247473311508769944e+00 -3.207619862747854156e-01 -5.304576700601564276e-01 -2.589027968987194783e-01 1.859551069087143960e+00 -9.064982817752217370e-01 1.111475500658563487e+00 -6.141090240537433464e-01 -7.235560346036548074e-01 3.697331629583999302e+00 -3.174211893155556852e-01 -1.027716899046005883e-01 -1.074818279538474641e+00 1.443527799421383095e+00 -2.118409067347129804e-01 5.344065677790343916e-01 -1.049572910679843207e-01 6.959450745173459962e-01 -4.761822357282134988e-01 2.604328066651351303e+00 3.910658461745145642e-01 3.472489995069625857e-01 -8.169266140025059908e-01 7.049699105988682657e-01 9.525649083014389173e-01 7.188452975995729410e-01 1.176113605906612819e-01 -8.101410255994851983e-01 1.310945596894622867e+00 -4.783328585105134922e-01 3.922276177003613529e-01 5.650169221864799196e-01 -3.323710505991246400e-01 -9.623979264696539415e-01 -8.877194744016818628e-01 -3.598336941368465158e-01 5.595909276811702471e-01 -1.910618922310117762e+00
-1.796185084332351911e+00 1.791965154871175248e+00 8.909376747318769052e-01 5.623500689077066683e-01 1.535448743184885112e+00 -3.737936510815759727e-01 6.348930631138067771e-01 -3.250151407871615557e-03 -5.292743889603255258e-01 5.157419338241792106e-01 1.536395141204871528e-01 4.600892570259822456e-01 4.834214222728770438e-01 -1.961877502273058904e-01 4.257157683248654068e-01 8.051680518506789674e-01 -1.727656443419421706e+00 -8.861963614180411453e-01 -1.058712317677453496e-01 1.224323459087859556e+00 -7.843186147454483947e-01 1.318952202785779182e+00 2.589504343351090920e+00 -1.540283114309407564e+00 5.879634845579341240e-01 -3.725562408459092700e-01 -3.153277727055310842e-01 -1.749167654707503461e+00 2.044899731551532429e-01 1.243756559470752032e+00 4.429255446367663662e-01 -2.263688310624862421e+00 -3.396316882364622813e-01 -3.942645804578591151e-01 7.408239366154687477e-01 -1.353902345587854938e+00 -1.335798906095319483e+00 -5.622588906369599959e-01 1.203307032838019541e+00 -2.573378621739376149e-01 6.804904809004092003e-01 -1.429157984880391474e-01 -7.616965660846408692e-02 1.284867205484760522e+00 1.842711750975278562e-01 1.359877198155988280e-02 -1.768118822577034344e+00 -1.443793042261834580e+00
1.862483774840535122e-01 -7.521338507285526553e-01 5.293254932337668750e-01 -1.038615795425094523e+00 -1.440081726219884617e+00 -8.355966078179200007e-01 -9.694975486813710575e-01 7.630512498404470323e-01 -1.316880133156426380e+00 1.695623729291255266e+00 -3.068169966987875252e+00 -1.189115890071087006e-01 2.147690686839754948e-01 1.382706897629157050e-01 1.626436940441040868e-01 -4.817357212320512450e-02 1.441816682490905999e+00 1.269261183341258592e+00 4.724690521141804989e-01 -1.387772587246774991e+00 5.749055739853152769e-01 -6.781051941078569678e-01 4.091634086178501661e-01 -1.684942541313244391e+00 -8.002632615792548698e-02 -3.366286448119467645e-01 -1.330898255005441289e-01 1.925482481315764771e-01 3.010691753789785374e-01 -2.395713591645151297e+00 -4.736802963681830958e-01 1.512094205759289656e+00 -9.563074698568728438e-02 1.630997624083781350e+00 1.892213520956112505e-01 -2.012232200436986140e+00 3.124464885751733201e-01 -8.371923043603466397e-01 4.557207834075854835e-01 1.050860714751241431e+00 1.048451805183950203e+00 1.876234939990726547e+00 -1.107294128685331724e+00 1.506988685581298615e-01 -5.337183413844093227e-03 -3.546570310269278603e-02 1.127278316650794227e-01 -1.751088956577917244e-01
-1.192120716532072203e-02 1.386170862599752640e+00 -7.431199161302615153e-01 -1.996466434339699614e+00 3.433843236527765047e-02 -1.420931054703393759e+00 -2.753139217925784643e-01 4.064209465029292728e-02 -5.138812767820826605e-02 -8.098712191470989197e-01 -1.274761974799463626e+00 1.071674945044848171e+00 6.669743685954007129e-01 -1.996737710707161551e-01 1.662825975985712246e-01 -1.186512469395096359e+00 -4.980273788343917429e-01 -1.341887519424387554e+00 -9.918912943031951354e-03 -9.513474877098655469e-01 -8.723087684032831968e-01 6.301478596947314159e-01 -1.483932609301036598e-01 7.038262126272673558e-02 -1.853376337114491568e+00 2.178654638905552776e+00 -3.969630747439721330e-01 4.922294480427105157e-01 -1.481610836235065787e-01 -5.176268182517906880e-01 2.417535002467342764e+00 -1.629922407239412507e+00 1.494235564449845066e+00 -2.468128582224303091e+00 1.406461555299406863e+00 -3.685467578516127829e-01 3.298260774196293821e-01 -1.164148468177151619e-01 -9.853841084304501008e-01 -6.749319465899982218e-01 6.981376207377610887e-01 1.236582628628840386e+00 -9.563582802175383257e-01 2.391163779771427189e-01 -2.678383400078652304e-02 2.495302876453330931e+00 -6.490428746561609508e-01 -2.505064438627676804e+00
-5.343609433916597373e-01 2.431358001793834100e-01 6.910295526279709444e-01 -9.268664825506848226e-01 -1.778405568931362701e-01 -1.320880053595982595e+00 -5.483530681724437805e-01 -3.751666457053895454e-01 -5.228968949298511415e-01 -1.888861268730019471e+00 -2.888213004109084991e+00 -3.601663959943987026e-01 4.741372342980869625e-01 1.071043137694460912e+00 1.744795556552566573e+00 4.388264656930110919e-01 -9.336367644635458485e-02 -3.793535715708795664e-01 -2.647253147254740036e-01 -8.986979726149934011e-01 3.903180195588464019e-02 9.512791084039908807e-01 1.506104296546426080e-01 -4.030886570668022473e-01 1.211831400657119140e+00 -1.502007140414466813e+00 -3.778143658016805406e-01 3.035873064746788530e-01 5.606594750502547769e-02 -9.258739378532913067e-01 -9.203394643291782848e-03 4.483312184702014092e-01 1.549301516291155201e+00 -1.025875958809819855e+00 -4.648494730454982848e-01 -3.943212568278632313e-01 -3.379658304683553771e-01 6.511175693204596104e-01 1.752086727330746108e+00 5.444040372630860602e-01 3.663650471925944396e-01 4.468856100571546031e-01 4.984463344177549327e-01 -9.458607500262876666e-01 -1.628369871649212985e+00 1.405600383241074613e-01 -4.865768384272601277e-01 2.437946409411304305e-01
-9.254493401205023950e-01 1.572809771462343242e+00 -1.599766352779190548e+00 -9.752018814635796673e-01 2.870850484466143104e-01 -1.646975420556105740e-02 -1.043307367339825653e+00 -8.921617116530481395e-01 3.443226622379104429e-02 -1.144326760138057342e+00 -1.702912411480952182e+00 2.951641662241211717e-01 7.358805065832765280e-01 -5.381158635906139187e-01 -1.362340714163536637e+00 1.565739091203738054e-01 -5.865607809950159623e-01 -2.929828445775823909e-01 6.802684575767858899e-01 9.284481518436509262e-01 8.225654360070415727e-01 1.228307052085304552e+00 -9.739650074079656550e-01 -9.320947859201652586e-01 5.405377584836294075e-02 -5.017901815768419649e-01 1.948709273342411064e-01 -1.805991061705060519e+00 -1.089513794135978708e+00 -6.565066369004024516e-01 2.386008711919132885e+00 2.956959226404927699e-01 2.767199997898959207e-01 -4.399065846747701181e-01 2.068911210199531503e+00 -1.031912333437263962e+00 -1.600594484321519850e+00 -9.790739528074170472e-01 -1.515448674229387671e-01 7.934915880491514306e-01 8.050635308346114627e-01 8.264371553547459337e-01 2.270925278871775144e-01 -1.266470178970106941e+00 1.223309677372143245e+00 -1.617946109854630499e-01 8.432963522547511082e-02 -2.792555567899781099e+00
-3.002861987976349067e-01 -3.080875005961910551e-01 -1.664284090431823016e+00 -1.246712435635832339e+00 5.082629015830087971e-01 -4.179741899652593129e-01 -1.110142997691663469e+00 6.788818645308211108e-01 -1.185231070262255049e+00 3.247323552623295750e-01 -1.588196527899684352e+00 2.125077381771367069e+00 9.984533591663893315e-01 2.283751212801578667e+00 4.054936409636705208e-01 1.684021134003509168e+00 3.222391779065722495e-01 -1.811208746979517281e+00 7.679536202473408180e-02 -8.188944759496827874e-01 2.216820825348454704e+00 -8.227807810857848958e-01 1.742775197691527111e+00 -7.741840483013728846e-01 3.492385333427643346e-01 1.053438476841597193e+00 1.064665745694125976e+00 -3.306458782554349551e-01 1.208046239240917252e+00 -7.078834254887054200e-01 -2.450249683321307700e-02 -3.018640462598381480e-01 -7.074312436601062348e-01 1.447424625352983218e+00 -2.941815138373911620e-01 9.705759514078294847e-01 -8.353339292344940104e-01 1.911376528233714511e+00 3.501632839765056460e-01 -1.632778812987163208e+00 1.673962211057861360e+00 1.536097417981585833e+00 1.179659870601897254e+00 1.473041081474732561e+00 9.796241790426686580e-02 1.385526474943199249e+00 -1.484649072934659753e+00 -1.697305922644806397e+00
-6.314917485882740045e-02 -5.717190005382372098e-01 -3.879837286494969284e-01 -4.413039184723020480e-01 3.346408227762855403e-01 2.114952995311661699e+00 -3.255557524234503619e-01 1.008917926523809294e+00 3.061804804330023333e-01 -1.718435964804282623e+00 -1.455240559920690124e+00 -2.900627841350956526e+00 9.643924212898453696e-01 -4.603318529714414686e-01 -7.805790315528469137e-01 -2.993640075013711543e-01 -1.970742530528426795e-01 4.628456497349259791e-01 -9.621087805496638667e-01 -1.914045112070662247e-01 -7.398255052246575092e-01 -1.780426005412668045e-01 4.746852010728071503e-01 -1.217108875626901759e-01 1.320931545766958370e+00 -1.362374379648704448e+00 1.388278026626173611e+00 -3.015016896792648837e-01 1.302983921662376865e+00 4.709900961194168900e-01 1.098308355198781838e-01 1.245714951250270347e-01 -4.467568950522197158e-01 2.329997393893506796e+00 -8.977653644241438968e-01 4.183437582384503250e-01 1.725626281800742845e+00 1.031399125647505022e+00 -8.132947764749701713e-01 -1.123266133073036466e+00 -3.498884914638460963e-01 -1.204087099746978362e+00 -1.980488771099018441e+00 -1.127095479506376119e+00 -1.229436988429798427e+00 -5.737849298019827016e-01 1.118708592217282360e+00 -4.209080340084156990e-01
4.006650219240532329e-01 2.641223530683617926e-01 8.601618992672048769e-01 -6.749021778642567693e-01 1.222822110271167828e+00 -1.405019895622472426e-01 7.583517812845633754e-01 -9.123778178063867150e-01 5.367725324114139829e-01 1.836113764725241904e+00 -1.957849606926510833e-01 -1.284167107529644580e+00 1.662511569138539702e+00 -1.944986980480155836e+00 -9.475970640437805237e-01 -6.170192631430198027e-01 1.693916249831583176e+00 -8.380508670028244955e-01 -3.815407440501177860e-01 2.254392771469991841e-01 8.530073561034648422e-03 -5.806896524670245030e-02 -3.733603144187671030e-01 -1.669543635118330371e+00 3.262470546725650955e-01 -2.771074807802109598e-03 -2.075923149837861192e+00 -1.160453926525785440e-01 5.011775728526249862e-01 -1.665873206608680102e-01 2.881882833951787126e-01 -7.768561288564646006e-01 8.812959488618505866e-01 -5.304972546923131249e-02 3.515275474788642218e-01 -8.238744260682020482e-01 1.603743222863871276e+00 4.674551382249141351e-01 -4.882326263264123445e-01 -3.650597791423558225e-01 -1.235063926307355953e+00 -5.222072132800513466e-02 -1.569700778211969017e-01 6.618209539930405283e-01 -4.545384404321767963e-02 8.109023132903144804e-01 -1.187122976675251795e+00 -8.522950419570207714e-02
1.352787750423510182e+00 -8.012178972779556707e-01 -3.271036475583995351e+00 4.696180875967508328e-01 1.332266213442141911e+00 1.190590381193106451e+00 5.195453577984302518e-01 1.031831992999690417e+00 -2.391776994876432472e+00 8.254589998627674952e-01 -9.836666072571254027e-01 -1.514639161818754687e+00 -2.764959548441138226e-01 -9.034232703910271001e-01 -2.181073778092975646e-01 1.683811161738455908e+00 1.731882449466233487e+00 -4.785094008632335694e-01 -9.140945500239444632e-01 5.858220756309024946e-01 2.065971801244503414e+00 3.065516293650001889e-01 -1.102872964166677627e-01 -4.201301182978441351e-01 -4.637360186433211462e-01 -2.269671322582367257e-01 -8.553762767988019045e-01 1.466332062893963006e-01 -1.631987678381478846e+00 -8.508268221093276962e-01 -7.113945052888394072e-01 2.328576041722706103e-02 6.703937064996249307e-01 7.648158333901284855e-01 1.204598558542812614e-01 -1.188502991777890427e+00 2.345762811627791766e+00 -1.046106812530801289e+00 -9.733232092099232124e-01 -1.298235900030540124e+00 6.577121272732167068e-01 6.253045067737956764e-01 -1.041737091551621752e+00 5.530352335971978617e-01 1.999822287936445231e-01 3.683350965726441273e-01 1.461448203438897864e-01 1.746330678824715488e+00
1.340190701661803541e+00 -1.885990733603169156e+00 1.084775963510357322e+00 4.442583850131587853e-01 2.319057569206909086e+00 6.475512558335351498e-02 8.435569464127311567e-01 1.796204750666657302e-01 -1.234998916378138745e+00 -7.454153185682492640e-03 7.202423696293308586e-01 1.438402848439302550e+00 2.935134933750408251e-02 -7.543997546520783137e-01 -1.109333823760005444e+00 -8.814150183223301571e-01 -1.179593972630980980e+00 5.482232840205200075e-01 3.281328373001269894e-01 7.113607538651727236e-01 -6.242334570893591783e-01 1.382531631121664439e+00 1.370934858369936116e+00 -5.526407360199036001e-01 1.305331333149768736e-01 -2.840664386605423530e+00 8.008838024975942216e-02 3.253311275211204223e-01 -2.581615341446004686e-01 -1.201924404947316338e+00 -4.488139713770641359e-01 -6.740818299177374628e-01 8.447769373065856513e-01 6.964913827307070981e-01 -1.089281593355452271e+00 5.195689847729375588e-01 -1.631606211765240788e+00 8.172080757071923385e-01 -4.227101763854860805e-01 9.984154324306757644e-01 -1.614779659419307567e+00 7.434032801048083838e-01 -4.768807559229218396e-01 -6.607548602292186990e-01 -8.252301857496838755e-01 5.546226896931889527e-01 1.218982914477356516e+00 -8.517087213112988220e-01
3.952319920686430538e-02 -9.157193638941826253e-01 -1.389880113938924133e-01 8.573672121479550658e-04 2.724791552253514881e-01 -1.068921792716795993e+00 -1.383141418679182388e+00 5.207559483406011269e-01 -4.584726558301011057e-01 2.896377465753675051e-01 -1.375706077868957378e+00 -7.163216236790045377e-01 -1.651349008665469853e+00 -6.420513036994328626e-01 -4.709833661837352081e-01 -9.402160659855809399e-01 -8.637483807645899292e-01 -1.438484290581429015e+00 -1.781842475311666840e+00 1.230275930426270481e+00 9.164384170453394596e-01 -1.030072939071988714e+00 -2.014448186911549588e+00 -8.186772900249287277e-01 1.007289020894054365e+00 -2.688349713544851624e-02 -2.376577159456581878e+00 -8.078906691564960996e-01 1.008369062833003316e+00 -1.392955106478158678e+00 -1.513653786888518316e-01 1.353331680583570451e+00 2.853010343124057213e-01 -6.397259796876340054e-01 3.830063590467471663e-02 -8.829159473770684663e-01 -1.324576414136038549e+00 4.676861512479074667e-01 -1.126621907739241868e+00 1.723914803358368442e+00 -1.753306568312126501e+00 2.297846623728411197e-01 4.877350432202191555e-01 7.035072010779569451e-01 -1.112109269336230000e+00 -7.571479728953334210e-02 -1.597657761732357573e-01 6.334749644779463784e-01
1.109822441855940811e+00 -8.537534109782543013e-01 1.318688220560188196e+00 2.829747972338834683e-01 -2.112177625047662932e+00 -4.176342204055258356e-01 3.295002732905017995e-01 -9.873844987664812667e-01 -1.057607727860532032e+00 1.286975878005362617e+00 -1.123309370317656875e+00 -2.109812283449309933e-01 1.735998009876760451e+00 -3.581127789307289033e-01 2.812953065493706717e+00 -1.262022760804343058e+00 2.250654470222081205e+00 -9.333363279542157276e-01 1.145807122764295860e+00 -5.258164309766617528e-01 -5.009497449575242012e-01 -2.792220480313213571e+00 2.388448174568122695e-01 -5.408723748936989928e-01 2.196519698942459353e+00 4.835962643935725058e-01 -1.317380081579389017e-01 5.819017600067832863e-01 -3.461095316731798710e-01 3.449542196931459359e-01 -2.310294899977940741e-01 9.262750914683824666e-02 3.586759290779986120e-01 -1.525596756525498865e+00 -1.307809219811274515e+00 -2.078241192906344903e+00 5.516571368483200732e-01 8.301124631530797104e-02 1.131014895341489884e-01 -2.064906570106004757e+00 2.022274695089496532e+00 9.306551656860219124e-01 -8.853823150332063019e-01 6.521467306112151974e-01 1.930185368093241705e+00 1.998564543732784249e-01 2.018931797926406535e+00 1.349753103915586117e+00
1.227645109260413481e+00 1.403723443911123248e+00 -1.660579801908873998e+00 -6.023138484583662189e-01 5.282799821120637285e-01 -5.931997269663432659e-01 -8.055736280789108639e-01 2.043246318908530645e-01 -4.889472160235676101e-01 5.584122885239796164e-01 -1.601003874386831283e-01 -1.700308149094911236e+00 1.525022190993943205e+00 -2.067041893987923706e-01 -2.278381331264393683e+00 -3.641502805817469213e-01 1.280470215537134804e+00 -3.841881044784338228e-01 -5.846090176806428840e-01 1.468725545460861648e+00 1.874112160496010926e+00 -5.505338089117238765e-01 1.339893377158724308e-01 2.292804771983091849e-01 3.388794487125779686e-01 4.661678999193740180e-01 -1.351979391945457465e+00 -9.083596804287574766e-01 -1.787726880864821455e+00 2.383826661715472001e-02 7.766365511222089735e-01 5.349423427482685733e-01 -1.429884279433988770e+00 2.347560284142313325e+00 -3.175525773040981825e+00 5.174204815456093787e-01 7.645986718960151585e-01 9.307900192923491689e-01 6.096940548753463363e-01 1.496018298308564365e+00 8.518226557850869796e-01 1.467825495220712595e-01 -1.391137960464845058e+00 8.032624627866110645e-01 -1.108012566254904074e+00 2.525983178240216009e+00 1.140593471799501213e+00 1.223863053710317894e+00
6.716509057301129904e-01 -1.660306045567220057e+00 -9.525669677878937369e-01 -2.528410539518603173e+00 2.207622456654082299e+00 -4.762968129277702078e-01 -2.515550325180802904e+00 -6.835129552174152856e-01 -4.876588357346802183e-01 7.956087057732356138e-01 8.204953157847477696e-01 5.613169015901178227e-01 1.044615897307278995e+00 -4.065314178803647316e+00 -4.998830500364363494e-01 5.647993320727489469e-02 -1.804236302236126577e-01 7.645256680597377619e-01 -5.311041579614386166e-01 -1.244008243525377644e+00 1.360839725806551659e+00 -1.125753668161240117e+00 -1.275201865633311726e+00 -1.291579549419598960e+00 1.451058655225812233e+00 -6.290492485816544521e-01 2.897561899359641924e-01 1.082552399992993825e-01 -1.509539666663080704e+00 8.414974477975637468e-01 -7.880010860109034621e-01 -1.237598856599140706e+00 2.394772524546691095e+00 1.203473915413104223e+00 -1.553555031373853534e+00 9.440132090500888973e-01 -1.129225079470906667e+00 -7.417050082518251708e-01 1.437546018414191273e+00 2.129858460685797539e+00 -7.107573563647127113e-01 -3.739861375544483724e-01 9.765480439309771887e-02 -2.501175831732948551e-01 -3.552878181347081665e-01 7.840578562782847261e-01 -7.730951748809260504e-01 -7.471044549968448578e-01
-4.247776778140915366e-01 -7.501153747706592601e-01 4.277279523592800170e-01 9.037034568463356843e-01 7.952597882068739299e-01 -1.253050458909387377e+00 -4.856331355406932615e-01 -7.380353786991309395e-01 1.445461845932180800e-01 -5.875959158329743248e-01 6.860788274894252803e-01 -2.722670500380781067e-01 9.229439730966639832e-01 -1.493534429079520720e+00 -9.548634263735200634e-01 -7.671375971312692776e-01 6.958264063765482454e-01 -7.129275710618299122e-01 -1.013375149359824645e+00 6.340427208029211226e-01 2.201137997692966253e-01 4.412322866177605940e-01 8.309843537565368976e-01 -9.038138059868677798e-01 -6.990086149137805238e-01 -1.181937565410478896e+00 -7.146646820267000821e-01 5.643943177865683447e-01 -1.026234206565655116e+00 -8.657176060230464820e-01 5.443161877592843367e-02 1.210722746430526464e-01 8.088664338504993889e-01 -3.130617864511940351e-01 5.236264247283465428e-02 4.529288293655663322e-01 9.200171024963258448e-01 -5.212182089714079147e-01 6.670570197611895569e-02 1.726786810484682189e+00 1.360040837849892381e-01 -1.437805751117393616e+00 1.841427958740265713e-01 -1.312706929621429430e-01 -1.012772214871396903e+00 -2.744327468464474729e-01 3.085325010409394331e-01 6.879874511097499035e-01
-1.069614694589758663e+00 3.475248686300276280e-01 8.500355808707430461e-01 -6.541866049259498217e-01 5.720468601502350925e-01 -1.996288400208810154e+00 -9.975523651202290454e-01 5.612263224028016806e-01 2.571321526441343597e+00 -2.327132530624069495e-01 2.603604827093271568e-01 -1.329543877509039573e-01 -2.009309419607687719e+00 -4.757728401973805588e-02 1.303718136971903307e+00 -1.402872324173088492e+00 2.846360590987424000e-01 9.688623069594554105e-02 -6.777601704937093359e-03 -9.449560024859986473e-01 7.703282918561419335e-01 2.273348064758661025e+00 -1.967552324125470264e-01 -8.970927038152495259e-01 -1.460793650549752742e+00 3.072691958541814983e-01 2.251568064380756740e-01 -1.074212410913166355e-01 -1.943694337417314788e+00 -7.456392581163190370e-01 1.520824124863029703e-01 9.879389649886355373e-01 2.215424624081783200e-01 -1.605782496132071024e+00 -4.493906000379661869e-02 7.790922103043724789e-01 5.675930098329847739e-01 -9.153371764626132556e-01 -1.809517491268038958e-01 1.217179329845031521e+00 -3.101557867622766751e-01 -2.164569232125563847e+00 -6.700175716580670793e-01 1.912646568669752023e+00 1.991922140870009184e+00 9.811693499793647799e-01 3.763685262130199161e-01 -1.117842126613448839e+00
-4.609929965686815900e-01 -1.258205251113445389e+00 1.706003942549958241e+00 -2.653974768412302732e-01 1.842694144527598388e+00 -3.535510801516251189e-01 7.450693136486581380e-01 -3.675120541799422047e-01 3.271108607081027464e-01 -7.450839105707991461e-01 -7.285429032906106661e-01 1.369632899485103694e-01 -1.757162083672665576e+00 -8.464642252552236901e-01 -6.238607259122951332e-01 -1.228939179200839504e+00 5.630346303740612068e-01 -1.522356657212910358e+00 -2.840589343720176796e+00 -2.759583600524257996e+00 -1.345582126066624307e+00 1.194652631122048447e-01 5.498929053044165904e-01 -7.253118341500803812e-01 -1.093452512683374067e+00 -4.656032895273238270e-01 2.231093858410493347e+00 7.421421555124332881e-02 5.342770013554108965e-01 6.875165112202859252e-02 -5.338944929506026504e-01 -6.433348566859592443e-01 9.148042150006331641e-02 5.761800891700182004e-02 -1.057369532360348696e+00 -3.288613563244896509e-01 -8.142801836436281970e-01 1.630642338944131575e+00 -7.011769981679354391e-01 -1.114051092644911423e+00 8.980077974025957310e-01 -1.283575307226335616e+00 -7.698430542036015511e-01 -1.859785610311338599e-01 1.344613584731573441e+00 1.835916017147267432e-01 1.038047647790097505e+00 -1.757255791126849376e-01
2.332931576098755677e-01 -2.111686446839007303e+00 7.657092831379280762e-01 -2.172398168135885932e+00 1.271216791282438752e-01 2.114418133189837623e-01 -1.647722944381290189e-01 -1.178500293724333181e+00 -8.400516826086916744e-01 8.996867524786409387e-01 -2.666487691484588307e+00 5.243705871607652336e-01 -1.921926696708788074e-01 2.758257717324806846e-01 1.028197459094460031e+00 -4.934529173966978322e-01 1.380052523129512210e+00 5.240894975730363559e-01 7.194975045138607417e-01 2.624789915043691524e-01 6.018831722875601642e-01 3.087515792152897287e-01 5.466757037720821888e-01 5.789814824055736775e-01 -7.597103629034824834e-01 -4.664010451897893650e-01 7.457286956248444509e-01 -6.311320883225598477e-01 -7.374535118711100790e-01 -6.049768791316830763e-01 -1.020679811133442305e+00 -1.829573162847617784e-01 1.401695782377183619e+00 1.188993394679657367e+00 1.306174720598896721e+00 1.211427798110240872e-01 -2.032400667837692132e-01 8.257315294140373796e-01 4.619682250941433144e-01 -1.088571169901242364e+00 1.021016722058025294e+00 -3.901107260240052610e-01 -6.385888860203062789e-01 2.177176735832458299e+00 -3.169395948439827304e+00 6.564033875075200308e-01 -6.302602364206350005e-01 -1.753270486107717741e+00
-8.596824491667831580e-01 -6.642569298435400116e-01 9.317217838184185252e-01 4.609179820082827117e-01 -1.682792355362758618e+00 3.632959659139915476e-01 7.605921812100361334e-01 6.301787740204612964e-01 7.029789945568694076e-01 -8.152377692335475157e-01 -1.577966199850809659e+00 -9.280611656326349657e-01 4.749039675372385139e-01 7.462540112769254774e-01 6.578580212237490343e-01 -2.256418898915774629e-01 -5.403252403811882321e-01 -7.807191915051223674e-01 -1.401731881434376215e+00 -2.579587837953590257e-01 -7.660538750247161133e-01 -5.336198106701505184e-01 -9.518081260474928751e-01 -6.670197107736810516e-01 1.545785499661090023e+00 -1.039205924795201345e-02 3.103651876790027297e-01 8.975719456807023100e-01 2.542824519070927103e+00 -1.216301936996985411e+00 -2.667637609612583671e-01 9.890716702099903168e-01 2.031049538838783086e-01 3.268272176341171509e-01 -1.027146577517912496e+00 1.419410143258447832e+00 -1.848439191953847427e+00 5.082325169263089970e-01 2.232581008796368782e-01 -8.928572823997291685e-01 7.505925969384223961e-01 4.478631004392543136e-01 2.544040254114630972e+00 2.824983909217119726e-01 4.105420613756214365e-01 -5.166062593468470077e-01 -6.315101822404742826e-01 -2.586251463109066062e-01
-3.787121791583344388e-01 1.288928309844160847e+00 9.162984900522248566e-01 -9.317145769627253049e-01 6.337075117968957727e-01 -8.639542077441988432e-01 1.151454401154861640e-01 7.617123423799597726e-01 8.707372717676976626e-01 5.713744267928640985e-01 1.464086646125173807e+00 -7.258431040442007154e-01 -1.490939138510121609e+00 1.202705343332573840e+00 6.367997081044663998e-01 -3.482844494245789235e-01 -2.125761258925774055e-01 -6.493516733041202471e-01 -3.263878322975041213e-01 5.997576723908812912e-01 5.837669710117378008e-01 -1.134054825052693616e+00 3.203658869832726186e-01 4.429673294794262417e-01 9.961606268865201841e-01 -5.129915637655383387e-01 8.489459796557305982e-01 6.118062047831831496e-01 -5.754241101017245619e-01 6.187177741403381281e-01 -4.815025392541324445e-01 -1.343009152909468096e+00 -7.105046918408954026e-02 2.222494477224239984e-01 4.821719699181538643e-01 -2.497232822023893462e-01 -1.683700173660818811e+00 2.570049344869336228e-01 -1.284085482172468151e-01 4.448535295766402331e-02 2.110753844969057852e-02 1.579177866512619932e+00 1.535997061012953413e+00 1.237084429231005256e+00 7.186842576720042786e-01 9.718864369307779194e-01 1.667780903800311298e+00 -1.569519598295490814e+00
9.932928349810390412e-01 5.603714760630413849e-01 5.476295236526611543e-01 -3.591297978939134716e-01 2.695083668685473999e-01 7.545183731248210623e-01 -7.313032130505154882e-01 6.440383691547187928e-01 -4.488484256740390421e-01 -2.340490152886935959e-01 6.038008473066391185e-02 -8.372140143160667902e-01 -8.467375395592405818e-01 1.412051124926333667e+00 1.284332725221858651e-01 9.728105980975449985e-01 4.851349741998455811e-01 2.875815403903758671e-01 -4.001781985863093194e-01 6.320460246571110163e-01 -1.305049934931077071e-01 2.307604428855738743e-01 -6.061991329632057113e-01 2.384986863342865582e-01 -1.570077660188160751e+00 1.372832009193003078e+00 5.607614944420240555e-01 -3.663084525214490572e-01 -9.624464455245650141e-02 1.217185996949557314e+00 -7.113530140136073432e-02 -1.790268138867256553e+00 -6.850877496840288572e-01 -2.101274969875050191e-01 -2.203591247261712738e+00 -1.517407899249080538e-01 8.139277646040912195e-01 3.130795454421401725e-01 8.957816197390900959e-01 -1.350701632181888101e+00 5.263485485279849607e-01 -8.369129683902044592e-01 1.897655785767476289e+00 2.082093968144954399e+00 -4.548245417877822550e-01 5.700992813984123719e-01 -9.157071951505559859e-01 -2.006458937223481787e+00
-6.221380546146310087e-01 -4.833508203583666146e-02 9.526440349531566376e-01 -3.502706102747523698e-01 -4.056242786832102154e-01 1.030545647395611830e+00 -1.016991230376661504e+00 6.281929108447842358e-01 -2.870222658278971939e-01 -7.147962576052148131e-01 -2.526829772870667346e-01 -1.062355978328715311e+00 -6.429809477877960200e-01 1.602581209147521946e-01 3.309071141276470063e-01 5.213735727750906657e-01 1.114597190222834655e+00 3.954855668357920018e-01 2.626993577928709578e-01 -1.086820335247299235e-01 1.242315557771076717e+00 6.530886820191668107e-01 -5.856434974122605164e-01 -4.241285668303767520e-01 -2.284904518719508004e-01 9.272575110794509801e-01 1.459343727265152539e-02 -4.577808652694551617e-01 -2.998356987307878030e-01 -8.214387994063541143e-01 1.180236212814987695e+00 -5.125330246942947365e-01 -3.588515149022062922e-01 1.135064251875128161e+00 9.017968470109887225e-01 2.443914026449623411e-01 6.660120870505652491e-01 1.675742864480824990e+00 -3.785399926638193802e-01 1.747399952194351069e+00 5.522847291114456603e-01 -6.419237705605439492e-01 1.265625493799275469e+00 3.318635616155924395e-01 7.819062896742523527e-01 2.429879060203648855e+00 -1.754809006809119998e+00 1.097144061002146287e-01
-1.101766554947815946e+00 1.021116402563743808e+00 -8.609103825814172495e-02 8.396925269474528886e-01 -1.191593480392595383e+00 -5.977240349561250277e-01 -1.146363673234779501e+00 2.596144718588027644e-01 4.493907498825513436e-01 -1.277361433378435107e+00 3.495553330763872535e-01 -7.531298541329993768e-01 2.147485481234607738e-02 5.968062117269152811e-01 5.768146416325138359e-01 -3.245135989100880192e-01 -1.839910415730614257e-01 1.704238479577394827e+00 8.893774033137819002e-01 -1.322101910311438866e+00 9.663111874396047574e-01 -1.938313469508284204e+00 2.307469960112903673e-01 -1.841269876411126161e+00 -2.135325465745046447e+00 2.124065170812911851e-01 -1.178543099329948246e-01 5.933146139177740697e-01 7.892274503669902685e-01 1.374403983721165790e-01 -1.457072161794636056e+00 -6.423730135712213407e-01 8.420647712909850036e-01 3.086666965593820033e-01 9.586621071282087625e-01 -1.626428975626472484e+00 9.469607283334494641e-01 -1.536512831576609006e+00 1.207958597800012468e+00 -2.235938636527170065e+00 -5.728384359366358591e-01 -7.253362398689703339e-01 8.032898140317255020e-01 1.725271273279629813e+00 -2.131393869801049945e+00 4.522914904510071943e-01 -2.751390584709575982e-01 -4.610422402989723389e-01
1.612010853048018610e+00 1.274978307199766236e+00 -6.773147953403935162e-01 6.202944659391875781e-01 7.755948766820504048e-01 4.005837355994247839e-01 1.586592347965385674e-01 1.087585811015202353e+00 -2.153166837432396452e-01 2.135279269379345701e-01 2.355637687984253048e-01 5.118993873962997265e-02 -1.420862160303719035e+00 -1.290387582378306419e+00 -3.489137643648609899e-01 -4.033833399383173202e-01 4.793889460259376789e-01 -3.446630944504360250e-01 1.830638487961998850e-01 6.946835939455576758e-01 9.451702862130272331e-01 1.088633731169022845e+00 6.219380804477412372e-01 2.217133657416826331e+00 3.184948751493629077e-02 5.912073066492277151e-01 -6.188592664949160715e-01 2.243842618590549676e-01 -6.200325807819679902e-01 -4.290396784197000879e-01 -1.029258203612642975e+00 -3.775662071545412418e-02 -8.807800638861473796e-01 3.177398063310534759e-01 -6.300144032871204391e-01 1.195067160684315288e+00 7.345228902443233787e-01 1.802583472218157512e+00 1.195725778703723874e+00 -9.207562698176010585e-01 -1.692384963510937534e-01 -3.090301628616008767e+00 1.067603492189510561e+00 1.580498842077361799e+00 -8.182880910180698741e-01 4.008557208410834516e-01 8.698650936887554197e-01 -8.588528983069678713e-01
-1.202715762449185766e+00 5.609728785332908085e-01 -9.427337303306320138e-01 -5.543028007352339692e-01 -1.144537129496870254e+00 1.214421605606777810e+00 7.289755782329879752e-01 -5.771705671913476277e-01 -9.423663008924660148e-03 1.148024636516089547e-01 -1.625230630333317938e+00 -2.122076356227020066e-01 5.595934899293417836e-02 -4.001820590580797976e-01 9.916587250228729999e-01 8.138421278119591928e-01 -1.192573173098059464e-01 -7.186357091260817676e-01 -4.753884629251463045e-01 -4.800866468870810810e-01 1.379261735814453882e+00 -1.246192304686600250e-01 1.977457372010086312e-01 7.888496482068391158e-01 -1.576484972744403246e+00 9.328352700010514656e-03 -5.629124145873029006e-01 -1.395393951909998931e+00 5.225551977941669257e-01 2.596893815982457415e-02 -3.199816641160986852e-01 -1.477399429932200858e+00 1.359826523598366976e-01 1.275217226261385006e+00 9.116817429579016085e-02 9.956931114796653270e-01 5.082153277528697055e-01 -3.227920550517250908e-01 -2.232754484456883903e-01 -8.022195310707511129e-02 7.521853266500103663e-01 -7.089044006213583993e-01 2.172262785996632861e-01 2.650039404119611142e+00 3.817495218321553252e-01 -4.493177701298968763e-01 -1.483208955023967546e+00 3.771046406670750528e-01
3.971717524693622603e-01 -1.246094283824570742e-01 -5.969200583140988892e-01 5.295189125338432001e-01 -1.663646003095764270e+00 -4.050738597490619042e-01 9.134005804111643423e-01 1.116667571221733740e-01 2.643496405135912219e-01 -9.181868278554632390e-01 -7.560364767158184174e-01 -1.784836063701344289e+00 6.187255037563246796e-03 -7.572110374115509357e-01 -1.532548781853361408e+00 -1.406031446515649597e+00 2.822262149157817035e-01 2.029983330015729504e+00 5.036899642612973071e-01 7.753244664887556370e-01 -8.732684253323901025e-02 3.595154851352651559e-01 1.177106288185997718e+00 -3.461827070764540992e-01 1.837740356999276459e-01 -1.120774848644725319e+00 3.405037179886355458e-01 8.481256767636801142e-01 5.806079510610797634e-01 -1.319668966258308318e+00 -2.245575864284798384e-01 -6.654860632021720734e-01 7.523159487484379904e-01 -4.856045382285477663e-01 1.656863356661168796e+00 -1.443795999394453577e+00 1.023975361872973971e-01 -1.231726011794958831e-01 -1.895048523988323574e-01 1.277956137180479956e+00 -1.588674688811071156e-01 1.775803615363870325e+00 9.339436798514242355e-01 -2.481187096113041113e-01 -1.223674347040654586e+00 -1.397637949123669010e+00 -3.964144795298568669e-01 1.277846914010478674e+00
3.795782270700474026e-01 -2.184911084461512054e+00 8.989263833074060406e-01 -7.086497347076793352e-01 -2.307163131944651169e-01 -9.166747223127449384e-01 -5.729263042923489202e-01 -5.260026326537851904e-02 -1.809847021519316534e+00 1.534261562517441613e-01 -3.352723583151682729e-01 3.300082431054672805e-01 2.292553077633387518e-02 -1.369289747138372704e+00 1.073564845230871478e+00 -1.429835772037449049e+00 -1.673828784032357353e+00 -4.148847877247679450e-01 7.512003610641075912e-01 -1.146374278710343420e-01 9.664568706867772141e-01 1.178164172355254946e+00 1.342585792744139583e+00 -2.145525270811865060e+00 4.768620334802146088e-01 -1.082384191771589704e-01 -3.826426133581561917e-01 3.740452586418752667e-01 1.343744443948647449e+00 -1.104197288468977689e-01 1.195870981846893111e+00 -9.553521104881204096e-01 1.058974496598050097e+00 1.678474576964668508e+00 -1.570513277960730703e+00 -2.274213741681681555e-01 1.571091249930917977e+00 -1.062194306438209779e+00 2.817996750089566405e-01 5.007784198567192258e-01 6.973899815526768409e-02 -3.074615525491643242e-02 9.699286553875301475e-01 4.550965304616956253e-01 -7.315429027290665243e-01 -4.014692884637181547e-01 2.624963753953222789e-01 -9.778440911534242996e-01
-1.869113107284421593e+00 1.618372616739286451e+00 -1.919162430226599436e-01 -1.463714332663834661e+00 1.920005876103031417e+00 -9.839022066596345706e-01 -4.084459511882594374e-01 -7.579905432940374499e-02 -3.120422808719723218e+00 -6.401264196486090574e-01 9.338713010198210762e-01 1.262208872758544542e+00 8.052196353888599889e-01 -2.192216580075249943e-01 -1.058600538149146786e+00 9.182206418125052894e-01 9.780278272900918557e-01 -9.884601071970146036e-01 9.423271613299224470e-01 -2.117131154078345734e+00 4.746165368819016961e-01 6.959858542102516088e-01 1.119657880478378692e-01 -7.584449596090131474e-01 -1.401801466688638031e+00 1.062003030791933034e+00 1.115682228269698095e+00 4.154293591428446231e-01 1.559110203836828301e+00 2.464438030837923677e+00 1.521565921402213695e+00 4.164520390404084504e-01 -2.215779466063326486e-01 7.336135739014591761e-02 1.535440197306227883e-01 -2.554554941585015282e+00 -5.930881437237216502e-01 1.719529434384236222e+00 -1.992459192928722089e+00 -1.319147700763057873e+00 5.903443056038406578e-01 -4.667407594709053753e-01 1.102054453974090908e-01 1.509967997396366723e-01 9.523324735810975161e-01 -3.376327248176926865e-01 -1.888070124736749289e-01 5.684922388995850007e-02
-3.421052547024273083e-01 -9.554540056241733748e-01 -9.621854723285494515e-01 -1.751584040589972080e+00 8.614402065194882718e-01 -1.285969146494255089e+00 1.387502903613164085e+00 -1.481424294491107824e-02 -8.943379249998176794e-01 4.085291431350135949e-01 2.070394455164333448e-03 -2.638652427966695413e+00 -2.117252063796541406e-01 1.002920987743727427e-01 2.238163902553325091e+00 1.079468509629631701e+00 1.133816560030517506e-01 3.399091512780288427e-01 4.307280958144439897e-01 -8.197964856020689695e-01 5.020119728089182942e-01 1.339450012542015678e+00 1.019935543687300772e+00 -1.896566832016795434e+00 -1.808224822598554882e+00 3.738252708191909246e-01 1.203666218747843963e+00 7.698309379821679510e-01 -2.802619680135670643e-01 -7.829902051982871036e-01 5.566957299399002412e-01 1.507184866052699856e+00 1.948847394543993916e+00 8.346205102180216384e-01 -1.213471837410294407e+00 -1.943197098018632163e+00 2.140049674695795601e-01 -2.066729330837233203e+00 1.145843122632586447e-01 -1.123791789671528818e-01 -7.200989819131464742e-01 -3.448130135546982888e-01 1.400348423055749469e+00 -9.434232515127870533e-01 9.924243759023329003e-01 9.925439220939619167e-01 9.490311290516884046e-01 -7.914299238370896550e-01
2.110928733663397949e+00 1.006128213160186746e+00 -1.321530641304209830e+00 -8.800472368759938435e-01 4.869094560918284520e-01 7.737064637013574275e-01 1.311682936002845024e+00 3.018789881265129815e-01 -8.700360785307921230e-01 8.960929743819172621e-01 -4.209030766358250464e-01 -2.861094767689991603e+00 1.069503221927491809e+00 -1.128923772763923417e+00 -1.641932230394576253e+00 -2.427219324285831425e-01 -4.542346453763559389e-01 1.085759770218707176e+00 -8.249092790351449933e-01 -1.190762488307897993e+00 -1.231213822188578444e+00 4.628628298137176800e-01 5.011716252700321172e-01 1.448042867514019727e-01 3.523970657399969064e-02 -4.533203922619409854e-01 3.786728803745112448e-01 3.910764301157045320e-01 1.622503458466194315e-01 3.920877105588824185e-01 1.945424481577484876e-01 -1.288485481728668613e+00 -1.542890089404205245e+00 -3.872977026106191323e-01 4.433332735413960529e-02 -1.372316928669588265e-01 4.639528178408314774e-01 -1.106627397247792244e+00 1.193841953647005072e+00 1.021545881189091176e+00 7.302042667144749144e-01 8.950868376448847807e-02 6.026557210624567951e-01 4.144201109372781522e-01 1.999900915519295497e+00 8.263818210924532837e-01 1.440508884285540414e-01 -8.952784681814374146e-01
-9.496626694811872715e-01 1.090202378135935346e+00 -4.290942581680908252e-01 1.469820981161952700e+00 -9.488737904862067918e-01 1.168339085475415651e+00 -6.495464453605365174e-01 -5.534438772759622260e-01 -1.764226207947961811e+00 -6.862969258462856548e-01 -2.162555018965984122e+00 -2.705834902589390190e-01 -7.813249124926494038e-02 4.235133046435581861e-01 2.678815817363954910e+00 2.628133930130721607e-01 -1.162285841905285055e+00 5.651010722337671544e-01 4.108815384638288548e-01 2.488248355145101232e-01 3.684234084341455051e-01 1.170564007121165928e-01 8.633801024860399131e-01 2.527854373660609055e-01 -4.809070586177093820e-01 2.250307780834211180e-01 -1.500446606074823663e-01 9.112167747451834776e-01 1.423539281588588556e+00 5.165719534562364101e-01 -5.124775713708836777e-01 -1.698416583860137941e+00 1.307597652440815050e+00 -3.800594649961622773e-01 -2.701042605127558893e+00 -1.076425298038473866e+00 4.417981250192519194e-01 -1.516803558304295141e+00 7.392064027381619606e-01 8.180100339827863776e-01 4.395716787087832755e-01 1.039090388650631303e+00 1.313938203261658666e+00 3.862380610203186015e-01 2.560553757860943302e-01 -2.518198075341471220e-01 -7.595131609813878804e-01 -3.111100199558072266e-01
-3.989380005715279509e-01 3.039547308314091367e+00 -8.108091609787893006e-01 5.081459253212301519e-01 -1.052500422542259895e-01 1.342816007913206544e+00 -7.278671914038161717e-01 1.791560547087902133e+00 -8.889560517495823655e-01 -1.980731681920650661e-02 -9.273995398150707281e-01 -1.359379800676670247e-01 -3.596311884784907098e-02 -1.044124864442122352e-01 6.670819520060552454e-01 1.196631719186938003e+00 -2.075697624071402458e+00 -4.237417475797246591e-01 -5.051147417529977535e-01 -3.629662032081575340e-01 7.490499077429157992e-01 -1.006299003384642843e+00 1.106585722170962960e+00 -2.041502124787681893e+00 3.270430659183798383e-01 -1.469858685198101478e+00 -4.793666874825897040e-01 -1.028720513419382337e-01 -1.214595007987993996e-01 -1.354240164591339779e+00 -9.512188984157240457e-01 -4.559880473753691876e-01 -2.450625152783244276e-01 3.125520012929119407e-01 1.735432076604763063e+00 -3.636941792098997289e-02 -3.260555436823482922e-01 4.319853482802207267e-01 -4.894610895821284724e-01 -1.434090265706844614e+00 -1.155513578666086394e+00 -1.291696029646957511e+00 -1.808374951674753150e+00 -9.331936490581113075e-01 -9.925334405099352567e-03 -5.121697962806527338e-01 -6.190999684934317404e-01 5.657490956319051190e-01
2.643271503129891897e+00 9.110188254578255318e-01 -7.708418131359793257e-01 -1.799268656814489331e+00 3.504624401879549156e-01 1.043250320582928686e-01 1.667966449078224001e+00 -6.578907545446889271e-01 -6.266602000006916695e-01 1.878726525995212671e-01 3.907971027357248772e-02 4.407074117274042413e-01 -4.803788291236346653e-01 1.910611826731037910e-01 -1.001713618078534651e+00 -1.746334087619746123e-01 -6.089000267368686048e-01 7.718801337553327091e-02 -2.468317019226654363e+00 -3.397175494779042793e-01 2.355919762153895203e-01 1.131079674494287896e-01 -6.002276873886660535e-01 -9.641416366661959003e-01 -7.092776285211220832e-01 9.344074578215395555e-01 5.318665270997323669e-01 -4.294626703337544593e-01 2.910844766930891780e-01 6.625259062066919391e-01 -3.203440220207136035e-01 -1.066311906453763614e+00 -3.670300300818966632e-01 9.817739314143804075e-01 6.099682107270206766e-01 1.013298234830872335e+00 1.932788137657716732e+00 -1.230530772944083556e-01 -6.062790733078765593e-01 8.408446483896606649e-01 1.015123874673461879e+00 6.220149332328046565e-01 -1.594074076477272062e+00 -1.000013161136685258e-01 8.584286901159884353e-01 -9.644316087255445646e-01 -7.127343174482186905e-01 2.367999936924848892e-01
5.283862361715908618e-01 5.636940430154215864e-01 -3.087069515451304480e-01 7.754831971662870527e-02 -1.263112590735793739e-01 1.016001302913808857e+00 1.507284407142494009e-01 -7.249381857837997045e-02 4.878509058114320895e-01 -1.710281964705984370e+00 -8.251799702060335084e-01 3.942440566319218020e-01 -8.432905666144717705e-01 4.917572206733812346e-01 3.524965948476775357e-01 6.444113720252290234e-01 -5.454608783188804599e-01 -2.208368685607022819e+00 1.678716507018257198e-01 -1.169561320479046707e+00 -1.925017179607463047e-01 8.332836442679961708e-01 -4.313069549339506037e-01 -2.842821612582319357e+00 1.907425291156242819e+00 1.708139393573281151e+00 -9.249311579223064017e-01 -9.786872033291933448e-01 8.523960015203784213e-01 -8.224500563595589231e-01 -6.029158469224841221e-01 -1.764708360128285580e+00 2.898351429998419215e-02 -1.054729044105672114e-01 1.877939902746598166e+00 -1.746166243216835445e+00 2.246805674345857262e-01 -6.477624722025222548e-01 6.346456826341224655e-01 -1.430600983734309661e+00 -1.786501708626043294e+00 -8.197427422632923566e-01 -8.778321614514794646e-01 2.748021753463390088e-02 5.201309260626875153e-01 5.049561534262441143e-01 -7.776160108549607930e-01 -2.359567813852710416e-01
6.820703115384146864e-01 -5.175969056284999148e-01 -8.016739073517411551e-01 8.825484915717135559e-01 7.745588263286308228e-01 8.331009406142454443e-01 7.797311754571804032e-01 -1.556154478126019480e-01 9.695455657729501464e-02 1.307438828973606304e+00 5.470181637889435372e-02 8.306345537328119200e-01 -2.094440178526496832e-01 -2.180401222804821515e+00 1.864426587239257582e+00 1.338325069414597335e-01 4.493453438805079525e-01 2.039234996002830258e-01 5.012619616073094031e-01 -5.686762296852556631e-01 1.251471500913420520e+00 -4.196040905337961591e-01 -6.560884272657454552e-01 -1.630334081308379979e+00 -2.032632015140478643e+00 -9.460624933170165285e-01 -5.600170915538755789e-01 -8.946678769077200111e-02 -1.126815320666022968e+00 -1.756957005753826850e+00 -7.979365814385847022e-02 1.519098719803876119e+00 -7.384196724404310519e-01 3.413418631866949937e+00 5.475202950055306772e-01 -4.875935675076687459e-01 1.077722118074942781e+00 5.268860862322156668e-01 -1.020711574072227457e+00 6.472630651378589173e-01 8.749593559231847451e-01 -9.303325238572696110e-01 -1.877960813533151863e-01 -4.226417663060385577e-01 -1.325994913550065379e-01 -1.035403808802653813e+00 4.369336942946237534e-01 -1.675673160912835025e-01
1.498482025634681580e+00 -4.912551380735203366e-01 8.341487518673250667e-01 -3.372019336600536654e+00 1.344819500117366173e+00 4.408881548189504951e-01 -1.057505780472471013e+00 1.076858178029873159e+00 1.047954827163786629e+00 2.371008248557362474e+00 8.257686648619417813e-01 -1.210632994821478903e+00 1.185159167382697110e+00 8.459254100199653514e-01 5.323542641496142869e-01 -1.509861384853509847e+00 8.265713173665426572e-01 5.581422023842316227e-01 -5.513710694036532134e-01 -5.396544658142367057e-01 1.008161844078174996e+00 2.792578025362516536e-01 -7.516639028451178872e-02 -1.715286528957696399e+00 -1.218094082960999636e+00 -1.265208018124420297e+00 -1.592865303331455262e+00 -2.649216878298555344e-01 -1.838677585220298338e+00 1.053666022046623629e+00 -2.623467017281243541e-01 -5.886249901246728977e-02 -2.186401859614589549e-01 9.536314520257354044e-01 -1.456096927426161702e+00 5.315161708064719548e-02 -3.881863185243937808e-01 9.296673059154058061e-01 -4.550398350897600919e-01 -4.857390572576301135e-01 6.591129313950461199e-01 -4.884961556932293503e-01 -6.848216679130912921e-01 -4.731380677239457877e-01 1.043551616116062508e+00 1.686869500414253986e+00 -6.926152269463752287e-01 1.083786578482035523e+00
9.476513446596169787e-01 -8.076819703877442524e-01 5.609812521009088782e-01 -5.951535285989522084e-01 1.514728219547542665e+00 -2.091012633727690195e-01 -5.623723450723088213e-01 2.274746931282465856e-01 -6.673403366274308635e-01 -3.162235244515324700e-02 1.582951007890073702e+00 -6.626083415202985716e-01 -3.034816376424193662e-01 6.964439877885481023e-02 3.755198676047718509e-01 -2.841246361089120875e-01 -9.844108366028234691e-01 1.104981368164144745e-01 -5.588417914787957574e-01 1.349842958577325058e+00 -1.788780622896633199e+00 -8.364005648090836464e-01 -1.731256780179510679e+00 -1.185204106818857461e+00 5.903952679402465487e-01 3.379441207779403378e-01 -1.139628545586840014e+00 -1.104055348913370871e+00 1.696776608167761324e+00 -5.241041866216462897e-02 2.170221467922826830e-01 -4.119497832248378288e-01 -1.661416577791779425e-01 -6.207995054184801687e-01 -2.334136568755657670e+00 5.243584100607554532e-01 8.415685912982516781e-01 -6.155417396021609644e-01 1.555313592739625772e+00 2.006266239858451872e-01 3.972753718034542636e-02 -9.553727398439697260e-02 -4.388650214176439968e-01 -1.899558970772256133e-02 -9.914083816603057597e-01 1.745797041990149845e+00 -1.886169121000485616e+00 1.056241670280357037e-01
-2.825823787116834573e-01 -6.278851297906246770e-03 8.224769097739847989e-01 1.293011507788328351e-01 1.231904350305750739e+00 6.729146047945906428e-01 -6.444797937458606185e-01 -7.806161013363939194e-01 1.432741956811179052e-01 7.614914927698621661e-01 -9.999968485772084414e-02 -8.537168695231583948e-01 9.154300667030182970e-01 -4.330019081769109213e-01 -1.518854258213455655e-01 1.818988713902582322e-01 1.208114340526472263e+00 -1.666290260351394270e+00 -4.671081765347695480e-01 6.304405045858060275e-01 3.636406564908734040e-01 1.671214682686028574e-01 3.656140307203684103e-02 -7.268018214849290004e-01 2.424297519385852917e-01 -2.581287558229066637e+00 -2.571569289846629691e-01 -6.917269527836209519e-01 -1.653916340310127575e+00 1.123262170365386947e-01 1.001406054496307929e+00 -7.486791087827351365e-01 -7.050665070227786213e-01 1.327429728464446790e-01 -1.122275301432370975e+00 3.934675977742950748e-01 -1.094255821825697250e+00 -2.237929355353519834e-02 -3.173371604691428427e-01 -2.483288789892629911e+00 3.848822615788630719e-01 -1.271062986514046034e-01 -5.877521816544712951e-01 -6.716361301411091222e-01 -7.446984523885888940e-01 -4.201367231721409023e-01 -7.846912687400078301e-01 -9.690155368867375829e-01
5.607204728260136717e-01 -1.083506573830841646e-01 3.105870909945374625e-01 -1.370897334025086733e+00 2.535367933057147471e+00 7.670850940507962790e-01 1.277996216138549856e+00 -1.141265395509817454e-01 -1.226583622047753730e+00 1.155540450041143141e-01 -3.388623046143334205e-01 6.610018462471387579e-01 1.532552955835498332e-01 -4.582585097044759581e-01 8.557155232804071199e-01 -7.944935764057500238e-01 8.618977964210565723e-01 1.953696676654712305e-01 -1.412965896489686735e+00 5.706352732672664851e-02 2.748624095272954815e+00 6.175697665848293161e-01 2.633503038814133945e-01 -1.586783840200317375e+00 -5.839395680057631044e-02 1.775287108376250034e+00 -1.376392551250919860e+00 -4.848130523153040827e-02 1.327440043794380908e-01 -1.061816603699138328e+00 -7.866542693651470408e-01 2.343127081470810502e+00 -2.714944589136237818e-01 -5.751660460057551605e-01 2.656709672394002575e-01 8.470218126774841094e-01 -1.140607115352813894e+00 -9.163069753541269735e-01 2.309703453482388202e-01 1.466926917575936296e+00 8.994734385540582577e-01 9.677623632078352633e-01 7.207520257065038738e-01 6.895186533060616574e-01 5.000442539951502896e-01 1.587763986794079152e+00 -8.853889440592166427e-02 -1.535722980403762539e-01
-3.629954170683019066e-01 -9.314399576699200489e-01 1.188104031975356190e+00 -2.925072571562582421e-02 1.480151310440095624e+00 -9.097261021150303550e-01 -8.144095211070329077e-01 -1.737943925622188024e+00 -1.107375904440062453e-01 2.279367202257423397e+00 -3.205302756814075948e+00 1.261808384013402839e-01 -8.372651084846079172e-02 -9.405916733543638886e-01 1.362872324983873673e+00 4.234410244661541978e-02 5.556428284434083986e-01 -3.551195305724632600e-01 -1.107950206184135089e+00 -5.170087627048575163e-01 -1.178702463696014169e-01 1.154053895224250309e-01 3.776363225753308628e-01 -3.953856549547369315e-01 -7.656801322061068671e-01 -1.197010259683240152e+00 -1.524163193083901913e+00 -9.626455504931724638e-01 -1.827943843819817768e-02 -4.660237947504465850e-01 -8.385246605633257522e-01 -7.398383126820992084e-01 -2.342261616905201738e+00 -7.555050582320687047e-01 -1.487466112180934941e+00 -2.767258999492784310e-01 -6.367084252663567367e-01 -1.198524355215746517e+00 1.547295654816628341e+00 5.967508652462296670e-01 -1.124036252997378194e+00 3.985670159890390418e-01 -1.828543130875760481e+00 -9.039817936168802470e-01 -3.019425508867901176e-01 4.894412661536067660e-02 9.283709971775203629e-01 6.369495087545599121e-01
-6.445908570827100226e-01 -8.034851690729544194e-01 1.300672086619452772e+00 -1.188043815495076344e-01 2.463139330298574348e-01 1.233245277212234203e+00 5.152682999793957441e-02 8.779938352189996520e-01 -6.638756822238779387e-01 4.528423756790906918e-01 -1.441277189361530375e+00 1.311923993175268255e-01 8.089652272141227840e-01 2.229106606003767588e-01 -3.209978549806744574e-01 -9.196532988683617793e-01 -4.301657113777674346e-01 -2.803864958770358462e-01 -1.096466637128466148e+00 -4.514175681254931072e-01 -4.610025226674641097e-01 1.102113748160422624e-01 -2.089460396333920666e+00 2.351899492159643668e+00 7.978686580007572637e-02 -1.736495465471259658e+00 -1.109429620124864069e-01 -5.960656534334359824e-01 -1.073767377611474227e+00 1.296232964948333510e+00 9.374573564328595454e-01 9.337450824944160122e-02 1.062620218182359771e-01 2.991533007743862882e-01 -2.441637898234174209e+00 9.499241707806233004e-01 -1.882064239118498017e-01 -8.522589832732003767e-01 -3.388424688411566521e-01 -9.479297759166946946e-01 -6.406850996496781248e-01 5.113584435498914615e-01 -9.443586399238882434e-01 -1.206291946727090725e+00 -1.495779936103532881e+00 7.578736804846202268e-01 1.169728018539331504e+00 -8.769698648956472664e-02
2.303028168873753057e-01 -1.170895574306709985e+00 3.873213595990911973e-01 -2.191496223647766972e-01 1.318941626532030620e+00 1.782625156611237216e-01 -1.840236796760694071e+00 4.071504269253796715e-01 -7.291890622269134870e-01 8.923635279553976396e-01 -2.891478002568432237e-01 -9.603585019631488695e-01 1.520312001666118684e+00 -1.898736471363980938e+00 9.616431930558198837e-02 1.858812759532244785e+00 7.099414093563130024e-01 4.345275487685130722e-01 -1.401567064677550767e-01 -7.033362918837817723e-01 7.825262658335214727e-01 -4.509226623669012057e-01 -2.060378921482011461e-01 1.039102103422006929e+00 2.801895028849528124e-01 5.040515251507671213e-01 -4.104369858344676936e-01 -1.118711627170833500e+00 5.452331364802988078e-01 -1.350430845898914212e-01 5.883155671266643294e-01 -3.199998316139386900e-01 1.151062260763265011e+00 4.225821373214345700e-01 -1.737752725713583857e+00 -1.000918670333830862e+00 2.174761174652318996e+00 -9.947629422355043216e-01 -1.140899793489756897e+00 2.671966493004025445e+00 -7.538607934489994777e-01 -2.083236569622696432e+00 2.075647259617119655e-01 -3.062833794312985525e+00 -8.585311710256059436e-01 1.719495022364508907e+00 3.144640411688410242e-01 -1.561578564882135367e-01
1.028149694144361082e+00 -4.289972676256122996e-01 -3.979868357177607230e-01 -8.495459837630296995e-01 2.217155844697543010e+00 7.744278281211091075e-01 -1.527912033274499537e+00 -1.075259163573088816e+00 2.242409767658542774e-01 1.041928867663935998e+00 -8.713977021103335163e-01 1.132005150004914196e+00 4.706022396732156832e-01 -6.829838115124815534e-01 8.831910180376626451e-01 -1.149911464863352939e-01 -7.334217867838110916e-01 2.109884556317377147e+00 -9.827596554150439534e-01 7.568678005856853686e-01 4.732823187933354880e-02 -6.104066126416870380e-02 -1.574356244147098738e-02 1.027887875917671501e+00 -1.960498603801463346e+00 1.123602137233567222e-01 -2.431898134800007494e+00 -1.317489525937924622e-01 -7.901144054963057384e-01 2.202974507899301049e+00 8.414428682904421253e-01 -5.260809734855940167e-01 1.234604277490357394e+00 -8.056397617970476599e-01 2.249639306923228999e-01 1.596055412635432491e+00 -1.110714135415373338e+00 9.180356774021914967e-01 9.264271596231162809e-01 1.442555772553723470e+00 -2.940577626602838279e-01 -1.154968771986624620e+00 -2.351044633605335887e-01 6.651264861342660595e-01 -2.133071274035303944e+00 1.729152974119729236e-01 1.714805952931691246e+00 -8.339970403076002459e-01
-5.910617699773855760e-01 8.818437670572366605e-01 9.448293673086709532e-01 -1.301962373260357353e+00 4.933290096560956073e-01 7.532317975040835334e-01 -1.284330314320322464e-01 -5.969355711521567853e-01 -4.159904736578692308e-01 -2.541976418640797264e-01 -3.399470297313353373e-01 5.001199705439369758e-01 4.070753782455369119e-01 -1.435121739571872501e+00 -3.839045424232555570e-01 6.921834085945982595e-01 1.332753039541095808e+00 2.012665774873905189e-01 -5.203693908115687439e-01 1.878263707853683184e-01 -1.889005058564302286e-01 -5.685505907046576324e-01 -1.978282731536732120e-01 -8.315590367298598962e-02 -1.754163776449396139e-01 -3.417451580306191811e-02 -2.139949253603381507e-01 -1.165426956574934003e+00 -7.755700787362466153e-01 1.469761732429404055e-01 4.852236644605242843e-01 1.326531312064929136e+00 1.193938323323493256e+00 -1.420601477883758346e-01 -1.970086084995065906e-02 -9.570291073943788529e-01 6.719709850395929607e-01 6.271790254087880045e-01 1.387729880557163842e+00 -1.174957573383494713e+00 1.009624537302426850e+00 6.213609580755300454e-01 -3.322097402727804960e-01 4.606346286912963439e-01 -4.750504431598109312e-01 5.654854682152619938e-02 -1.975390631839672784e+00 -1.842953526305048384e-01
-2.188802266868560553e-01 1.721530882024317366e+00 -2.614211868011040996e-01 8.675307640692748734e-01 3.342405428839474446e+00 2.719521695210653789e-01 -7.091354495126549196e-02 3.904507995299263401e-01 1.347550062789098169e+00 1.935513920432186508e+00 3.735644913248727800e-02 -1.440522449782837944e+00 -6.982082611846250897e-01 -1.545117982538048995e+00 1.618808845745443481e+00 -1.483436714753374908e+00 4.362517577466787921e-01 -7.618462468950389921e-01 1.081430542793927890e-01 -6.281282793515853280e-01 -6.134819693142635755e-01 1.753424587048413308e-01 -7.829132812875650993e-01 7.983935047892306569e-01 -5.526762108433789233e-01 -1.681208986467221278e+00 7.589377408158439753e-01 5.235077665385621248e-01 -1.538146811321423391e+00 2.896693895826332743e-02 5.284396506143234085e-01 1.009771433892926673e+00 -3.890335879727240820e-01 -5.965353836002790233e-01 -1.182798547415831597e-01 -5.649289817000332503e-01 -9.409311332807640538e-01 7.575004911118631279e-01 8.965525205234258221e-01 -9.956309406221379721e-01 8.928945048328950085e-01 1.713030268350307084e-01 7.913327193148678163e-01 -4.615529660016388092e-01 -1.938189545555994764e+00 -7.224635630297679967e-01 3.148728091413445229e-01 3.777641805053998936e-01
-1.167913935946418222e-02 2.715484930648229822e-01 1.404057074471580346e+00 -9.972926502946485305e-01 1.844105266993241399e+00 -1.317864475495200915e+00 -9.778272620371938340e-01 8.711613671393148017e-01 3.229755395148258823e-01 -2.342665317181118034e+00 -4.594818799960451727e-01 8.074108154976479546e-02 -9.244833138038278664e-01 1.445233429997640373e+00 6.155143890797082351e-01 -3.076937002380535358e-01 -2.286742513297200796e-01 1.521392120235585566e+00 -1.587518743923192366e+00 -1.284739661216731443e+00 -3.424963034359144176e-01 -7.547997177123493273e-01 -4.743688516458906268e-02 -1.115021509176497450e+00 -2.571255430307389234e-01 3.133042653251347787e-01 1.161019355853988438e-01 -2.726992636918743745e-02 1.134980050120451223e+00 6.045835306398209541e-01 -4.037318931828051127e-01 -2.489362273948132753e-01 -1.399250637556499921e+00 -1.330203810085128502e-01 4.196815350256628829e-02 -9.107985069260090549e-01 -7.327700076405316287e-02 -4.206640672662987149e-03 9.877224071246135106e-02 -1.155135194070687321e+00 7.518466434776093221e-01 -4.624649749308027968e-01 -5.294107135320623714e-01 1.103434126259637660e+00 2.530414113466580961e+00 5.704908835723114802e-01 2.554750595024610771e+00 -2.701119890927527328e-02
-3.545027192081385836e-01 2.657097505699829165e-01 1.141736895147868358e+00 7.058809270688398696e-01 3.608416701270060756e-01 -1.380490859377369928e+00 4.291869492406310410e-02 5.369927214744332211e-01 -3.057203315530502077e-02 3.634941807312527806e-01 4.618981765124512973e-01 -3.888224632457076835e-01 -1.259595415835317311e+00 7.733777839406899002e-01 6.164979427570904669e-01 2.420446552743394930e-01 -7.464779736823780043e-01 1.104686343727748099e+00 4.109555183178976168e-01 2.749029680504055384e-01 -6.852903323316167361e-01 1.456687563817916864e+00 -9.418773008651293299e-01 6.574228754700677246e-01 -9.648217304476662814e-01 -1.974913179909317321e-02 8.146626116031883136e-01 1.972675075930676591e-01 -2.019523530211111417e+00 4.739801456104498767e-01 -4.149600010430314345e-01 -6.002908597333426327e-02 1.014207358816497040e+00 -1.404238117266694230e+00 -3.581174576009125282e-02 -3.741474208497662657e-01 -9.303965692320600445e-01 7.845461783354150676e-01 -4.071985464206992478e-01 -4.885584543156509807e-02 -2.557320945425505254e-01 -5.088693988493757647e-01 3.441619133874765368e-01 1.682017362868411192e+00 7.927698006732758484e-01 1.431872676880657114e+00 -2.882589915172731332e-01 -1.964636337234269003e+00
2.905641288956059554e-01 1.631007000672345456e-02 5.481634906119544626e-01 -5.504460825687840231e-01 7.708391183189565732e-01 2.527076035843016100e-01 8.836359380285032650e-01 5.228900940590295310e-01 -2.406167929421044516e+00 -1.056403480288573560e+00 -6.409872693155783674e-01 1.653369304280209728e-02 -8.915011232334685287e-01 -1.817870210078806892e+00 -8.472477115821952509e-01 -1.938916538413328894e+00 4.895095630147029975e-01 5.492301047628226351e-01 -4.256137193991461065e-01 -6.529943901600222533e-01 1.172184737003914012e+00 2.100155342427912908e-01 5.948871983758544091e-02 -4.284221228114170610e-01 -2.727699277475805206e-01 1.675234409759905063e-01 8.291042865824777008e-01 9.621529303223109730e-01 -4.713878713434429546e-01 -1.282330858438904264e-01 -1.547970388944242659e+00 -5.145698760593242493e-01 -1.662796165077547128e+00 1.113540728857896206e-01 -1.214636826016688431e-01 -9.960327473531864761e-01 3.324216490032745885e-01 6.777466912780559793e-01 4.983338986662469994e-01 -4.623388583073972935e-01 -1.251329768013743182e+00 1.028306307500037153e+00 6.847626770555766129e-02 9.659994529977345978e-01 -9.953167378422097533e-01 1.902597040409971518e-02 5.921269113794236372e-01 3.979464640900329253e-01
-2.438506449829732359e-01 5.006265429382049659e-01 1.631605090439690667e-02 3.418094442189322790e-01 -5.463327602232809221e-01 -1.819057712772857160e-01 1.274364744730015486e+00 2.281906621704209437e-01 1.024584158703054415e+00 -2.781751583555100549e+00 1.602453808809027325e-01 -2.165373758947187088e+00 -4.379484633372088820e-01 -1.095077916446808436e-01 -3.730187522173609715e-01 -7.754291795420015232e-01 -4.528114970544187545e-01 -3.182823592645479538e-01 -3.392914796464964744e-01 -3.039036965311949778e-01 6.417379322640061057e-01 5.297804803836491105e-01 6.915908633391745219e-01 6.116839371063482744e-01 4.021327325462107916e-01 -8.040668934793002709e-01 4.166930619214712778e-02 1.267529309457762210e+00 5.380059054004319163e-01 -2.483593603267068850e-02 1.925222364891678861e-01 -2.366844702303459780e+00 6.992274100313060625e-01 -3.786518655025200020e-01 7.402558418636797644e-01 3.554144059177211101e-01 -5.850818217008768585e-01 6.229763281575123601e-01 -6.916516495475688586e-01 -1.545680874952794381e+00 -1.692508120311885800e-01 -1.365234826902825604e+00 2.119060604920222524e+00 -1.355554220790045505e+00 2.067554268767456183e+00 1.594319282467645538e+00 -8.953417137496737510e-01 -1.225844069243555712e+00
-1.160371580066433594e+00 5.098602087296822960e-01 7.556654629427762560e-01 2.084450390548357124e+00 -1.313729035083205099e-01 -2.652806401119444102e-01 6.874912010236171600e-01 1.607083627771651035e-01 -6.299559990516203634e-01 1.208709546913028093e-01 -8.298888573687758230e-01 1.121521442762597243e+00 5.615234962577296540e-02 -2.730700397063161658e-02 1.412065185596927064e+00 -4.480214008915869850e-01 -1.394525150553403536e+00 1.113557552456797994e+00 -5.783115840574913902e-01 1.630529722677662940e+00 2.155728923915850581e-01 -1.242016036303070114e+00 -1.710423457277902681e+00 -1.899268380861143801e-01 1.032617314801598379e-01 1.445596642605993187e+00 -1.106117037598280506e+00 -6.627312391546006376e-01 6.753813882040999861e-01 -3.507769084932174652e-01 -9.735792480000859950e-01 -1.534441224307995455e+00 7.023234929844895946e-01 6.446910558104773648e-01 -1.378247159745605410e+00 1.203705142826495128e-01 -6.852583584026089580e-01 3.501887198202091045e-01 -3.699183552347703463e-01 1.906852100417475881e+00 1.671385104539010458e+00 1.924777000935952387e+00 6.807994873635841993e-01 1.507245830492782934e+00 -1.208975265438870690e-02 5.429140728266077520e-01 -3.592177863858291853e-01 -4.888446093797823022e-01
2.269741958821464012e-01 -4.698352444170819653e-01 -8.304537498625023939e-02 -1.110978830913738946e+00 9.706611930169573715e-03 -1.289502217817270813e+00 -1.114502609360957935e-01 3.063938273298481008e-01 7.314710589950578212e-01 -1.064624430850404035e+00 1.254939356046438137e+00 -6.763787737517414911e-01 -2.284055983556206648e+00 2.337646460179641228e-01 -8.482009232259993814e-01 1.881568783989031379e+00 -2.084543783977204967e+00 9.512888572803892551e-01 -1.566984996546578968e+00 1.749150430560704406e+00 -3.424021150648110662e-02 3.211451810097127879e-01 -7.630138261465561067e-01 7.950379217775515039e-01 1.162180052879560332e-01 1.502749643381145139e+00 1.118247815517124932e+00 1.852843479098396084e+00 1.949562935858682178e-01 4.593128102860855044e-02 -1.068393168864741449e+00 -7.984475811642950394e-01 -3.227800328568455335e-01 -1.727036978397557432e+00 1.308082944876099718e-01 -2.238488298884876992e-01 -9.679089974236075589e-02 1.971381482681755948e+00 -5.691780525479102071e-01 -1.589880259098618076e+00 -3.808575752911932399e-01 -4.407810777867327556e-01 -1.381954713691856629e+00 -4.038841802364588340e-01 -2.720379669915017895e-01 1.210656311471998148e-01 1.594081052867307058e+00 -1.928305172770927722e-01
-5.677561739321437262e-01 9.331459873770139857e-02 -1.326052955132495770e+00 2.083919015694384758e+00 -8.676421609448374817e-01 8.248013627746637599e-01 -3.244432816883001669e-01 -8.922996509578214885e-01 -8.270136334005847578e-01 2.860769869438426483e-01 -5.747893473243709250e-01 -9.688739855457125794e-01 -4.613707209962097378e-01 4.294058960015091353e-01 -9.610281571397376599e-01 -5.996058001939409410e-01 6.119029613086319763e-01 9.590351590565637796e-02 -1.018703604413623731e+00 -7.801734145462392300e-01 -1.286957044979615716e+00 4.066560212730637169e-01 3.802671569389524664e-01 1.746982791287788883e+00 4.297505550845071021e-01 6.557007495240918526e-01 4.270801491942077810e-01 -4.998047208536753883e-01 2.920452243381043700e-01 5.722995929995635667e-01 3.160834294368524144e-01 -6.651523867235160925e-02 -1.018949458875223923e+00 -7.934567658386456473e-03 -1.992598077327366601e+00 -1.058673047191517558e+00 2.465613855845778246e-01 3.580363542648695163e-01 -2.748116509403011332e-01 -2.412411252335210088e-01 -5.499528062586079846e-01 -1.182035636664338307e+00 4.302924973597002101e-01 2.134110911403388766e-01 -1.432063949905737044e+00 2.307348181707126189e-01 1.176516826511017355e-01 -1.562415219574342373e+00
5.712617876289665109e-01 -1.814601378760904160e-01 -2.263220241331340699e+00 -8.195966835569367115e-01 -1.522155033562255788e+00 -4.944163476235987620e-01 -4.300091218238943219e-02 -1.031210452369722086e+00 5.275664394592810558e-01 3.385693328458856399e-01 5.019802272083215278e-02 7.168607211050732619e-01 -1.113499296088578117e+00 1.100602063460976998e+00 2.644756648274222854e+00 3.905718315958807141e-01 -9.550865225452964680e-01 1.157196642040341450e+00 -6.603047004462349046e-01 9.156738981935859112e-01 1.477958484639533943e+00 -7.719767574046628722e-01 6.290974052428143226e-01 -1.186825377127986192e+00 2.404727797806938960e-01 -1.383902918119562786e-01 -9.734878955975926340e-01 -4.380554328357527671e-01 2.178209760810079498e-01 1.552446380731819398e+00 1.760312046374874206e-01 -1.006556139677263095e+00 1.935408975679923926e-01 -8.708464393994307384e-01 -3.376835566664436183e-01 1.136326287355318820e+00 1.608079122906171665e-01 2.952034595426999419e-01 -7.640626644794247246e-01 -1.595952589736920890e-01 3.327126951323313708e-01 6.913917863076595172e-01 -1.047706684895540086e+00 2.221033178987260825e+00 6.434076306594538330e-01 -5.641257334582121530e-01 -3.723225273240728106e-02 -8.117048010729093210e-01
3.462046945745085869e-01 -1.153083504017876348e-01 -6.280854166963959484e-01 -4.095140648668991745e-01 1.528358849594755320e+00 -3.797111161779751498e-01 2.485136805255377668e-01 9.338953551596154146e-01 -1.387700784456358694e+00 1.010166425946065649e+00 -3.247932011559071519e-01 1.174111546362314185e+00 1.181824778734828163e+00 5.319895255646336363e-01 4.435362875272432226e-01 7.633304820156086024e-01 -2.066997825589898807e-01 -3.131365351981674761e-01 3.591144510789021083e-01 1.829221731853019506e+00 5.389101933231245090e-01 1.199590537770964138e+00 2.350552886990927293e-01 -1.911203805651657373e+00 -1.255135046255622555e+00 6.000621615628728284e-02 6.443548999501167440e-01 1.776372559772950055e+00 5.363872383719358039e-01 -1.408618784154391568e+00 -8.966405968840103213e-01 -9.712481597715284520e-01 -3.568371698200635822e-01 -5.632165988811197455e-01 2.233572822336929997e-01 -2.584100576606548128e+00 -4.623661564182878769e-01 8.552432966191555463e-01 -9.647595419857525334e-01 5.798931244455619582e-01 -2.122813340426423334e+00 1.405389892269806484e+00 1.200552394028033598e+00 -1.128404168729114421e+00 -4.058131297234080503e-01 1.824382611991208991e+00 1.080625552956314683e+00 6.526314391179042218e-01
-2.341171052390225160e-01 2.246664882267665475e-01 -4.071220061664515555e-01 8.824795600689869235e-02 -1.740797977894014414e-01 -2.323011948358804091e+00 1.254083463397015041e+00 1.283404107171469910e+00 7.352186392839757945e-01 -1.066424252029913644e+00 -2.964142540181488261e+00 -1.317612286752737116e+00 -1.684760086898557274e+00 1.104242934843697066e+00 -1.074705334213545749e+00 9.753745702493902270e-01 1.029614754217332173e+00 -1.195889080436557395e+00 5.582846471323135162e-01 -2.333358080757430564e+00 -1.027468180706941014e+00 1.093012661791227663e-01 1.528900126409050486e+00 1.710371985664456140e+00 -8.021097577490453601e-01 -1.838512206702753171e-01 2.472187641724348794e-01 3.774266027074201779e-01 4.929926816331323680e-01 6.705735034595322608e-01 7.308398787483458836e-01 -7.420904921971490653e-01 5.940282673220869114e-01 -1.918751572181731202e+00 1.029256262377029607e+00 -2.015990961945097304e+00 -6.738578806963945178e-01 2.817252037856177727e-01 5.103638212251171424e-01 1.085691798360831184e+00 1.228510054724960776e+00 -1.166022871860074028e+00 1.089849471304921602e+00 1.095654164298506927e+00 4.423231479577946490e-01 5.906484150175703718e-01 -2.354720404087856878e+00 -1.856967584049017683e-01
-2.340811872377129566e-01 2.589677281097865769e-01 -1.167102485808456658e+00 8.154484204497690625e-01 6.971833749504134925e-01 7.901074001615474574e-01 3.975009063965009304e-01 -9.418665552496087445e-02 -1.332836693885918411e+00 -1.685917473492598795e+00 2.216440908878474225e+00 5.557004409957950752e-01 -8.466512809838826481e-01 2.695914374410547931e-01 -1.132672891943551141e+00 3.159771621981856682e-01 -6.709842698700099195e-01 -7.274049680150928010e-01 -7.721449258112655922e-01 -1.630410137050140873e-01 -1.044263732320318772e+00 1.932434816238235209e+00 -7.255972480732830743e-01 1.002322954736772243e+00 -1.949159593029649695e+00 -1.051935367554374556e+00 -5.747900230111361447e-02 1.377995493511521063e+00 4.774143646901419374e-02 6.844558352331107098e-01 -2.769747886727295660e-01 9.068302251966725569e-01 -5.727064556762705427e-01 2.939382487207361505e-01 1.077258782197490605e+00 6.280787012559602145e-01 1.042970980158682615e+00 -1.901467828160076756e+00 -9.819360041182192411e-01 1.156870318249929142e+00 -3.326339213729244126e-01 -1.962013455776971949e-01 -4.206503820628725854e-01 3.173408712565695122e-01 1.033640275085621202e-01 2.090413178327455324e+00 2.275261662406744823e-01 -1.187053097668252066e+00
-3.896670773056363363e-02 8.754144777295923552e-01 8.276618285673185320e-04 -1.427210288486916237e-02 1.965553531696788703e+00 -7.289851206926994953e-01 -1.660697666504780790e+00 -1.336753482297601048e+00 -2.252923725721100556e+00 -1.280570317337792918e+00 -3.506679606926980108e-01 -1.298226822979332784e+00 6.253972855654944540e-01 2.053516124195148507e+00 -4.729751935051926259e-01 -1.325476239969783698e+00 -2.443001682543764819e+00 -1.068136999341024351e+00 -1.767753215172982673e+00 4.886059908928697681e-01 1.924343599666989757e+00 -9.642633030362509627e-01 -9.830332886684262084e-02 -2.029954838076224011e+00 -5.584398100957814748e-01 -2.802519310832781718e-01 -3.090477358684308173e-01 -1.987524774003175176e+00 3.724380987618969296e-01 -3.243292578475253096e-01 2.811818950470551526e-01 7.358647673514311371e-01 -5.807742571396531384e-01 1.797972943930111756e+00 4.008596002400199865e-01 1.373213785884110250e+00 -1.621684221694086880e-01 -1.269235655405979601e+00 -1.566921411320198743e-01 -6.056858053041791479e-01 -6.215280503841146276e-01 5.242781060687637384e-02 9.872329028062259981e-01 2.813558039958500845e-01 -1.396104817297977529e+00 -1.029871623073816522e+00 2.097923290976693722e-01 -1.303913022196254712e+00
1.095035475239667377e+00 8.596691920902017614e-01 5.574678800574146553e-01 8.884517908497038263e-01 -1.539904650374179507e-01 -2.516582249130324134e-01 7.636640592840852025e-03 -8.292392872236635792e-01 -9.632490929523688239e-01 -2.035599651343860117e-01 6.758861527651498502e-01 -4.393854426676740421e-01 -1.396448381936589156e+00 -1.575430608231163543e+00 -1.544801440879248200e-01 -3.677798509764438339e-01 -1.283617469293014235e+00 -6.605373680223179667e-02 -3.714831717605274891e-02 -9.003167496019938154e-01 2.692246953671973975e-01 6.243628347664836875e-01 4.202774316152251832e-01 -9.434072106026467619e-01 -8.666784901963729970e-01 -2.013960751031243779e-01 2.578728031039724256e-01 -4.840096925319595234e-02 1.764275228046274790e+00 7.829045389808136912e-01 -9.405857163326980519e-01 8.070763411137044097e-01 -9.577971472465367508e-01 5.849318768067307550e-01 -3.320529648868171813e-01 -1.145596319894049309e+00 2.461328641195741351e-01 -2.899379639512335016e-01 8.305661301060023316e-01 5.001207418059218091e-01 2.033266291526630187e+00 1.343610349822972783e+00 6.263066049063695795e-01 -3.239059155519267152e-01 -1.578552215419296578e+00 2.652250425808633794e-01 -5.055322394653148921e-01 9.026790241149992844e-02
-6.521948243935848932e-01 9.299491242850722594e-01 2.170346876444893269e-01 -2.037826049646538351e+00 9.413098880034319604e-01 -6.261014814031257147e-01 -1.367649092245910858e-01 2.860155788529630816e-01 9.563187470999798823e-01 4.821594180618037351e-01 -1.857003911323882317e+00 -1.950358265202303043e+00 -4.960464776719196722e-01 -1.497820295625969800e-01 2.546352606397079277e-01 1.001046386214858641e+00 -1.995928829535987825e-01 -5.108063479024766984e-01 -1.124656546344088293e+00 1.250026383545858044e+00 -6.287302524238466139e-01 -8.044194835765015039e-01 2.316581634598294137e+00 4.571212481629522983e-01 1.781291444536174939e+00 -3.805860510437042987e-01 2.074333477708268647e-01 8.743034405641612050e-01 -1.470766359276613144e+00 2.912060360987618335e-01 -2.190330832419301599e-01 -1.294097872601577048e+00 2.209341261159073200e-01 -2.200692843238528928e-01 3.705469372503622516e-02 1.072795028020310237e+00 2.241549789685735594e-01 -5.547716013685791148e-02 9.343220113190773279e-01 -4.327394212674441631e-02 -4.837519178773705408e-01 1.551491751265453578e-01 5.253625814538696037e-01 4.542249866232676569e-01 7.357587088320395319e-01 -5.699937974492863546e-01 4.658503101227194354e-01 -7.154642351970544878e-01
-6.835312804766249251e-01 -1.272295488842599909e+00 8.076008552834511578e-01 3.026206400383366635e-01 2.898851265066611504e-01 1.362829279049175613e+00 -7.609378670881822293e-02 1.602926344929090252e+00 -8.329962257009465576e-01 -7.811790694662196222e-01 -3.618722310545658405e-01 1.858458257308978290e+00 4.400626721310212375e-01 9.401215205597523994e-01 -1.039254531741603094e+00 -1.163664274390548092e+00 -1.288483064337958117e+00 -2.971512065499607669e+00 1.006962803591963773e+00 5.088348057860585527e-01 -1.481788151451604585e-01 -8.837227140657677449e-01 6.800092379554179001e-01 -1.706594958593140587e+00 2.740267043162754046e-01 -3.997163176621147951e-01 -3.842357158061261435e-01 2.620018159402928148e-01 1.016442937756646625e+00 -6.401821416473622850e-02 6.803890757604907913e-01 3.694714897615649085e-01 -5.157984769128074465e-01 8.248638073416278971e-01 5.087229472549776865e-01 1.106111545865449797e+00 -3.946721218425348204e-02 -5.203009019363585841e-01 1.009153736843988236e+00 8.003566248384605952e-01 1.815721006739844934e-01 -4.268600616351761468e-01 4.435681763927336041e-01 1.251628324025099159e+00 6.221022625859972122e-01 4.920731497964139223e-01 -2.015503005676836601e+00 -2.277582977045110368e+00
6.002784502498246244e-01 2.661238747092971035e-01 -7.287642846583914924e-01 1.618762188999542273e+00 -7.695095383796041189e-01 1.715372252589989710e+00 -3.668134685652761351e-01 2.247836059368257533e-01 9.503868460888039715e-01 -2.677186403021303285e-01 -1.150988428957954238e-02 -6.884956934015957764e-01 3.980551939804324313e-01 -2.354027180944850972e-01 1.188186324872393174e+00 -8.307375243247655527e-01 3.512849894965647812e-01 -1.784897691473434689e+00 -7.845016344628948923e-01 1.403874761506753055e+00 -2.436736226237993019e+00 -5.225648404208049769e-01 6.011929855332879269e-01 -1.142438948113228214e+00 9.437449294111599496e-01 -8.152725789749285523e-01 6.614542368600019318e-01 -1.338200385601769904e+00 -4.111749001635388590e-01 5.144428786919488239e-01 -1.921432796288548572e-01 -4.826383476733708822e-01 1.974025354841370539e-01 -1.325657510470480416e-01 -5.326453432502579188e-01 -1.351739599607776121e+00 2.229375056283008139e+00 2.077278281679189043e+00 3.922920027824841616e-01 1.712302841506716244e-01 7.332240441976541068e-02 -8.794575483156020779e-01 1.446951993848593743e+00 8.186701808558540794e-01 -9.397191489884247628e-02 -2.516879661496476572e+00 5.984767119173336480e-01 -1.796668119581580125e+00
7.178915643718303263e-01 8.727271957581900219e-01 -1.043827532813406123e+00 2.667908107824726316e-01 8.675622707483389151e-01 -7.924269038191138481e-01 -1.054693443657522822e+00 9.600930676761582072e-01 4.724002627138788601e-01 -1.087841568763592504e+00 -2.504725822943741242e+00 5.367593089172877779e-02 -2.442584447058469443e+00 -7.253233428364466717e-02 -1.908583930529784256e+00 -1.407843630429341353e+00 -1.655945761043107867e+00 -2.212903858470147256e+00 -1.055114983847409427e-01 3.222889308363505734e+00 -8.919078817085512520e-03 -1.265679560607073428e+00 -1.411525868354543745e+00 -1.063894553745299731e+00 5.928148613554401480e-01 1.252769243727329007e+00 8.342012933344730152e-01 2.178676457136280220e+00 6.650495386061827663e-01 3.184133771735320750e-01 1.445667846207217444e+00 -1.818860755960161724e+00 2.993063836300364766e-01 7.817531117595598322e-02 -3.935143744429822621e-01 -1.077591675957790818e+00 1.684263634889729133e-01 -9.360227285078315251e-01 -4.337580662629638151e-01 8.631208142109129122e-01 1.306593589572586644e-01 1.544886541450004369e+00 -1.951534128729395690e+00 1.089592526257466165e+00 1.586628893046129196e+00 -1.010112494421915752e+00 1.236057779384023558e-01 9.142485063767954445e-01
-8.351943035687622308e-01 1.744022023137022259e+00 -1.848915649703459785e+00 1.295062238195681559e+00 1.793903375782155973e-01 -4.334178571973441585e-01 4.953201236186424161e-01 4.683067020787200913e-02 -4.261581118313202410e-01 -1.973559269692560569e+00 -6.947723839775959975e-01 1.996554959020210962e+00 8.041663097067085486e-01 4.332039595415613786e-01 -1.778858515338579860e+00 -1.340210486371725240e+00 2.505598871525355431e+00 -2.037558014475493895e+00 -6.251395945775390928e-01 1.035256992700792633e+00 -2.065981638562111034e+00 -1.752731278731160414e+00 3.545312901904819347e-02 -6.263141556479093763e-01 1.244714257345419739e+00 3.466312330559795929e-01 1.543958084724614599e+00 -3.511220188827660071e-01 3.060619585528869258e-01 8.812518510215466838e-01 6.578103638966322775e-01 -2.190527581894768094e-01 -2.323824280971236167e-01 1.522467016675054685e+00 -2.493416434828506223e-01 -7.973821405336576351e-01 1.045704376194549035e+00 6.140582151427511626e-01 -4.896360743805212162e-02 3.158156531240262632e-01 6.870270163760127113e-01 -1.575648071271664508e+00 -1.222494391912051226e+00 9.364032198558502884e-01 1.199082494754047268e+00 2.566340291245977623e-01 -1.084293568653868362e-01 -3.970149532009725757e-01
-1.290937626866413002e+00 -3.887422295278673556e-01 2.241748020890003690e-01 1.729755630738957439e+00 -1.053837606282518984e-02 -1.780008628539778981e-01 -9.027350923184203069e-01 -9.834597008710167787e-02 1.926178476943608275e-01 -8.175474803927785805e-01 -1.054178291465109218e+00 -1.764595443576780331e+00 -7.639576606423185146e-01 -6.602950812074107612e-01 1.670644126385209427e+00 -5.747865050339392434e-01 -6.430076525224760753e-02 -5.248893153716926996e-01 7.020884411244764367e-01 -1.297094987736369331e+00 1.871230138578368063e+00 -2.372309394229971335e+00 -1.103714000146012397e+00 1.119779304617441351e+00 4.984493787559439171e-01 -2.794266095742633030e-02 7.037360777352034136e-01 -3.220321331677113985e-01 6.557711491553701588e-01 3.681601058674782156e-01 1.014421408451431805e+00 1.183810635221484553e+00 -6.126847648253926915e-01 8.468696282509475814e-01 -1.417083497410037030e+00 9.489341731663077928e-01 1.460326182434303233e+00 6.118661526919497717e-01 -7.336930405648207643e-01 1.687570031132376691e+00 1.195851020254790585e-02 -3.426376950499596119e-01 6.574140690284862032e-01 -1.399938820018209018e+00 -1.897575478605880717e+00 -1.475067709198116944e-02 7.621382935285320182e-01 2.848906798804168861e-01
3.089863120801281671e-01 -1.440979501209282976e+00 -2.637034647690850719e-01 -5.882225308573501010e-01 -2.222293737222651000e+00 -3.084303333719136675e-01 8.060941276666083732e-01 6.685221160307163180e-01 -1.134600478247795863e+00 7.295513031013566296e-01 -9.810244019168871121e-01 9.210309065348941671e-01 -2.562964252137501717e-02 -1.035425687408947137e+00 -1.422575602084799717e+00 -1.093607055993724320e+00 1.672629555613232899e+00 8.122721913204405952e-01 -1.503120146342065366e+00 9.602714397815247382e-01 -7.693665538371530221e-01 3.768357669927265841e-01 -1.305938365023486591e+00 2.058046380327380298e+00 3.927880925922697108e-01 -1.334772496309580170e+00 2.517485225341361404e-02 2.235200060386993981e-01 1.818978224371387009e+00 -6.721365757499097038e-01 -8.036845228892696147e-01 1.174240850416791992e-01 6.503198140332151489e-01 -1.708463355908451942e-01 -1.954641508463996313e+00 1.097807797767266225e+00 1.778678915921346471e-01 7.290188771078868202e-01 -1.057227959323291833e+00 1.520356036706372205e+00 -9.299349868817403664e-01 -6.407476183397353697e-02 -4.971337499863213716e-01 2.662536972707917338e-01 1.095493383488495454e+00 1.187554676444643631e+00 1.622876277582253890e-01 -5.219291184132650585e-01
-5.958312653662586333e-01 2.136251783708005003e-01 5.824382052070753435e-01 9.230181395405344658e-01 3.531225204392228201e-01 -4.731580469597613248e-01 -1.012135034603357742e+00 -2.758732463066707052e-01 -1.264102801828598466e+00 1.697269071580907729e-02 4.938739512196932413e-01 2.034704915588120500e+00 7.080338658567922883e-01 -3.808507415057382328e+00 1.003968787461648526e+00 -6.493050522373216941e-03 5.016194893141435740e-01 1.047333586288659912e+00 1.635128283764955004e+00 -5.553196740374806151e-01 1.545515984643151874e+00 -3.456248369386811237e-01 6.878947813225985697e-02 -2.113383795383852737e-01 6.166804232918666751e-01 1.761833300551821413e+00 -1.791784821229541080e+00 9.387896267211024437e-01 -8.200547404359905812e-01 1.299920968980693647e+00 -7.961533821376723941e-01 -5.791352485350189649e-01 -6.616367502215630969e-01 2.181082378642118236e-01 -4.117749667216881626e+00 -1.466152785605086217e+00 4.621793613078828966e-01 9.421371470065451614e-01 1.483080317004313933e-02 7.884138681146509731e-01 -6.639265465653182430e-01 -2.433461841128857217e-01 -7.578986286721798304e-01 3.001026957188356881e-01 -5.194116116410920636e-01 -4.107201893802837622e-01 1.285016663726581410e+00 2.017851618646092415e+00
-2.630741106789572514e-01 -2.507754543262920244e+00 -1.373595852094321890e+00 -1.411614694566143760e-02 3.275605659354156596e-01 -1.259662118596952762e+00 -1.251646749488795729e+00 8.276268260654617848e-01 -2.576912202259638018e-01 -7.107042022334163489e-01 -9.669019117537158703e-01 3.721583825044402771e-01 1.371706377374098951e+00 -1.223954415045435784e+00 1.542358351087333435e-02 1.143844101928337409e-01 4.984068958201149924e-01 -1.004112716831721125e-01 3.843370585241605020e-01 -2.287491343532246056e-04 3.018505374552403753e-01 -2.856708812635529338e+00 6.493750026072245829e-01 1.103231979921238892e+00 4.706143604376520906e-01 1.643568061937685301e-02 5.378904972491922454e-01 -1.643041691676332405e+00 3.803736186575000788e-01 -2.379306804217518612e-01 8.904872797650835725e-01 -2.259739308234591515e-01 1.384866983400226736e+00 -7.721594653140544384e-01 -2.465954310624619783e+00 -9.989868931393336426e-01 4.643706199552617014e-02 7.468707109915162512e-01 -2.201506530254774552e-01 -6.277070175204702007e-01 1.364915727178680926e+00 -1.918680738878211778e-01 -7.886359607059394150e-02 -1.463565823902837959e+00 2.025767639917455121e-01 -9.427218950257627572e-01 -7.260362819231304110e-01 5.500701140392657562e-01
6.223795421780954351e-01 2.131484500704948548e+00 -3.656637557395804872e-01 1.423076474381720802e+00 -1.444783789751925562e+00 1.641472684091715095e+00 -2.229678393468091102e-01 -7.036390982589083576e-01 -5.806351894912449296e-01 7.143334099549168981e-01 1.200784380670935902e-01 1.007026505370019143e+00 -7.097521717333032942e-01 -1.739324820242932557e+00 2.365002790865502330e-02 5.207985312394507876e-02 3.518929177112791740e-01 3.572514730153587559e-01 -2.698192564285161854e+00 -9.331575602799597746e-01 -9.213841716046285990e-01 2.332044048530699243e-01 -3.968915591682384281e-01 1.318012172494441137e+00 1.539625419038441967e+00 -2.144149031386812343e+00 -5.789389320209551437e-01 4.274949229160528857e-02 -2.817732432749847082e-01 6.783355632154599579e-01 7.023728373401321168e-01 -7.574358399742632253e-01 1.372423552466276675e+00 -3.559442710218415074e-01 -2.156269719168808496e+00 -7.612926497803642611e-01 -2.767098318648994471e-01 7.069703211937812259e-01 6.522391623055576737e-01 7.402664112323472656e-01 1.494991083255530206e+00 -1.173223209792374266e+00 9.094285111292427226e-01 9.943172300000103769e-01 -5.856826899798354136e-01 5.315304680601067033e-02 1.535387437755665108e+00 -4.195880084597726212e-01
1.363349983657256903e+00 -2.339755201169833487e+00 7.287114671592510584e-01 -6.942645490175038125e-02 1.390719902243686912e+00 1.230688230944078504e-01 -8.652007367163216944e-02 -3.719802290879720696e-01 -4.437714453984567542e-01 -1.271765467353926926e+00 -2.671988389786752016e+00 -1.367529658082577759e+00 4.665072363331462801e-01 2.103463531504197181e+00 5.535496951552986156e-01 -1.062101585550520588e-01 -7.002199167038037908e-01 -4.407947327968516626e-01 -1.152645866170870059e+00 -5.322442341141320199e-01 1.741313159324241910e+00 -4.854728020499315781e-03 -9.513044705445660235e-03 4.248264825592099059e-01 1.484745992726884900e+00 -8.476525905207182854e-01 -1.175768721480453971e+00 -1.416234419378038512e-01 3.189670883252906930e-01 7.868797560618898679e-01 -6.671786907668761923e-01 -1.955466799971825598e+00 2.397158518953419748e-01 3.409871414164916126e-01 7.599020794444492910e-02 4.733350307261023904e-01 1.245631967440708809e+00 -1.671494496527587748e+00 -9.025370067279640807e-02 -1.418673078547534327e+00 -2.826341473780428215e-01 -1.685449230010886312e+00 7.932793153426215271e-01 -1.127284743147254131e+00 -8.935124458642774714e-01 7.148774870423840744e-02 7.466421644465519591e-01 7.437426753576432681e-01
-3.518333733669858909e-01 4.338260442581333698e-01 1.438617376537177250e+00 -4.310945820460412303e-01 1.421027755568483042e-01 -4.149354155110124287e-01 1.214713920161399008e+00 4.053646234585142061e-01 -1.579789068358716575e+00 -5.481391032613308623e-01 1.013639310869451693e+00 -3.063519794980688604e-01 5.951268125935293973e-01 -7.069825874806134891e-01 8.187538828736563579e-01 3.605217080078343961e-01 -4.732880260771872849e-01 -8.991330954644327633e-01 -7.945964974965997740e-01 -8.514764492817222807e-01 1.870955783415354068e+00 6.922807880042206596e-01 1.102321753321364589e-01 1.668701041798918316e+00 -1.106506444537840528e+00 -3.672348499507044339e-01 -2.268487895995739745e+00 -5.878925655934961192e-01 -5.452632421961507020e-02 2.809067097572400806e-01 1.630101468475660731e+00 -5.348713324782734535e-01 3.318143768100003665e+00 2.564983137537195090e-01 -1.386307863802399787e+00 -8.354449773546253066e-01 4.777192391931865678e-02 -1.174793419799039951e+00 1.000382869757785897e+00 1.639057177817632160e+00 7.027921567315101870e-01 1.554070283443857559e+00 -2.934897790944167029e-01 -1.633107170478270920e+00 1.833033731190896742e-01 -5.925637762299714728e-01 -2.117872487959948369e-01 -3.238471402636591834e-02
-1.642577380954484551e-02 -1.718224002833969588e-01 2.132704792168246932e+00 2.693563143526105930e-01 -4.733239019760983046e-01 8.843121211470336140e-01 -1.875861768108923799e+00 -2.069312343061479875e-01 2.422455764174707760e+00 -2.465616416808488864e+00 3.447349681797999832e-01 -6.106744380579632869e-01 1.848263173993063835e-01 5.178529271829056535e-01 -1.475823022415604813e+00 -2.107523501501949337e+00 -4.334544325207155824e-01 -4.986328219361307879e-01 3.675027782961958756e-01 1.340906968230171747e+00 6.249612895423362069e-01 -2.458778569012146364e-01 -2.422379865247729747e+00 -1.229562299722355423e+00 -2.595366273972645188e-01 -1.645632864233204373e-01 3.197660833558704785e-01 1.985733472853207227e-01 2.459387386768440709e-01 3.787770651961565316e-02 2.013071114405015738e+00 1.435825834255970330e-02 -9.053914345983067324e-01 1.383292049043805649e+00 -6.712905352599505930e-03 -2.418461074287188081e-02 4.522160299888433599e-01 -1.323490877254508868e+00 7.418129776810318265e-01 -2.219788402728191667e-01 -1.015012094815085808e+00 6.642168021550481916e-02 5.509919431377292842e-02 -1.722978881166824738e+00 4.760413532522331237e-02 8.387006215441970003e-01 3.877241102145516094e-01 -3.502106323093000517e-01
-3.376970490425649452e+00 -9.636469243333271040e-01 4.197278893106275860e-02 3.224853652074463062e-01 -1.906983512923719593e+00 1.936518751956921580e-01 1.864753515561313746e+00 1.124944485226268970e-01 1.180958108206909163e+00 -6.858740204410577190e-01 -5.323771610883987204e-01 9.017999980499096235e-01 -1.751406729149486363e+00 1.600480144994585796e+00 -3.379930288602366328e-01 -1.227801267353817449e+00 -6.440466405209658296e-01 1.306221282527470828e+00 -9.997364311705922990e-01 3.567129583625689437e-01 1.845489598344936810e-01 1.403158247913389944e+00 -4.793190126032662590e-01 -1.612068405146135586e+00 -1.420788103235580246e+00 2.147495577516410903e-01 1.291347713633237859e+00 -5.999103736258992736e-02 -3.199381966273955769e+00 -6.131228974021631917e-01 2.862780919617461950e-01 1.146476660916572632e+00 3.741387518874467744e-01 -1.313726743527603658e+00 2.471724430464950772e-01 -6.070632728841285353e-01 -9.030633557509869513e-01 -7.497409598358810712e-01 4.196810023116615551e-01 -6.120622117636591586e-01 -7.982477517498740571e-01 -6.891638012311182004e-01 -2.890213573785990753e-01 3.838322792871150940e-02 7.493500151224739003e-01 -8.706762346986772760e-01 -3.299701945128064029e-02 1.055551898906768260e+00
-1.592842271034267565e+00 -7.651030219872712035e-01 -5.848861354945594782e-02 -3.244232317186430681e-01 -1.431431283569243096e+00 3.989343461541040581e-01 -6.706753786728728572e-01 1.685265933734556798e+00 -9.610423120788159912e-02 -2.801291906929931352e-01 1.697671715092885503e+00 2.040375103365760445e+00 3.058310752860462500e-01 1.368287831554448886e-01 1.288884441847566009e+00 -5.422281671350001053e-01 4.466342355403000730e-01 2.072697196070437453e+00 -1.999434148662287525e+00 -3.889301980752046251e-01 1.605196513056888152e+00 -4.143403206296629171e-01 -1.010958158084587444e+00 -4.216622347683288141e-01 -5.604244655204307923e-01 -5.373495272399112649e-02 -7.626653581005569116e-01 -1.940655807328039995e+00 -1.441172255918870215e+00 -3.302920866591592675e-01 -5.224596332700652823e-01 2.183542306354172569e-01 1.338296082815587651e-01 -1.237588410199640832e+00 8.155214547586610019e-01 7.628991238692627193e-03 -1.163347341938908874e+00 -9.215438992307056765e-01 1.425527160358172063e-01 3.933120660524352247e-02 2.203236888534126692e+00 5.186791912017688633e-01 1.781539018592218193e+00 -1.071110625430908181e+00 7.320615849939090536e-01 -9.681652394494953684e-02 -2.049589260734049623e-01 -2.126039134647382145e+00
2.442337148513475387e-01 7.192633804917962503e-02 2.909148390799832229e-01 -5.901151403612765467e-01 -1.098946215628788137e+00 -4.334307729888314809e-01 -1.081238819467448264e+00 -1.844873724210220001e+00 2.452505684877126502e-01 2.527834429645212655e-01 2.657668713232955948e+00 -4.189184515875261638e-01 1.056934443254031047e-01 -1.224742623312640583e-02 -3.500980655277096121e-01 -1.449558065011528951e+00 -4.174383738975724345e-01 -1.792960128932116204e+00 4.617764444847201610e-01 1.042482631405040827e+00 -2.943013189114464523e-01 -1.996467372358041281e+00 1.406380295611233122e-01 1.437115455266829434e-01 -1.343342119514267186e+00 -1.066003731650023018e-01 9.887644587957900022e-01 1.173502756287054360e+00 -8.602803813950009593e-01 -2.453281061283336228e+00 -1.342908272892251231e+00 1.397163974925268004e+00 8.363579853010312259e-01 -6.829103022077797069e-01 -1.026034779269350050e+00 -1.478740074293405371e-01 -3.028997059340332032e-01 6.293131996628632818e-02 1.134109946269709734e+00 -1.355144883025884539e+00 -8.352704074352246266e-01 2.569036620988960143e-03 -2.133282000587688465e+00 -4.812449310228369970e-01 7.128509213146828616e-01 4.506826964977090344e-01 6.211757198784816358e-01 -1.227926097016722284e+00
9.610253538095765435e-01 1.316517083200026417e-01 -1.690563250660944705e-01 -1.223147990268958818e+00 -1.244391483927611119e+00 1.105841814585100336e+00 -2.542002331609626853e-01 -2.474415147830268669e-01 -1.107146494862038200e+00 -1.264109022670266980e-01 4.243698011315433782e-01 -6.815557250779242793e-01 -1.547732772793298128e+00 1.643807039116249369e+00 -5.252461189443723422e-01 -2.451125527453181796e+00 1.377858773246150692e+00 9.668951775486963607e-01 4.238962860449300152e-01 1.121023334279305957e-02 1.180976277356944992e+00 -6.093178242118237747e-02 -5.367714586521896702e-01 -5.298232534058255894e-01 -1.666559850840879209e+00 1.743157085840624787e-01 -4.191931067279061618e-01 1.176231277016648730e-01 -1.561268921249757136e-01 -1.379477133899670971e+00 2.069728802391068434e-01 4.341444777892093931e-01 -6.179208275380777549e-01 2.332835310519564054e+00 -7.566566082912488111e-01 -1.850687154091229525e-01 -2.289729457780861122e+00 8.957875001423541983e-01 1.720492478017207894e-01 -1.258488228059012171e+00 -7.748157499235920342e-01 7.297652058007316755e-01 -6.529982118623389731e-02 1.025333307394524995e+00 -9.196287077917053576e-01 1.589254962617953904e-01 1.248004398362350109e+00 3.546252428332204998e-01
-4.700711500242162888e-01 -1.147313832654520915e+00 -1.295994609041545287e-01 -1.848627125726180154e+00 1.598318361700341361e+00 -1.462459192902871630e+00 6.634033509734943435e-01 -2.687480452739289816e-01 -6.220497390339089216e-01 9.359352240097391917e-02 -1.797780667577192348e-01 -9.503164130422082634e-01 -2.425757781859123885e-01 -9.316985994650621716e-01 4.457430133394546523e-01 -1.100673893320925245e+00 -1.127345119222895355e-02 1.770667227990275316e+00 -4.950230953133530343e-01 -5.719507303204470761e-01 1.301682251044362360e-01 -2.064221138432194985e-02 -7.186094849308481969e-01 -7.208444855093011361e-01 -4.962186408196183063e-01 -1.343788493530629902e-01 3.581747630114567871e-01 -1.709301572752158771e+00 -7.069891431793368097e-02 6.747261242111740609e-01 -4.608143834999701149e-01 5.250843638551662140e-01 -2.997890166566526959e-01 -2.139853903281171199e+00 -4.461383394286007609e-01 -3.124142814678748659e-01 3.033515904496104643e-01 -5.107764593012409371e-01 -2.226890534435571334e-01 1.697470050010588816e-01 1.623421088863506334e+00 8.175533558460405803e-02 1.366968549837893843e+00 8.232939593739431183e-01 -9.918674900091064561e-01 2.459146584591238166e-02 -1.438179320063500688e-01 -1.068087657460566886e+00
1.286343040798744175e+00 -4.854623803773990276e-01 1.715413606965260573e+00 -3.557373425937351147e-02 -4.069423735304088519e-01 -1.179523974171732936e+00 1.007059304084905849e+00 1.886469936337289294e-02 -1.577616121565350360e+00 1.292220268060382482e+00 2.253821238171639152e+00 -3.579450364749463542e-01 3.839525691350047509e-01 8.429231424148327934e-01 5.446544475040868694e-01 -2.739079132672294636e-01 7.619455427356690638e-03 1.760461746599630839e-01 -4.913978181911173859e-01 3.222405929893830678e-01 -3.998436403471919975e-01 -6.320241384636319237e-01 -9.492234180730206861e-01 -5.461223657620297711e-01 2.157250967437580602e+00 -8.221910548190228818e-01 9.417903691247276887e-01 1.627400681156920825e+00 1.061052063650728572e+00 -3.735477829890439527e-01 -1.266061674209435939e+00 4.530295570704983565e-01 1.107672064122134925e+00 -3.995824883359180291e-01 -1.692589869931891422e-01 1.527044982792381100e+00 -2.122267156744249927e+00 -6.430660248758037767e-01 -3.285080714389115308e-01 3.189123162726606453e-01 -9.680649372203549152e-01 2.044426313466264078e-01 -6.825695047007174221e-01 4.738764922545024016e-01 9.301912135940736404e-01 2.632909213084628774e-01 -1.015488247042037440e+00 -2.524477759382757203e+00
1.707463270002336886e+00 -1.268438140067438047e+00 4.350437619837867476e-01 1.003167139078472214e+00 -1.915494297177503968e+00 1.214778251282824018e+00 3.314436558868800731e-01 5.939794683789978436e-01 -1.678729607973972748e-01 -6.026150725193473168e-01 -1.655330559667138823e+00 -8.168369929212808411e-02 -1.056497972735057855e+00 -1.311652468037185715e+00 4.958221768726477352e-01 -1.440838851675631194e+00 2.309977197085698042e-01 -3.762412826026470536e-01 1.679223705298944491e-01 -2.803781053642343757e+00 -6.231419277127595580e-01 4.534349755509805013e-01 3.120060579683113233e-01 3.955963117034378973e-01 9.952649029834479411e-01 5.812397634898949228e-01 1.111631452570140066e+00 9.384690459462724510e-02 6.108398745754614056e-01 1.093253849759364904e+00 8.074160832889385464e-01 9.865780252700852015e-01 -5.011928386159164583e-01 2.178139450964502011e+00 -1.148049144976626579e+00 1.871708252344403411e-01 -7.513674771447944600e-01 2.398930958742925057e+00 -1.470065313622916481e+00 -7.581428548858254457e-01 -8.552485726702484525e-01 8.155767881414195397e-01 1.152332265306165393e+00 1.846406926838694229e+00 3.043492478111132216e-01 -3.119156063504852638e-01 5.355161325871522493e-01 -2.178037583154848633e+00
-1.571831112797154595e-01 -3.068670274002062159e-01 -1.275168074915419503e+00 4.012143865115297969e-01 -8.177629959370638635e-02 2.330950026212577908e-01 -1.567599034473799557e+00 -2.571856109306470684e-01 -1.848639257756476306e+00 -1.862972363324258751e+00 -6.039551501314989190e-01 -5.407408956910224607e-01 5.892228073501267621e-02 -1.852623384031494735e+00 1.694445097115860333e-01 -8.647699425554060682e-01 -2.333264336035899777e+00 -1.690932201329301110e+00 1.187073919568236713e-01 -2.715037324641195182e-01 7.168815762593446772e-01 1.981562759379342994e-02 -2.019742051683433459e+00 7.421661783081839880e-01 -1.037127081657509997e+00 9.695572195362678336e-01 4.718026316680721255e-01 -7.298332257395755140e-02 -6.288290840847300389e-01 1.104482308194518980e+00 7.494223729879183338e-02 -3.123436284846723976e-01 1.005992461018726664e-01 1.899440519981859365e+00 -6.065746717930627918e-01 1.963830965388355665e-01 -3.610276074916360933e-01 6.230719337228830812e-02 2.787947750168802585e+00 -4.799641019295665667e-01 -1.185310843656185442e+00 1.836367114786262300e-02 -3.529485977144837250e-01 1.192470458353294349e+00 1.477049290220285638e+00 1.505113571871543598e+00 1.457973749522914808e+00 1.383965397928045293e-01
-1.473217099930479668e+00 3.587797564941112571e-01 -1.329076395557489354e+00 9.597044253244776391e-01 7.345340335033834211e-01 -7.461720370459044016e-01 1.165537295272114360e+00 9.134070698811923572e-01 -3.055793935536853523e-01 -3.599922398184527556e-02 1.152048905307739179e+00 -4.361835003876213257e-01 -9.160718390607824890e-01 5.355937361661070040e-02 -1.687024377485001780e+00 9.861865445120807094e-02 -4.890706324430690172e-02 9.641283336635134704e-01 2.180732636451784945e+00 -4.533162490137114531e-02 -2.097082104131759717e-01 6.862602550398262391e-01 -3.502597982431977508e-01 -1.360368481699720355e+00 -8.613586253393572534e-01 4.707213176419757228e-01 4.958347858819488474e-01 7.453881934981799740e-01 -3.109643363997464105e-01 5.048299125942324883e-01 -2.084684986855551703e-01 -1.039308965762103076e+00 -4.648244122530252598e-02 9.397660360576456373e-01 6.833666989062893160e-01 1.924525900390818611e+00 -2.699643589055804593e-01 6.021805268542966827e-01 -7.481779794637281045e-01 -1.819918736146057814e-01 1.287538046754079790e+00 -1.695851443327585362e-01 -1.132133920044964825e-01 -7.782002434768664489e-01 -7.254960046503829973e-01 1.576349280832376909e+00 -1.604798911987304066e+00 -6.248609440177813612e-01
1.501615750880372246e+00 -6.864404397237189315e-01 -5.194711892880297111e-01 1.336469210376546313e-01 -1.053967900150845072e+00 -1.677882198117487400e+00 -2.157240952822768953e+00 1.023190113634057319e+00 1.407551807131288468e+00 2.788826008398128109e-01 4.815749325557374672e-01 -1.003417011434984296e+00 3.758765145830895160e-01 1.984268877328996705e+00 6.057503188313599629e-02 -3.507416467792032200e-01 -2.154401084165028291e+00 -6.150125769706747958e-01 -4.354789022558834821e-01 -8.135676109531035927e-01 5.210248305644199496e-01 1.112983768278118957e+00 -7.049910703365080966e-01 -1.162153906696012040e+00 6.257944969499722454e-01 3.034046689972110800e-01 7.503025412041262054e-01 4.021336327243472675e-01 -1.714850044574237620e+00 -1.224584955066632536e-01 6.784482464193076767e-01 -4.430243335457171860e-01 -4.725035289997943089e-01 8.943486841112849861e-01 1.418894254787086640e+00 -7.337346374932075532e-01 7.014861495453664775e-01 2.428042115095799147e+00 -1.725138008798645206e+00 7.412238884459532162e-02 -6.847500583542683872e-01 1.478838535428969703e+00 5.262075294139251236e-01 -8.594535403552897579e-01 1.300126669888977515e+00 5.120716166037782985e-02 -2.203738041579209050e-02 4.811418396498794992e-01
-8.189013256643418170e-01 5.539702374149974018e-01 -3.783317575992657389e-01 -3.662090322285867505e-01 1.379452581009474876e+00 1.130595274578852116e+00 -5.486643240838833258e-01 1.393811113678909974e+00 1.216183993372593614e-01 -2.643775190724029778e-01 -3.818143520051316409e-01 1.859891490614464793e+00 -2.475751169259961526e-01 -7.528854814528985750e-01 -1.181890886944629848e+00 1.358924661088982688e+00 4.711365653911672169e-01 -1.321528864614128669e-02 -8.247555154643625430e-01 -6.106217177944988084e-01 1.587024545545759446e+00 9.602871616155553847e-01 -4.788390439102317986e-01 1.231905968739787305e+00 1.277401987083824020e+00 1.753698537156193060e+00 3.103286222136584227e-01 2.866192040191583690e+00 -7.934199236144010015e-02 2.137895915845379857e+00 8.741462661168876158e-01 5.646651713105258485e-01 7.107615992834493968e-01 1.774336600901010585e-01 1.146363157231262475e+00 1.621860295988263534e+00 -2.182065464084310263e-02 1.505193779433860124e+00 -1.602140904395079057e-01 -7.782237000260863180e-01 -1.638202407289605644e-01 5.591860045347437635e-01 -8.904726962549842639e-01 -2.681990622636857835e-01 -1.990538299062711403e+00 1.123086022866092604e+00 -1.024492036979957610e-01 1.631546127942887336e+00
-4.423556281402659107e-01 -5.712811647839388662e-01 9.560492606986469022e-02 1.426471875623961827e+00 1.143026231760114336e-01 1.914640978865639886e-01 -2.927360673023612914e-01 1.001878324509037910e+00 -2.000381042363635897e-01 -9.315506560592082819e-01 6.006397054097621924e-01 5.716825861963840127e-01 -6.552544003287036345e-01 8.231047352898674951e-01 6.270556922535370781e-01 6.875260487450366442e-01 1.462209732216910529e+00 -6.052340380257857921e-01 -7.645956727267927411e-01 7.732460803514777659e-02 6.180408539541052404e-01 -9.304768195830328548e-01 1.234982089811187622e+00 -9.764587173121922481e-01 -1.774967094982685678e+00 7.009172112976512770e-01 -3.598286737130083068e-01 1.856738677910117596e+00 1.130725595455358556e+00 4.683795233543089354e-02 7.630379984016021355e-01 8.068113575412717564e-01 4.209312688344348241e-01 -1.058220486291172158e+00 8.624833069790571738e-02 1.834500008589677045e-01 1.275523317829409642e+00 -1.771483409871270620e+00 -5.834892436849200559e-01 -3.076914782635829515e-01 -8.429312538579003533e-01 3.161907880283597039e-01 -1.340344213583815947e+00 3.106259204608627922e-01 2.516600416421840514e+00 9.787393133676821622e-01 4.914813466995217595e-01 1.903298579610361030e-01
-6.185995885447332920e-01 1.307012441587118934e+00 -4.535715652776303175e-01 -7.192462616178717238e-02 6.370074194753625463e-01 -1.834308684692867342e+00 -1.389512427414370865e+00 1.473138199887705779e+00 -1.603452137949043399e+00 5.400920347258506005e-02 -6.052064087721489294e-01 -3.523249033005620423e-01 -1.872339874874056898e-01 -8.573542281696656664e-01 -3.885158183587337777e-01 -1.955820581271171976e+00 -3.667044716250788539e-01 -2.105415230670411031e+00 5.114663476529397457e-01 -6.280467123564988929e-01 7.373087361968277964e-01 -8.912338200736236171e-01 7.375362210775120442e-01 -3.339885649210538876e-01 4.012429473255401113e-01 -5.552409903950812631e-02 8.774623831388445039e-01 2.510286326525921763e-01 -2.327138332984564961e+00 5.672276562826528146e-01 1.044041831011177202e+00 -1.599465644025778399e+00 1.004416544160913416e+00 -8.769173587522438584e-01 1.401893739884749968e+00 4.351875804034691791e-02 1.089934341915099469e-01 1.054532790334531622e+00 4.404276559217634029e-02 9.552838241599177493e-01 -3.623942439171355390e-01 1.842057045880522548e+00 9.945844864025268350e-01 7.049085917147749347e-01 -7.914477673345986508e-01 -1.711164137018016118e-01 -1.636207893111335743e+00 -2.354453522764214310e-02
-6.424383126484148887e-01 1.452673987653973597e+00 -1.120975939501938967e+00 1.187588936066115153e+00 -8.105213946818897730e-01 -1.828046125785901532e-01 1.235208948024094422e+00 -1.083266125372274624e+00 -2.197831156895584670e-01 4.208324465379290613e-01 -2.109889799340985750e+00 -6.872111666360671001e-02 9.421006542645619930e-02 -5.304267687431999390e-01 -6.976733337328542284e-01 -7.657680169573506390e-01 1.359771902928098575e+00 -2.285001507532951059e+00 2.380776059764026231e-01 1.052543845989887261e+00 7.367516070651390914e-01 -2.180986371995573270e-01 1.065483680517946424e-01 -1.260212597637269116e+00 -3.468786669444542947e-02 1.008539715460832209e+00 1.763351341281035989e+00 1.628950452714226893e+00 7.109832558488853316e-01 -1.338538190872631706e+00 1.543661229055005801e+00 4.652059521208301018e-01 -1.118560489816516484e-01 9.188001092879479748e-01 -1.651869276306916046e+00 -1.113515427091693599e+00 8.355995107688305445e-01 -2.182503580214381345e-01 4.767911794295929262e-01 9.471033608025511974e-01 6.250086651215301936e-01 -4.354521179297523026e-01 4.823227406313212451e-01 2.598118936420373837e-01 -9.889073975575640718e-01 1.116184202991172603e+00 -1.690810237670876265e-02 -3.208369604671326702e-02
1.001653360753248512e+00 -4.011887541874330498e-01 4.498334901791388729e-01 -9.211978378916045873e-01 -1.402178858793544369e-01 -9.097812986421977000e-01 -7.639910824091002972e-01 1.483381087795668352e+00 -2.007791578064199722e+00 -3.317754177398378523e+00 7.780998630066128519e-02 -1.430988338437713558e+00 1.186521560212830728e+00 1.948207439487616099e+00 -1.041445204903877153e+00 -9.948384047903632843e-02 -1.571650381803276320e+00 -3.057999965690231914e+00 -1.892606272941415868e-01 7.837727830157915632e-01 2.339309692989130607e+00 -7.074867237388063890e-01 -7.036765198726556703e-01 -2.594281114266779209e+00 -1.561117028697255882e-01 2.885808165501925204e-01 -5.109469997277440445e-01 5.670600062800028596e-01 6.145763771437059431e-01 5.687491475611625713e-01 3.581613562608939594e-01 -2.189269322365865467e+00 8.003820739657155903e-01 -8.035933335206293382e-01 1.477373091341871891e+00 8.697753171345008472e-01 -2.061507180609039591e-01 -1.763980776674073159e+00 -1.867918117387101340e+00 3.158054182985565173e-01 -8.729780161048602549e-01 -1.234691027974471167e+00 9.493700106902206448e-01 -1.694855351344478622e-01 3.510350284194007631e-01 1.268086588964148387e+00 -5.503036732872483849e-01 7.502094358765508675e-01
-3.042160906299956835e+00 1.664306050349347588e-01 -7.525451488412550072e-01 -1.947958799502112592e+00 -1.428345680824996577e+00 -9.816885068138079262e-01 2.084278588088467055e-01 -6.267784131902859324e-01 1.970789478841847575e-01 -4.376336018002892070e-01 -5.313148384909583966e-01 6.743864767959451001e-01 6.459896446887819499e-01 3.555480415821990481e-01 9.951501771308751687e-01 -5.629735659792634017e-01 -4.712854264485978883e-01 -1.122539780602219261e+00 -1.351767158286762083e+00 -2.052128385214661677e+00 -3.140523745604649197e-01 -7.571918681500976467e-01 -1.117860662115515602e+00 -1.324659889272455260e+00 -2.250425336541310994e-01 2.945212113331182602e-01 2.041527017778632658e-01 7.720660374983017160e-01 -1.505772200258522098e+00 -1.769966434296962321e+00 4.451338258930697123e-01 1.083047357480631190e+00 4.940498363604122756e-01 -9.932990479278114293e-01 -8.729614076600644701e-01 -7.333388985108648672e-01 1.452080015479837449e+00 -9.443539333957645665e-01 1.985860193032563115e-01 2.896820828059551989e-01 5.376312825957590968e-01 1.467445606437799421e+00 -4.888739486714270277e-01 -7.028543534846570795e-01 4.269686755886280549e-01 1.597929619705317661e+00 -6.858308257145351305e-01 -6.895482038067274333e-01
2.224813435319793697e+00 -5.684931678515575681e-01 1.055939277258888476e+00 -5.957699369538658196e-01 -1.845706385051107734e+00 6.865191280722855449e-01 1.782531502826495695e-01 -9.858998864599938239e-01 -1.806955386517823670e-01 -1.804904450198342003e+00 -1.517504128983763856e+00 1.242390850856163853e+00 -1.287779824959013955e-02 -4.629023242030499974e-01 4.951322944068731746e-01 -1.507193410928407751e+00 -1.427259868939886989e+00 -1.241941834648836895e+00 -7.966651801076444217e-01 -1.992286030787908113e-01 1.756354210051914277e+00 1.151055940773980657e+00 1.161248619929365233e+00 8.992131603082375024e-01 3.881610686856240000e-01 3.161859346885275701e-01 -4.707586738998827958e-01 1.501092678659672108e+00 -3.581800127324473726e-01 3.475690954070181360e-01 4.319378588166119526e-01 1.813325994263230434e-01 -3.051318970466392888e-01 1.761528899641249035e+00 -3.827401091583079729e-02 -3.250614106180517437e-02 1.214128021912741273e+00 -7.833207230356035167e-01 -7.741358196243318668e-01 1.186609461478732933e-02 1.373701277317043834e+00 -6.697617970357108153e-01 9.659245098117152928e-01 8.254211116484060362e-01 1.618388379764881480e+00 2.746356715926293046e-01 -7.477772303049869951e-01 1.791359321448297293e-01
-2.246983164899607199e-01 7.072546768921227356e-01 5.132099001813087424e-01 -3.459465797033593470e-01 1.589420721228273492e-01 4.120566565630923717e-01 -8.096664098540963250e-01 -4.988274493628697681e-01 3.114071709328126714e-01 -4.901553411745316891e-01 5.893311619331725870e-01 6.119680203213027081e-01 2.358949895511804229e+00 5.810087579687793768e-01 1.709015733931153358e+00 -8.355316642328468602e-01 -1.086610601191758008e+00 -1.954867397649819649e+00 -4.194980637247818778e-01 1.428008555824563874e+00 -2.275836912599170425e+00 -6.721536194601313019e-01 -7.791735998952451503e-01 6.026634803736172774e-01 -1.160692210089671939e+00 4.330387332499193165e-01 1.692664399885089432e+00 -2.450979741567322900e-01 -8.227892359194386440e-01 8.058215676624730373e-01 9.410129474632479563e-02 -6.491061660490657914e-01 7.627896163093967896e-01 -9.737019313887259608e-01 1.610559234579867605e+00 2.565361921285753133e-01 5.936986227222655899e-01 9.128215320899812912e-01 -4.427386924927042243e-03 -3.742520841744026994e-01 -5.261141338197106165e-01 -7.188303187780151760e-01 -7.827151475023278460e-01 1.516766984773875171e+00 9.537144893166338289e-01 -8.793591094453807877e-02 2.296596567904594932e-01 1.122138719206253521e+00
-5.149962759424012715e-01 2.674396372901535757e-01 -1.395583009964994625e-01 8.067912365730046664e-01 -1.547066018606714444e+00 1.314425544159479431e+00 5.393117274212653189e-01 -1.090825281102705491e+00 4.897360553266684735e-01 -1.067453439830842454e-01 -8.365807807616280067e-01 8.978754487871971612e-01 -6.510490438467435581e-01 -1.361781587644937064e+00 -2.206256479998002007e+00 3.234719273941793344e-02 6.588150848326428388e-01 -2.148632543358873104e+00 -4.467876371586344542e-01 3.586324611181525013e-01 -6.878245870660049111e-01 -7.224197455515753985e-01 -9.097135512298893945e-01 1.628944669552481406e+00 4.951380389416176198e-01 1.300510051979515191e+00 2.345056576012264138e+00 4.712312023570397121e-03 3.665950627097339098e-01 6.662762161138444661e-01 -3.210667525180611048e-01 6.636960338864551501e-01 -4.234398176155541038e-01 3.230164404354397334e+00 2.930659489480824109e-01 1.132556473083562443e+00 -2.224576851970316571e-01 -4.748487108645207955e-01 -4.245238370912254866e-01 9.416209613396769873e-01 1.474275892909869545e-01 6.617419580533047130e-01 4.218666134748574326e-01 -2.114343710843808455e-01 1.495306178772664918e+00 -8.639356366518182728e-01 -1.831434891003976606e+00 1.461233471383613924e+00
9.216986386723715619e-01 9.348906977043093258e-01 -1.136825302877585431e+00 -1.246011685091560572e+00 -3.994232246936785247e-01 1.222809867138172413e+00 -2.178850269520592187e-01 1.278986630104718358e+00 2.252169741099455669e-01 -6.743314214485059965e-01 3.856472825660230835e-02 6.678768838448212453e-01 -5.449936812305804512e-01 -1.191194727934293679e-01 5.295343507825888141e-01 1.824247165563048112e+00 1.290292458187927982e-01 -7.416292939254931493e-01 7.903083600689345678e-01 7.625473974986016756e-01 -1.701204111657519669e-01 -9.047330575188355928e-01 -1.586785722833125245e+00 -1.055156305175713127e+00 7.783990432097812051e-02 1.620792758812227508e+00 -2.059821354116813108e+00 -3.833651242650753521e-01 2.112454734605569151e-01 -6.520564307979377361e-01 1.074955078853489177e+00 -1.456392848444044708e+00 -1.265134035646517496e+00 -1.608800746395297465e-01 -1.653880991904912889e+00 -2.673437428267557148e-01 7.805526405141506308e-01 1.461750368364246766e+00 -1.172319889584860553e+00 2.825513369539937591e-01 6.064712377702775603e-01 -4.532785193899638854e-01 -6.479833761012919746e-01 -5.729626315394752423e-01 -5.238081306531735537e-01 9.949378903292753762e-01 -6.233272740815175572e-01 3.704400819705689907e-01
2.017230413900245711e+00 -1.641949960029244759e-01 -7.231477083352991775e-01 -3.675994167660853740e-01 3.827861519884856456e-02 -3.789697305436529051e-01 -3.244403507710002521e-01 -8.025170221710112850e-01 6.101030959221835914e-01 -1.013247805886067915e-01 1.762811607364242125e-02 3.033274873292836626e-01 -1.371329066905954797e+00 6.222555865845638690e-02 -2.239418624230442023e-01 -1.429978821358424801e+00 8.008564718329910237e-01 1.087526071588022170e+00 2.065737216739184756e+00 -6.795368353036232989e-01 -1.731086414496147696e-01 -3.338685294815682436e+00 -5.993161447336471381e-01 3.211734070826388621e-01 -1.046813501406351987e+00 -3.580025579203379049e+00 -5.602555204112263931e-01 -2.406695884551119380e-01 6.405886342549711454e-01 8.238070701939477214e-01 2.033835111486783198e+00 -1.651029942063587663e+00 7.194943195054992469e-01 6.435330395894228728e-02 -1.536368902220669908e+00 -4.842592982517330280e-01 1.853734284536763255e+00 1.250191355430343210e+00 -3.091970312015870359e-01 -5.254304046668186734e-01 -9.566929579022749319e-01 1.192975511131085381e-01 -7.852294496780583000e-01 -6.626363549935766484e-01 1.227664523217400161e+00 3.021602262923506546e-02 1.637677256453776709e-01 1.308219887131790271e+00
1.327191354552005986e+00 -1.116523777696075026e+00 9.671568518383218960e-01 8.037083390864281363e-01 -4.823330856986164372e-01 1.333578709806814810e+00 -1.198826926193248266e+00 -3.328951462274851725e+00 -6.567328333157899101e-01 1.740325545164867593e+00 -1.084752272577645948e+00 -1.887980993412348818e+00 -7.267906731731348380e-01 -6.122544389166020284e-01 1.847057633933841259e-01 5.094959281736181900e-02 3.442109035572374354e-01 1.368445482976872407e+00 -3.243903329240287459e+00 -1.636492076793520489e+00 -6.225291180144935099e-01 -9.900949060163027893e-02 6.638057414766805886e-01 -4.737752269156593754e-01 2.062934658071184368e-01 -7.537914224773754057e-01 4.522338804560143699e-01 -1.860478007397595057e+00 7.423764363166514280e-02 -7.009630486669106153e-01 2.686489489675505382e+00 -5.189579452901317280e-01 -2.036025654568081877e-01 3.282076979295561747e-01 -1.295524762204684155e+00 3.043952542454567700e-01 2.760292819762008021e-01 3.296275817449588752e-01 -1.188289731343802114e+00 6.070879827100634785e-01 -2.783656611782939216e-01 -7.457084371391347055e-01 7.328123665886129290e-01 -8.155044679118228501e-01 8.486356162377017842e-01 -1.037386012319646333e+00 1.287693730590865560e+00 -3.746437478519404896e-01
9.314051188116733160e-01 1.073134575028255044e+00 -1.000167651035046124e+00 -1.363231511206649815e-01 -4.128342634546747214e-02 -1.461005486013857491e+00 -2.121907123408545370e+00 2.373392740532641598e-01 -6.483205800967145604e-01 8.664028814747132268e-01 -2.166155233860588558e-01 -1.332854264348419138e+00 -1.022950537344732513e+00 -1.222396859996137120e-01 9.050909467208007042e-01 -3.901936723566642451e-01 -5.833491644261296766e-02 -1.724286964066612748e+00 -1.084083935046178393e+00 4.372952864915177762e-01 -7.646101485998121339e-01 -1.222270991531096529e+00 1.003007602851279323e+00 1.549147494711243356e+00 -6.038693773763337269e-01 -3.712955657143192645e-01 4.605059076406339824e-01 5.198337648636174313e-01 -2.144774632167552597e-01 -1.238675959604847110e+00 2.384898206473673010e+00 -1.123865980190625752e-01 -1.077478441216559668e+00 8.354533374838724047e-01 -8.678022017381462616e-01 -4.954291619236904642e-01 -5.400175669897696595e-01 -5.186089080794442641e-01 -2.745141923069060463e-01 -1.105468552442220753e+00 6.613704076388592368e-01 9.629095561368370415e-01 -6.925079135195266744e-01 -3.238579723413135825e-01 -1.403354918177122324e+00 3.033909261433906934e-01 5.299453614433776716e-01 -2.106537467608179670e-01
4.270870124577575977e-01 -7.639093888724104442e-01 2.478347032038169806e-01 -1.321096075906537770e+00 -1.123065070401804810e+00 -1.649933000090574864e-01 -3.913032593020676631e-01 5.274977004697085636e-01 1.072014241582750049e+00 -1.490019336437903574e-01 -8.644424948704688971e-03 -2.405659306421397137e-01 -9.404340855770871865e-01 7.571352986839007260e-01 1.814617997959489859e+00 3.427715680842857715e-01 -5.764055652001283114e-01 3.782497496060151509e-01 -3.999149691087098279e-01 -2.758162502122237236e-01 7.355729837380743374e-01 3.209162842391884429e-01 1.123974039457807939e+00 2.411751747779913024e-01 2.506463831221069638e-01 -1.867494525127365135e+00 -5.951926376348348757e-01 8.090301646333912799e-01 1.332746698641753269e-01 3.075677388637394483e-01 1.594031578087125034e+00 -1.754593416054190724e+00 -1.218267949546941731e+00 -2.145866324788935131e+00 -3.068600576696466575e+00 7.088475581859843277e-01 7.277488126492667186e-01 -3.239886515164941416e-01 6.808536969784007020e-01 3.179800948058660315e-01 5.706850817978234014e-01 -8.085926514593717584e-01 -1.193782911189723128e+00 -8.904218431886167240e-01 4.307652312655556592e-01 3.432671239968615451e-01 9.267972113166990100e-01 5.998964253870808089e-02
1.048450965695815196e+00 1.502475865256101217e+00 -1.078593526461264496e-01 -2.347102720755633587e-01 1.918974759889599202e+00 -5.583089961451149774e-01 -1.695398152211686993e+00 9.799375338701721283e-01 -2.298757406900094225e+00 7.596943001936622419e-01 -2.062850471660971838e-02 8.817147032510389559e-01 -3.331301404925382514e-01 2.148750053545660788e-01 -9.496809043601724953e-01 1.377696241569627889e+00 3.821454643071794388e-01 5.574069815001346795e-01 -1.766388971943410491e+00 2.352853660236681410e+00 -3.611991619130592440e-02 9.164362055509760463e-01 -7.910571318003475350e-01 5.319297912064131495e-01 9.212665417768632903e-01 6.897602954217494364e-01 -6.251043844893904022e-02 -1.211646772319082688e+00 2.513969485526788006e-01 5.610807920748209776e-01 5.897850392250078011e-01 8.373797505412807762e-01 -1.008948211438280174e+00 -1.097725654309981841e-01 -2.710306549310764979e+00 2.435039633404286474e-01 1.747691116198253347e+00 1.079916146628810969e+00 5.803718094628162322e-02 1.714792837650051249e-01 -1.156212247742810950e+00 3.888482818374819905e-01 -1.662763564684916595e+00 -1.476791275860601216e+00 7.131114895618978489e-01 3.605139899268751669e-01 1.799958658427111002e+00 -1.085148320788119847e+00
1.677118954033611553e+00 9.009219158602489452e-01 7.570747996036325533e-02 5.245867319229041703e-01 -2.701064503314577481e-01 -1.098222603490183469e-01 -6.739478424729352657e-01 -7.982863957565541346e-01 2.175278118288275775e-01 -2.063826600379703724e-01 8.703532954856695314e-01 1.101917178837496181e+00 -4.300731871478623014e-01 -1.948794516952398581e+00 -9.612466494115817772e-01 -2.690323544173423009e+00 8.518736036200300621e-01 -1.380357267782789110e-01 -1.097192027593126396e+00 -5.641971693789705755e-01 4.006449674909713377e-01 5.314267169246413847e-01 5.659121174692208767e-01 2.729486887327930988e-01 -2.111853803507368066e-01 2.284376828777459623e-01 -1.685830758973224874e+00 -3.583863218648523918e-02 -1.264428529936931112e+00 -3.303913315458557043e-01 3.466012979818725026e-01 2.173651789285973579e-01 2.012956810369519900e+00 2.523474326391317857e-01 -1.357602792222946109e+00 -7.695882680424793731e-01 7.776212989892462568e-01 2.461399701501786053e-01 8.399601454150069924e-02 1.382767991099063787e+00 6.326188471315767892e-01 3.380860966456826766e-01 -2.156826008031518527e-01 -1.608483766363947742e+00 -2.268075805748603013e+00 -1.857227259187783225e-02 -3.336091968031824617e-01 7.565848589004824376e-01
5.849370611531032882e-01 3.528787924614991134e-01 2.964031344235988907e+00 -2.814047556423959318e+00 -2.619987128509740915e-01 -5.003343847726098303e-01 -1.103502123010824398e+00 -1.537553810406556698e+00 -6.300683835579138359e-01 -1.391868542402140196e+00 -3.139501021200467035e-01 -3.754818023735174704e-01 -6.866431009186012568e-01 -8.575648257852998002e-01 -1.288481000731571902e+00 4.527278292902192081e-01 -4.811048360171231719e-01 8.932801064309296990e-01 3.823030093493072767e-01 4.712215348004741289e-01 5.174503435530922735e-01 -1.410811148404187199e+00 1.456902341897039696e-02 5.985467404374570505e-02 7.515018655553250548e-01 1.333095595940866573e+00 -6.539211691388875647e-02 4.334410787803036902e-01 4.693912993616637386e-01 -7.136530009916903783e-01 -2.847925460633874972e-01 9.954882356318722758e-01 1.374744678900589268e+00 -9.157283746802010738e-01 -1.124006432266073885e+00 -1.674252388226951771e+00 1.221067212575534411e+00 -1.363621647797182090e+00 -4.304299442654626051e-01 1.266309374170087265e+00 3.251705073504685961e-01 -8.168641664488367482e-01 -1.061285115086928466e+00 -1.441990352953516297e+00 -1.016532385402309169e+00 -3.414943141126567938e-01 1.201550284757856080e+00 -3.797046924390198308e-01
1.148471896741291687e+00 -8.865502978047918869e-01 2.860008211676029477e-01 1.589883399678258646e+00 6.870971850660544389e-01 -1.688005579158239899e-01 6.546144914712126450e-01 -1.739483407282531369e+00 1.750876364206663593e+00 -1.270556545221613431e+00 8.330578337901056729e-02 -5.276257666163757243e-01 -1.535921038649192605e+00 9.620741836133120950e-01 3.626163791006393189e-01 -2.633357755256424126e-01 -9.655569428189982872e-01 -7.668467840197110141e-02 -3.008787295579350499e-02 2.576243262446133997e-01 1.297191243815229988e+00 4.628683035413707070e-01 -1.274051758086285346e+00 1.101060121017054305e+00 -1.135905318948570830e+00 1.034762973604419045e+00 3.096479273197894067e-01 8.020621219440404737e-01 -1.074562284107267285e+00 3.594121901273249486e-01 1.045881746742824081e+00 -1.419501316370315847e+00 7.614552318240657147e-01 -1.819680000677817780e-02 -1.409390679673359070e-01 5.279630283362046761e-01 -1.290808317824287510e+00 -6.347130368252017485e-01 6.808855149571327869e-01 1.126496054300968330e-01 1.978105523467138527e-02 -4.759213770221322193e-01 -1.123399543035557890e+00 -4.962529690324883891e-01 -4.951468262174347212e-01 -6.860613987592361074e-01 9.796617013611575997e-01 7.431518590821158954e-01
-2.747469448969184352e-02 7.199457049702829847e-01 1.301954301397766356e+00 -2.240855359475440345e+00 1.236549223933705921e+00 4.717830466433421965e-01 -9.442635798774757783e-01 -1.275276573316618256e+00 5.891523610450877246e-01 -1.539526464525989180e+00 6.779779645915484654e-01 8.056402684023334926e-01 -1.650385308487646974e+00 4.518494331265847652e-01 -1.211367152724229124e+00 -9.047070059148580867e-01 2.013698178850684695e+00 1.280916933483345455e+00 -1.714167715647164858e+00 9.882154452812787898e-03 1.318226916789316527e-01 -5.724282016098291778e-03 -4.996233976110601160e-01 -6.858385160838781358e-01 5.497806349584841712e-01 3.906008011341702835e-01 -1.444571716689878382e+00 8.018715542162858645e-01 9.992271125284405420e-01 4.603243927500315080e-01 -1.207054979298423758e+00 6.760937031799416630e-01 1.145833594402550393e+00 -2.564565152553746508e+00 1.020994433002727769e-01 -1.572291338163676722e+00 -1.725255869944045228e+00 1.119577668803880988e+00 4.825270522222162572e-01 4.750999792777633735e-01 -1.617934580443846360e-01 1.647294665105517364e+00 -2.286183513168784376e-01 -1.380163920549198897e+00 -2.746179098800918261e-01 -4.116007848754040799e-01 -3.932773843636876987e-01 -4.872748320663838895e-01
7.616068852020315694e-01 8.378544598737830418e-01 -9.804506224438565287e-02 1.966968939509094738e-01 5.513247621787380481e-01 -1.172594440645624125e+00 -8.782217574279914674e-01 6.565446651448730853e-01 6.655411306722696096e-01 1.040923115092440954e+00 -1.294283469792978369e+00 2.856693311166760840e-01 1.266041912823211879e+00 4.864101882463198745e-01 3.632445912957826262e-01 -1.591132965201589089e+00 1.347221648247563852e+00 2.216105960947305498e-01 -1.054805493484104462e+00 8.095719364577601551e-01 1.122968570197324212e+00 1.170989426938579436e+00 6.245753865819662076e-01 4.262811148838267505e-01 -7.160164801715408756e-02 -1.033168396060190730e+00 -7.939487165119634149e-01 -6.001820501860939405e-01 -8.579009484129390684e-01 7.485307480564895588e-01 -9.835247504596918988e-01 -1.901836293185877880e+00 2.379714061891716192e-01 6.016870516725699725e-01 1.139520276949089750e+00 1.087177460888598901e+00 -1.285663153542796755e-01 1.106705507480066020e+00 2.720284242811153996e-01 1.833554075487748181e+00 -1.091966535216297052e+00 -2.839484012012724601e-01 -5.656343887234043244e-01 7.388466268601485698e-01 -2.924376920288119797e-01 -1.758754786930433633e+00 7.905539338974457708e-01 -6.864874232600648787e-03
-4.573588715902199286e-01 -1.528378171222730675e-01 1.430888702440701987e+00 -5.938424161183224470e-01 7.402144154208698534e-01 1.276085265935185564e+00 1.016896381004983141e+00 8.254332850717057690e-01 1.079257146288124636e+00 1.157261272594585000e+00 -8.356032944653692951e-01 -1.790768962756373039e-01 -4.340563932263671321e-01 1.407992652219428820e+00 1.432420354123353778e+00 -1.503599472334594900e+00 6.063791987431329522e-01 -1.081192594077517999e+00 -2.191724101144991277e+00 4.451279637030660652e-01 -9.607387119569255063e-01 3.261169515579880329e+00 2.694033047608704323e-01 -6.947860532244051202e-01 -1.565027304704674993e+00 3.439370538832979274e-01 2.890223480531061151e-01 -4.607767555755006850e-01 -3.321726441774870975e-01 5.207224062405998444e-01 -3.712441477851634586e-01 -1.960319244463740451e-01 -7.540840333309448140e-02 -1.372653074716133181e+00 -4.530704197183794690e-01 -4.721884727828920547e-01 8.079319093657261197e-01 9.508876458848205537e-01 -5.395890550903797989e-01 -7.385705238293233110e-01 4.573545750846429447e-01 1.175720299100098565e+00 8.333391822682522099e-01 1.753107554822042613e-01 -1.831402498021756697e+00 -1.441665042148972398e-01 -2.689694642406335601e-01 1.452391218387008021e+00
-9.607828582667479189e-01 -2.578988956299312352e-01 -3.536199800045921604e-01 2.397051240986967369e-01 1.220952102114188031e+00 -7.364924270791816108e-01 1.179117551464366809e+00 2.115789221516442886e+00 8.994924352115324373e-01 8.770071739271647626e-01 4.189506810000759862e-01 -1.720282628380441103e+00 -5.339041931952009934e-01 -1.119417361291747071e+00 6.830456080880979719e-02 -2.211866969766622393e-01 -6.462664020656537778e-01 4.298046131363190137e-01 -1.225159255256242696e+00 -1.304622831413541739e+00 1.925257431612630743e+00 3.135287980101673921e-02 2.342787923631576563e-01 6.095111386441145473e-01 -9.708120973283271837e-01 -3.394098547224726481e-01 9.101440981368520422e-01 1.671206923030697622e+00 -5.241039053281589810e-01 -3.634517085521091762e-01 -1.356996740974237170e+00 1.070592966803355778e-01 2.440759755900146821e+00 1.517031385283727385e+00 1.625015778777608277e+00 4.260620671960667072e-01 1.949906667632373136e-01 7.116532957530454784e-01 3.604645545394478123e-01 -1.880219616052115406e+00 1.394844158797161837e+00 -4.993969741120022343e-01 -2.492865054738738484e-01 8.297141449369523081e-02 1.141136142240845031e+00 -1.236378396525627199e+00 9.101606976678057181e-01 -1.039554834436932917e-01
1.761999896282315237e-01 -1.238169381627331339e-01 -8.354334564830818710e-01 6.663166691320002721e-01 -2.023975757125158481e-02 3.130280642889566867e-01 9.961535400708769472e-02 4.587667232540964535e-01 1.235685082634104676e-01 -1.362537484007444011e+00 2.314545796850668233e-02 1.222760033181467199e+00 -2.046625581876781563e+00 2.264014019900646435e+00 1.442468986649942941e-01 -2.323839232555958034e+00 3.802689467698393555e-01 -6.699830077747617185e-01 -4.172470965161629297e-01 7.825457071148924637e-01 -2.564782756987755263e+00 1.722939641953607215e-01 -2.695286987313534777e+00 -6.412486128236010163e-01 1.075832659900294974e+00 1.569969281625343549e-01 2.848742731860767208e-01 8.252842418855064199e-01 1.919518935673617310e+00 -4.073607032630764402e-01 -1.738378565313671187e+00 9.716468844056422860e-01 1.184415952576854059e+00 -1.116814286485249719e+00 1.339208832037953822e+00 9.314503280617519865e-02 -9.498432263648692864e-01 1.824018788997504803e+00 -3.781403696938374082e-01 6.104686917454361234e-02 -4.652596979137040289e-01 1.142903613874847180e+00 -1.582892252601074912e+00 1.050640229177653096e+00 6.210715595421488766e-01 1.079729263359041624e+00 -7.231419158216354504e-01 -9.254270367321566770e-02
1.968114534621664413e+00 4.234849363328868632e-01 5.412755600751892882e-01 -4.490684890286997938e-02 -4.444904837040355994e-01 -6.996803207998960605e-01 -2.723032512751893397e-01 1.925178868896115336e+00 -4.476938624318880233e-01 5.654921910351968367e-02 6.654638215504680154e-01 -4.173270421595295931e-01 -3.735586000862107237e-01 9.964932227941496468e-01 2.163034501499958018e-01 -6.915443373733384247e-01 5.470536253004482097e-01 9.160109584788792558e-01 2.013976073692717861e-01 -3.613205047875489018e-01 9.783503512174243077e-01 1.561418380706602438e+00 6.221012658773584780e-01 -5.075041285565873306e-01 8.570520614933401227e-01 -2.102383686070202984e+00 -8.597560137624759014e-01 3.991189024739978941e-01 -5.362058406161402946e-01 -4.299456348977465786e-02 4.999853678076177643e-01 1.554591563215653283e+00 -3.733090885146235216e-01 -9.014923659172849879e-01 -4.137474540568524262e-01 7.323127483437571472e-01 1.111077564609042501e+00 -2.443994791399473065e-01 1.897842131245357944e+00 6.452982345047988955e-02 -1.202387034392990106e+00 4.480377914511645132e-01 -2.712415073758218664e-01 1.557698710217860105e+00 -8.133688050748169029e-01 -6.499032485545193083e-01 1.080131632647542528e+00 -3.279727117304574724e-02
-3.747654343745677741e-01 -5.071683802764208604e-01 8.739284334862825743e-01 1.300927334797872925e+00 1.167376838107767600e+00 2.969969989587377124e-01 1.151521330200531601e+00 8.939930025386852996e-01 -3.205289837933907315e-01 3.778334660947553769e-01 -2.492468867879077121e-01 -1.511109145081056759e+00 -1.221965647514764219e+00 -3.130213417878698889e-01 -2.675110872713630239e-01 -6.682138175594388718e-01 7.363542841185349852e-01 5.482299057018970023e-01 -1.418500456655807707e+00 1.205547611818075016e+00 -7.417117184428202448e-01 8.906387364460920386e-01 -1.208884813451965412e+00 -1.997534608974499859e+00 -1.323988422379787089e+00 -1.412568670858557640e+00 7.467406903689630671e-01 -7.933772575056854404e-01 -7.022148891736010867e-01 1.293339212312060615e+00 -1.287144073746499862e+00 1.747306264336681236e+00 4.568494291887106873e-01 -1.997448182077432355e+00 4.322688956489993961e-01 -2.032652976655768828e+00 -2.238503959585710135e+00 8.716403679859628939e-01 -2.418930929197725899e+00 -9.002267992709495070e-01 -1.518094242307330033e+00 -1.606917665382979976e+00 -1.460699115406405291e+00 -8.407564093489550139e-02 1.094872612390612954e+00 -1.128108033003392130e+00 9.920468627369130044e-01 -1.148096639953024800e+00
1.030174862791280344e+00 5.920961648766206453e-01 1.041946435675978666e+00 -3.057549347136016490e-02 -2.531831926131348220e-01 -5.351523838603129413e-01 -5.445429176150819520e-03 -1.715304959037166066e+00 -8.983529450636115743e-03 7.184002393194447444e-01 1.052690425493677084e+00 1.014990142855735300e+00 -1.438675330501499629e-02 -3.291582047672081957e-01 -7.029212166567883058e-02 -1.181021211133081783e+00 3.924955402171066976e-01 -9.181953092460048982e-01 -9.428483119092013753e-01 -5.761630907327129902e-01 1.070536900310688072e-01 1.581522468309064233e-01 8.840324635196631364e-01 1.776648656755889233e-01 -2.598130741183652503e+00 1.056248352953007563e+00 5.333933604271513529e-01 8.661307378429006221e-01 -1.510363230828278558e-01 -1.272626905159653043e+00 -1.633403854181925352e+00 -4.745837009482951063e-01 -1.950493565784224559e-01 -7.111226956431480062e-01 -3.002917795599310269e-01 -1.591172244401783953e-01 1.119864461187388915e+00 -3.145286142451910738e-01 1.138701807147595169e+00 -1.502062521136417195e-01 -1.470787708711744912e+00 9.079755408304087672e-01 9.951957251979700603e-01 1.650020908917955442e-01 -1.906570352609699537e+00 -1.714423073247390295e-01 -6.817922796427766663e-01 2.125501402471523249e-01
-1.479480974168996710e+00 -1.953387419466837693e+00 -1.412769199781239993e-01 2.536929880268412596e-02 -9.742836779206776737e-03 -1.970393474982861659e-01 -5.162090367072517949e-02 -2.505187689616356295e+00 -7.454883561872722719e-01 8.339219426586601536e-01 -2.139967192712965149e-01 -1.142877486015595467e+00 7.815192729045385978e-01 1.968078206704160449e+00 -4.755176524368550511e-02 -1.529626351550348984e+00 -1.341783390861828851e+00 1.589043263249541482e+00 4.716079140124027624e-01 9.860817666177923435e-01 1.633910289465069776e-01 1.986082887391760643e+00 -7.236262877019380424e-01 2.020444332464920445e-01 -7.019680766451916742e-01 6.151864838110288058e-01 1.832557387408986771e-01 1.323448927124037278e+00 -1.261991615036172520e+00 1.453495931142233744e+00 5.212998504119443766e-01 -7.482021776570800808e-01 6.464596488273612052e-02 5.779512672462278067e-01 -1.375549892286835885e+00 -4.085444508214824966e-01 1.053369553676814230e-01 1.206452246764820435e+00 -1.624049067595135121e+00 1.423280702059493530e+00 -3.589401308163972515e-01 8.871074313368296771e-01 5.933714948687259794e-01 -6.832618827501378833e-01 -8.807783355654424939e-01 -1.830573575509425455e+00 1.734521657316220600e-01 4.497440363464719204e-01
1.257168993513382571e-01 1.386918173831451995e+00 -1.635378594805073083e-01 1.672963380036632808e+00 -7.950501830414786752e-01 -1.859294752075709489e+00 -1.315254450077577797e+00 -2.173044674837831813e+00 -5.334967582069241043e-01 -3.937065685028527939e-01 -2.574295887755347900e-01 -1.279407274257562843e+00 7.333604087259582016e-01 -5.737361060770272969e-01 6.112784788918913526e-01 7.052158903162477621e-01 1.220397263503610219e+00 -1.453230981979401815e+00 2.469702501595334887e+00 1.297735838143445619e-01 -3.800304262635474384e-01 8.031678806448374619e-01 5.558933458829139473e-01 -1.695202894267184845e+00 -5.308419709458643831e-01 -1.360358543880116344e-01 8.542554031623555977e-02 3.809435343300708321e-01 1.425770633180172053e+00 9.102159257164307848e-02 9.849267172507901458e-02 -6.791830861161494148e-01 -1.015653774800186371e+00 8.346428705270586557e-01 -1.812485553763477863e+00 8.609632275442901106e-01 -4.133079821883934857e-01 -1.367332070838392699e+00 2.321030142999402912e+00 2.181391182491555780e-01 -4.646244240748396148e-01 9.386611617925401108e-01 4.776732996273436727e-01 -3.242100468787921796e-01 -1.353375088391029379e+00 1.329642023069924350e-01 -1.845856302562620677e+00 4.596675612114139477e-03
-1.301195015204581473e-01 8.078101326905547941e-01 9.980385578567577687e-01 -1.092600742358605048e+00 -9.899962191851265914e-01 -1.142118713389639106e+00 1.571605282566307035e-02 -1.346104284249651561e+00 8.548591293387673706e-02 -7.557836954093462012e-01 6.352544187573523349e-01 9.000269643249339535e-02 8.065262823904297829e-01 -2.110969476492151387e+00 1.320497704465879218e+00 -5.634235550351700539e-01 1.598356384022758814e+00 -1.195478467746121432e+00 -2.822257547688252211e-01 1.424220510194131872e-01 -1.212216375150527270e+00 -4.384395555342116002e-01 -1.273074399328026018e+00 3.017698859487349602e-02 -1.411951060847351502e-01 -1.546493956390342595e+00 1.579838640363336044e-01 -9.385245560196640024e-01 -4.521652338599293497e-01 2.568944642665512146e-01 7.415070665097620028e-02 -4.396540067358397641e-01 1.177197765490731518e+00 1.253862150380360453e-02 5.070280778297382440e-01 -9.782902774504149968e-02 -2.691262037744818758e-01 1.083780874748078160e+00 -7.349115924787090748e-01 2.077701434281366666e+00 1.093228515470648921e+00 -8.480071289359222275e-01 5.851710903017040000e-01 6.701642131914103961e-01 1.148197766728309199e+00 2.335002426370244244e+00 -1.029758959667413709e+00 2.946247175074893310e+00
3.092139679773890926e-01 -5.731342871592327165e-02 4.702316318187792499e-01 -5.330037422282946080e-01 -3.179591585347724680e-01 1.207822919003864293e+00 6.288317176594532265e-02 -9.611738209934224120e-01 -7.256630244474376878e-01 1.359930688194059156e+00 -6.108645071332566845e-01 8.268627569660009780e-01 -2.500480810347376903e-01 7.638930638294079145e-01 -2.583483782471757140e-01 -3.173465909978610555e-01 4.707304938774900527e-01 -2.278321443974112848e-02 1.072757744272981872e+00 -1.180210634072823783e+00 1.518422185021590209e+00 1.329374858091986633e+00 2.567060419848412045e-01 -1.222216360132134305e+00 -9.092046808135213487e-01 8.570519924765689357e-01 3.124652102052123404e-01 1.683698214346014854e+00 -1.226864642328447719e+00 7.112437337115896652e-01 3.884079403327424185e+00 9.796244079910620961e-01 -2.204601249052458578e-01 1.084618257165960609e+00 1.058283277362632030e-01 1.210181730755570950e-01 -6.067959056780248828e-01 -3.970632683772861160e-01 -8.101151492226544848e-01 -7.288729256237445053e-01 8.035908260403277215e-01 -6.774786586526549970e-01 5.593703683661319648e-01 9.788138260749167374e-01 -1.009171683489478305e-01 -5.557334511357870932e-01 2.579675068639656899e-01 1.768283068753168541e+00
1.661922067114388835e+00 2.535590322736619440e-01 2.678899684499313483e-01 -1.553616835767007986e-01 -1.779732788321108095e-01 -2.663098710284143578e-01 -9.711638217562037489e-01 4.491405900702307719e-01 -1.283578851192225256e-01 4.147112071676807843e-01 1.754577484925084196e-01 -5.654408416637684009e-01 -1.406430314160747042e+00 -5.169336211960997574e-01 -1.585808138405405021e+00 7.998670643360484833e-01 4.692353301462162118e-01 -1.039039186442887619e+00 -8.473161658280596864e-01 2.865489733555620089e-01 -8.599718317208265850e-01 8.863138709906621671e-01 1.962804361789718843e+00 -2.747939506369958096e+00 8.248813331588528142e-01 -3.367946598940180780e-01 -1.147362064940145254e+00 5.683053718261418252e-01 -8.128025223208407146e-01 -3.149779392958400037e-01 -4.212950149634571151e-01 1.849596908714933763e+00 1.434591758970971132e+00 -1.572781798747707460e-01 -4.310913834416079116e-01 1.017488722776993759e+00 -1.516884563242853812e+00 -2.324358637543576300e+00 7.170409413433599388e-01 -7.090663768940341782e-01 2.174515702054029831e-01 4.256020073812912807e-01 -9.544145068241416396e-01 9.381582187942573148e-01 2.972692324975805267e-01 1.312289428394446844e+00 -1.026901508936140850e+00 7.551257294459386982e-01
6.237056150912393404e-01 7.652976531787635261e-01 -5.872058111251474699e-01 9.235783426022219356e-01 3.523747950642752702e-01 -1.685997798514263346e+00 1.784519409318368721e+00 -8.290248306658817290e-01 9.231592308434637406e-01 3.352906821399981863e-01 -4.623896235428812673e-01 1.110725760940277196e+00 -3.527832370771704640e-01 -6.492614643620500114e-01 -5.289117414806239481e-02 -6.205247992303155602e-01 -1.396542951512525166e+00 -2.430062020171421533e-01 6.987417163717510871e-01 1.087823124957792098e+00 5.815499356866508096e-01 -6.980509982917493250e-01 -6.631550151842199314e-01 8.835489583607357700e-01 6.195185888843859345e-01 3.279940339152669360e-01 -3.277484365451289738e-01 6.460789066663654712e-01 -6.587541204478397638e-02 2.007242745590537503e+00 3.125657974929374472e-01 -7.281522031535929695e-01 -3.499886502067908745e-01 -3.354827608487284119e-01 -1.021205646783749588e+00 -6.136534382218297168e-01 -9.164496647685365094e-01 -1.134303044042752839e+00 -8.228114206271303077e-01 -2.380843766747330115e+00 -6.306910879091462974e-01 -9.192832202011423925e-01 2.695795167941072434e-01 5.865085841393998800e-01 1.549916878776185891e+00 -2.309646926245303433e+00 6.294446448555313101e-01 1.354003653141545860e-01
-1.189594627008379257e+00 4.844368249553248490e-02 -7.809318424590152574e-01 2.895239199039237321e-01 -3.084212918590543140e-01 -5.381210046922682011e-01 5.288232139684039268e-01 -3.392515219826643391e-01 -4.993026693026816898e-02 7.977014724269236856e-01 2.860421999489158318e-01 -3.860727536422639550e-01 -1.578486533717641471e+00 -7.429233794035314808e-01 6.585945349637388757e-01 -1.026203944230092757e+00 -9.518922823364156516e-01 -1.254437952472904128e+00 -2.653750097352571835e-01 4.931348624853726936e-01 -9.844578111057957770e-01 -5.319129368282582426e-01 -4.553779180084865843e-04 1.263450771522828919e+00 -3.779950328875941179e-01 2.225679343694167422e-01 4.812017997768380240e-01 -3.996410534539289738e-01 -2.615742522531128156e-02 1.157476489214075643e+00 6.758225592810739313e-01 -9.451927329500092734e-02 1.341191858029763484e+00 -3.846816411320871376e-01 3.643076364968859671e-01 1.833825171226327599e-01 5.044087393873413205e-01 -9.189417610550788540e-01 -4.946161224492553465e-01 -9.676180316899304357e-01 8.737675478712578769e-01 3.920758986195037599e-01 6.346420683616001979e-01 -6.961813099067248878e-02 7.444105456435184953e-01 2.135857414789638753e+00 -1.352525623407429434e+00 -6.831086951706447641e-01
-1.942042458065466493e+00 3.404227882438788377e-01 1.829487979034825629e-01 1.753617949770694961e-01 1.853539330920383810e+00 8.661877755734670448e-02 -5.127388965076106198e-01 -1.092871511681588359e+00 -1.473156783913542323e-01 -1.570601270479002054e-01 1.819107830773969647e+00 4.396683847581088211e-01 -8.306944098464693615e-01 7.048239723377406341e-01 -1.162176259156420421e+00 -1.158725908700732332e-01 -7.104461007632548175e-02 -5.372619926897153064e-01 5.908738386248060248e-01 2.751716032409319834e-01 1.468641111352636974e+00 -3.737158526104858436e-01 5.143427822736609256e-01 -2.427246054225236538e+00 8.087355214334408793e-02 -1.990267630535229038e-01 -4.301376963452073487e-02 -5.588920620468592615e-01 3.923455251362485408e-01 -6.960583798784804044e-01 1.302149640936381525e+00 1.151720885170770398e-01 3.919054364570601634e-01 -6.850801513102012796e-01 -1.680626314789333664e+00 1.276485586387876792e+00 2.435375942504093560e-01 -1.138514648421171449e+00 1.518342315253735364e-01 -1.029845783755393818e+00 -1.677235769507958274e+00 -2.618681870360184405e-01 -1.909304817432225798e-01 -7.083440372317625355e-01 -4.004950601768609286e-01 1.792154544056695220e-01 6.557110937239881698e-01 -6.724465322769774822e-01
-4.983962373566532822e-01 -4.602979037496959802e-02 -3.372276554740709087e-01 5.509664777561634752e-01 1.667855780648477726e+00 -3.734985880803292080e-01 8.907916890124858433e-01 -1.141287404480580275e-01 -8.086581946354672867e-01 -1.290734863989759118e+00 -1.218863224015504843e+00 8.021928436649009564e-01 -9.217426560617945075e-01 -3.818930351382590072e-01 -8.217991441547711773e-02 -1.699170281037994668e-01 -1.599600213683342487e+00 -1.311170185804375832e+00 -2.814830246211101339e-01 1.131604626550906323e+00 4.620257825280225106e-01 1.320763471869977224e+00 -1.346927669948718043e+00 5.106504039052544019e-01 1.283932920614420992e+00 -5.222951740484618188e-01 5.235170322096176498e-01 2.028693647831811830e+00 -3.858143055266072818e-01 -2.193829763469919147e-01 -1.371977506682959591e+00 -9.466509489521586218e-01 -1.203672147337132348e+00 3.681703429528218607e-01 1.361937490779161486e+00 -3.908380537184026338e-01 1.029484288120892321e+00 8.201435225514240868e-01 -5.431982581752151096e-02 -4.008499335101123329e-01 -8.362044405047383555e-02 5.792327554323786210e-01 -9.625019797879452721e-01 7.447688946953415767e-01 -3.106084366711709954e-01 -1.085717174192617041e+00 9.967919042153351727e-02 -1.796366304732055941e+00
-6.061853582233395210e-01 1.146902997256256107e-01 1.808484395386604493e-01 -9.596044086259919448e-01 4.552292904378553717e-01 1.815813540439727980e+00 4.054270175051897795e-01 -8.617348668253279609e-01 -4.321813384818422310e-02 1.014038657394257692e+00 8.248064988356434979e-01 -7.296074005881548752e-01 5.179542211400713914e-01 2.765964736463112361e-01 -9.129825382080811735e-01 -6.186411604419178936e-03 1.605637347502263390e+00 -1.420509811131264177e+00 -2.577575458440865663e+00 2.733756296417363951e-01 1.849398000823342936e-01 1.454505990447237940e+00 1.188083977076113129e+00 7.299829337114480676e-01 1.001965268929198905e+00 -4.811993536359208956e-02 -1.130009847793809419e+00 8.168573681504004425e-01 -6.639431543951903603e-01 -1.146304576863550917e+00 2.918179457467951488e-01 6.587785471671275817e-01 9.506554763763465088e-01 -9.882198326505511332e-01 -8.044326505429489904e-01 -2.728289497660869589e-01 -8.072322392219102305e-01 3.182620953155219090e-01 3.407528551776292103e-01 1.526915681044793416e-01 9.731550849243181256e-01 -6.838957748795968516e-01 1.961321399801373155e-01 -1.053462454371784512e-01 -4.812351124517117440e-01 -1.192789382839373608e-01 -1.121777340741818008e-01 -4.617410135237476898e-01
6.452366246277669859e-01 4.749008466512760762e-01 -1.573265813750432507e+00 4.944298115819949491e-01 5.724709340650647321e-02 2.310310531231137832e-01 6.166757740814092781e-01 -1.562741113775146573e+00 1.043889590382196308e+00 -1.039014587706519555e+00 -5.082553319965488203e-01 -5.662955758659367067e-01 -2.924287550088577881e-01 -9.238443877624484823e-01 6.766294237186019078e-01 6.610839548143371269e-01 -6.116393820282106653e-01 -4.445034103138427728e-01 -1.598578118230306599e-01 7.784811167676803853e-03 1.640320867088946422e+00 -2.308672749010062475e+00 1.257381701442747690e-01 -1.188639556798930519e+00 -1.385392205714558234e+00 -4.318563260759129552e-01 1.061119484428751925e+00 1.876959264225732449e+00 1.422187790042880873e-01 -1.788289110956696459e-01 3.556761611568012293e-01 -2.623099972737306995e+00 1.909258536428113162e+00 1.754181727221780340e+00 7.665293791722119776e-01 -4.517650647460560998e-01 3.225521968327337508e+00 4.394411912021505273e-01 1.801420485146553452e-01 -4.273245146907010961e-01 -8.458297653171599206e-01 -7.376252854773920342e-01 -3.456099477939300613e-01 -3.447611442494264433e-01 -3.197029189658448511e-01 -1.542808598022400723e-01 1.027328928844445599e+00 -1.074572333999671114e+00
-6.439360188819811537e-01 1.673459170491894632e+00 -1.243928115859681327e+00 5.502416327605295088e-01 3.922150127324836588e-01 -2.510617957343090900e-01 4.491500408500269659e-01 -4.442739802284174089e-01 6.133136036911779332e-01 -6.592294943183181211e-01 9.254075844573618204e-01 -1.504040747982249071e+00 7.427001515003386345e-01 -3.067451171120225833e-02 -1.535736781117194694e+00 -6.285655139106086642e-01 1.035534757180325283e+00 1.704182409313869773e+00 -4.934809491590451125e-01 -1.745055765910087375e+00 1.705674196839966628e-01 1.002969488881861215e+00 -1.130240141901018625e+00 1.826399906889876468e-01 -1.866193812469671309e+00 2.806775296414218079e+00 -8.619025757413218969e-01 -2.528955821422251282e-01 1.906759593679878129e-01 -1.973594300144755564e+00 -1.707048483007236106e+00 -9.075420459609131463e-01 8.116814553437028124e-02 2.572824818075536868e+00 1.247165016754400169e+00 1.552290322617821294e+00 9.338928260612286980e-01 9.053839341271165964e-01 1.763515117677569854e+00 2.393551413477382539e+00 -7.841084918625406130e-01 7.233709645655705955e-01 -3.503480349558935614e-01 -4.661654334159912039e-01 -6.300940864561141996e-01 3.598801956485602749e-01 -1.508607220166929164e+00 -1.094853779700203589e+00
3.953209716891131209e-01 7.359174190912270985e-01 -4.536222573851192985e-01 4.019824629063818988e-01 1.482686027051459965e-01 1.304338221218360516e+00 1.946830521972720551e-01 1.171124597965886166e-01 2.865287038393624086e-01 1.006029256515572623e-01 -8.758452863304350133e-01 -2.123094933267822615e+00 8.604532601170748751e-02 1.300098925329393529e+00 2.467291847753764755e-01 -7.017158736496880156e-01 -2.016250446312249922e-01 1.859190294852445913e+00 -7.412643581833101847e-02 -6.917183248852588617e-01 5.444244623314455911e-01 -2.393721245430743050e+00 3.246665116156555730e-01 -3.587371190048641578e-01 1.394506262459433321e+00 -5.897087762252786192e-01 -3.954518053434220026e-01 7.337301982825225055e-01 2.056126269058086431e-01 -4.735552821220274655e-01 2.191086909558575754e-02 -1.149615028321191890e+00 -1.141358384564642670e+00 7.617854569307338508e-01 -1.222059240246087031e+00 -8.763886636548537390e-02 2.719019752252999300e+00 5.563358889911951266e-02 -8.869697225254901118e-01 9.768666372326557656e-01 -1.485348795263578214e+00 1.222386891352743143e+00 7.505240520092003320e-02 -5.960490953971084860e-01 9.990262843301432882e-01 1.260275292579536410e+00 2.764618945690776042e-01 -1.363056032071420454e+00
2.318156304271158930e-01 4.398387271899148465e-01 1.155818246640229585e+00 -7.085555876017582966e-01 -1.493337553446609789e+00 8.834579331361533949e-01 -3.646460175648020829e-01 -1.707819020735422966e-01 -1.991615669244789055e+00 -2.147396213382609387e-01 9.546078394419820201e-01 6.155500402228013535e-01 -3.088373876614219915e-01 -1.170074415996558703e-01 -6.570119658760116277e-01 -6.042195102975801424e-01 5.436526176016086565e-01 5.634712723938070100e-01 7.338509999252618154e-03 3.361836483175947077e+00 3.769666146107761295e-01 -1.710219862365285337e+00 -1.657186074212464444e+00 -1.151518066940011992e-01 -2.093385650400488018e-01 7.074131235236381654e-01 1.091419973597526294e+00 1.669198289601494967e+00 1.082289160749099199e+00 1.316660236127829897e+00 -7.842277620700391916e-01 -2.558875253061553501e+00 8.666134096539854781e-01 -3.027260562157688129e-01 1.671720530588039766e-01 -1.003593834354319148e+00 -3.226975863549488288e-01 8.455850112360141502e-01 2.415717829080678281e-01 2.435164920730381877e-01 -9.779114623875786450e-01 -1.783519245565053479e+00 2.709928480753071023e-01 -1.597687649777399965e+00 6.894204793066599501e-01 9.311071368083223554e-01 7.062903299661865697e-01 -7.246357990956229234e-01
5.070037228880186486e-01 1.390076984980012975e+00 -1.122767968854884307e-01 -1.367680483509713385e+00 -2.466624476906900121e+00 1.571227692894828776e+00 1.364224444612344378e+00 -7.154124765949301246e-01 -1.622878965037028165e-01 1.365316766358406042e+00 2.863476260250701344e-01 -1.279272476466241926e-01 -1.182273912526693005e+00 -2.556462727792716993e+00 1.046530473247771820e+00 -2.295268685515444496e+00 -1.209590602851143615e+00 4.468968304413463433e-02 -5.478031278613778587e-01 2.752590802368659606e-02 8.688422121462199277e-01 9.464928615917701793e-02 -5.168829184356416029e-01 4.667725033859477235e-01 4.422102386085282055e-01 -3.064398330153861316e-01 -7.060614390598851653e-02 6.472235867880117288e-01 2.059452395358443433e-01 -2.970123662987378954e-01 -1.382419425104282951e+00 -1.487813599809461262e+00 6.183684955108689207e-01 -9.032719828125557182e-02 -1.597849216010265083e+00 2.943827858546587128e-01 -2.106072211962890961e+00 -6.812130373588010102e-01 4.062166520765094629e-02 1.315001156578061436e-01 1.248314359420190867e+00 1.495799617731507158e+00 1.149242525634348588e+00 7.134748699967985441e-01 -1.756951337299982541e+00 8.576358942645933015e-01 7.450941774995929467e-01 7.136147813787112326e-02
-5.214258856613063209e-01 -1.902784986783828458e+00 -1.321369373782002865e-01 1.118926857469707992e+00 1.204641393011073591e-01 1.561438822535067716e+00 3.257055590872556250e-01 -8.602157920059443352e-01 -7.700568759495747262e-01 -6.321498841728383500e-01 7.666447581670658706e-02 3.330531957741638682e-01 -6.945295153265159671e-01 4.311884667042041319e-01 6.434563600291705043e-01 -5.499197813637550780e-01 1.011265988775338631e-01 -9.552655792420351455e-01 -3.920279434668870189e-01 4.713155390624270136e-01 1.951007249157990620e+00 -3.321417935348708328e-01 2.916764700422077028e-01 1.860185177878373786e+00 9.702945441145439665e-01 1.567086266484567572e-02 -5.900723865495261650e-02 1.578460227954345374e+00 1.615680786112613232e+00 7.227490061653936426e-02 5.084218539561640160e-01 -1.485409621736507813e+00 -8.689516195499219497e-01 4.015593043869495338e-01 -1.510607765166513294e+00 6.521763980639102565e-01 1.082787967196475964e+00 1.155055299855133777e+00 -1.172556876741586152e+00 1.787094002462614739e-01 9.041918859563891075e-02 -1.050585105695637012e+00 -4.058018912805438361e-01 2.785055794973058732e-02 -1.267091333831393385e+00 -5.366363064083394807e-01 5.274806946952858011e-01 1.129013343834753380e+00
-1.616955769972923118e-01 9.197014435148128664e-01 -1.264937650385880852e-01 9.602410918558688113e-01 -5.279765173545220014e-01 -7.328604555886802929e-01 -1.539115133525374546e+00 1.942170861385687231e-01 -8.915591019917672444e-01 -5.794737895444935782e-01 1.024077303938101924e+00 -2.085301657440580270e-01 1.093788503523855038e+00 -1.494323616120949882e+00 -3.735982347616160215e-01 8.406732427813720099e-01 5.769853450657614902e-01 5.438973904321527941e-01 1.048051274616993711e-01 5.553441715147549029e-01 -4.352835859901408311e-01 1.495119493785760090e-01 -7.977543081916353973e-01 1.836931133842500674e-01 -3.842552187003017705e-01 1.330403162369111492e+00 -3.139041889617301129e-01 1.123192733549072120e+00 -1.071396177732617666e-02 2.715891563714269985e+00 -1.082181362335587149e+00 1.998127971966645322e-01 8.701799253668610623e-01 2.878328952234200377e-01 -3.497979114649031107e+00 -1.862011165604780194e+00 1.768212411052737520e-01 1.653612574246367872e+00 -1.727701078842744375e-01 1.128677788054492925e+00 1.148243607398108823e+00 2.004308208673091674e+00 9.128258511239439876e-01 -1.254933117814576615e+00 -1.915817758145498539e-01 1.384723101505168863e+00 -2.267657072463059587e-01 9.527279844687827071e-01
4.928461930671702573e-01 1.586941389015543935e+00 1.036202095193253347e+00 -6.417523075379417963e-02 1.040674124702019032e+00 1.606596678635844100e+00 -2.976637350137267823e-01 -7.342117529199775339e-01 -1.048578157150563017e+00 8.201255261751397851e-01 1.747528403843493505e+00 -5.402587905293477766e-01 -3.183008792436142764e-02 7.065945151449272155e-01 -3.189605255131059414e-01 1.291373647093243093e+00 -3.478330237918377255e-01 3.938006766858104246e-02 -8.318764398566987905e-01 -3.316022865828673338e-01 -1.886530853664641905e+00 -1.717373948460954480e+00 1.859445462085730805e+00 1.141210036995792709e+00 -1.532810260852373707e+00 -1.360834178921261350e-01 -2.346394419382235308e-01 1.684505857113985039e+00 5.111667718510720659e-01 9.936403472074261112e-01 1.230574316793092260e+00 -2.702562901045958976e-01 1.119342043356733374e+00 -8.109455238623348716e-01 6.126050590435324628e-01 -4.087846024719552496e-01 -7.614380924838632936e-01 6.979136807027390699e-01 -1.251173391412422564e+00 -2.723181013184484023e+00 1.721627938995873963e+00 -2.907019811849604340e-01 -9.322367630618390022e-01 3.177842728252761040e-01 -8.534684990142304972e-01 9.374114715541455034e-01 1.618129261260558005e+00 5.547584063485277994e-01
3.947760995548822427e-01 -8.280996717868559232e-02 8.790194259145817091e-01 -1.701920669839852351e+00 -1.555566122347184499e-01 5.439962622619575194e-01 1.320347734749389934e+00 -4.825904366768825060e-01 -5.383512657945985908e-02 -3.818174528456279582e-01 6.146914897807173039e-01 1.727821509474814499e-01 1.957989991004525088e+00 -1.351992527936608290e+00 1.941054944510230418e-01 -8.245295407627473150e-01 -8.893889572336554084e-01 1.729931156578806917e+00 -1.053495244308729761e+00 -3.001071346603380041e-01 1.362025442553669308e+00 -7.342557201354694696e-01 1.177107610454043884e+00 -1.002603679933111724e+00 6.723428257457161328e-01 7.796746834195004139e-01 -1.077246415997400453e+00 -1.181223777809501163e+00 -1.025135958689827737e-01 5.610057951741685978e-01 9.723684122661401252e-01 1.698421320596905870e+00 2.824416052029989466e+00 -3.667445597158558446e-01 -2.835768377695926934e-01 4.267378724892652020e-01 4.502018621319322372e-02 3.206119641287664690e-01 1.639562120950837310e+00 -2.498633639317314470e-01 -1.130650282669701134e+00 6.487375783218459757e-01 -7.024297472879754978e-02 -5.750901410147427617e-01 -1.080022826979557538e+00 -5.684249348984727473e-02 -1.144227764690799454e+00 1.497210314925022878e+00
-2.187414870634984410e-01 -9.828836941846524899e-02 1.334017193351963781e+00 -3.498957412676100276e-01 -1.514182935565973276e+00 5.716769712058517028e-01 -1.034273709032145661e+00 -1.568267911105208690e+00 -1.624156482685646108e-01 4.723858953945250239e-01 2.369273854646736233e-01 -2.137417674837265580e-01 -4.922294441725305059e-01 2.889870896561092195e+00 5.283507179786977037e-01 -2.772944536433824547e-01 1.106897625248246086e+00 4.342393293267256260e-02 9.170239844295658971e-01 -4.578532058973904806e-01 -1.143857809322960994e+00 1.249279511773237150e+00 6.254628456396321701e-01 1.552111673162806516e-01 -2.829057298628114003e-02 -1.042875072584529716e+00 9.706720656947930015e-02 5.475645597331653125e-01 1.370189589211590342e-01 -1.882222639137246745e+00 -1.522148536935779006e+00 7.925484907582049932e-01 -4.859571940621203456e-01 -8.297741598889537551e-01 -1.029367464771120400e+00 -1.439795385460232557e+00 -5.319170370762558164e-01 4.596915411903809007e-02 1.617223725055908778e-01 -1.571595765924422627e+00 -1.167849854736150883e+00 -7.107749827132159304e-01 7.807119614888979528e-04 3.624194211468491633e-01 -1.199414011433873384e+00 -4.548780977630514921e-02 1.486169814177028758e+00 1.310681037898761891e+00
-1.299859322374541160e+00 1.976367398122622188e+00 3.353878464484468247e-01 1.755673440484790238e+00 -1.240151279388145955e+00 -6.001758688340216308e-01 8.994641962226761212e-02 -7.797461613608532849e-01 1.110990241338030149e+00 -5.266100580530923558e-01 6.079215515141320747e-01 9.462383893420055481e-01 3.163029658136178035e-02 -3.326598815845390189e-01 1.631165639036110226e+00 -2.895894810507556594e-01 1.354346375388019830e+00 3.292817780994659049e-01 -9.556694772756262335e-01 -6.470818683150598716e-01 5.470397571197211928e-01 1.020541714574337844e+00 8.509222087749618302e-02 -2.613999877524295634e-01 -1.013241842036244567e+00 1.917089356925985033e-01 5.876892127439340419e-01 -2.545541944147140523e-01 -1.656266724246766353e+00 -5.423240860000100305e-02 -1.321848769222209619e+00 -7.170985109606634600e-01 2.858544806412992023e-01 8.658655307181652994e-01 1.464492120221355886e+00 -9.349475245658324107e-01 -2.418304138542794135e+00 -1.837642098091644693e-01 1.440347514538330209e+00 5.227266636942663469e-01 -1.259453369731693417e+00 -1.350603059151806562e+00 2.092993718591896535e+00 -1.432130676989216367e+00 -2.836209737272119003e-01 7.701710310648517410e-01 1.700554804734202285e+00 8.193426851227215979e-02
9.192305457891005935e-03 1.203409560809244994e+00 5.516139385151912489e-01 -5.372645328785962127e-01 5.688614027772871395e-01 -1.168046590330310996e+00 -4.760163482143706659e-01 2.947886761496308350e-01 -5.361216286572867418e-01 5.748145982173282764e-01 4.079737141029689540e-01 -1.992113397116505036e+00 3.065554140596584154e-01 -2.540031693191533921e-02 -9.257090449391477405e-01 1.687770819725831206e-01 3.864047510289018716e-01 -7.842557156102515636e-02 9.245188188159293718e-02 1.022792165256015462e+00 8.546391279391198914e-01 4.607069626776495452e-01 -9.400004190885286048e-01 1.374505190857539860e+00 -9.896273325618142325e-01 -2.033436319082483568e+00 -2.653851139210005039e-01 1.121013383878082914e+00 -6.818727874378733844e-01 -4.502338038847891744e-02 9.340489164077433459e-01 7.421935843999208915e-01 -1.307888416083669236e+00 -9.763699040994172629e-02 -1.240185997344457780e+00 -6.977795271349331203e-03 -1.816603518148586893e+00 5.197446533829714888e-01 1.755312740821240336e+00 7.510694572545696390e-01 -1.011642426777816128e+00 1.203084717694340222e+00 -1.549317615343320131e+00 9.500025787627258689e-01 3.942137147289000443e-01 7.975671187312878274e-01 1.345588450389043622e-01 1.556559178077299821e+00
-8.933892726913227333e-01 2.264531566990088951e-01 -1.835667427852455846e+00 -6.432560333106533967e-01 9.015519292016174191e-01 -1.130236303727697011e+00 9.296224456478343612e-01 6.601614600932647070e-01 1.671119754094363696e-01 -1.426724203625236331e+00 -4.845863988125236332e-01 -2.347189473610018950e+00 5.660957586613304393e-01 4.075095869685769340e-02 1.232105929745333395e+00 -5.231983813940197514e-01 1.750761384140983701e+00 1.672059809220680426e+00 -1.447513064773770175e+00 4.912139428793751289e-02 -5.579916902053896344e-01 1.249952484107471840e+00 7.070695190824805021e-01 -4.673333064338043852e-01 -5.593436111924842136e-01 -1.335798497103705268e-02 -8.429372074368857159e-01 -1.847917199147912415e+00 -3.017584985828160038e-01 2.007514600218160972e+00 1.361293512464070155e-01 2.281930686643513506e-01 -4.955525560326565770e-01 -1.004102783439759339e+00 1.378266055122223888e+00 7.149619146085006705e-01 -7.962979863770917044e-01 -1.532561023772355702e+00 8.254880052570555404e-02 -2.280394756022240177e+00 -1.926815637217037303e+00 2.387249752977475548e-01 -8.903680887928937526e-01 1.449528246345925586e+00 6.653068197884176582e-01 -2.767317277245065488e-02 -2.651803638965102294e-01 1.474232746244868553e+00
7.880841753919329840e-01 -3.538666827041100360e-01 3.412446317876124957e-02 3.974077899410478620e-01 -1.416700775750068697e+00 -1.594078144941682762e+00 4.625678488235343000e-01 1.731227057199524300e+00 -8.704006579203198424e-01 -1.664268418277872863e+00 4.817369106517375293e-02 -1.019248408241493070e-01 7.034916878878706425e-01 -3.365151731536207280e-01 -1.108952190103794422e+00 -1.609971755138606575e+00 8.787003818706107250e-01 8.769620635187360680e-01 3.378608559905978970e-01 -2.927121334521524121e-01 -7.631172505481332857e-01 -1.261320073092951688e+00 -3.077056948568600014e-01 1.537426376557295082e+00 2.478474661345446695e-01 -2.179855827495402187e-01 5.887398054345912568e-01 2.452851720560226406e-02 -2.424291761288349001e+00 1.020769453801942506e+00 1.130148821704176632e+00 -2.082231971092757261e-01 5.851811257089202245e-01 -1.422377021219130233e+00 3.731041278162449681e-01 -3.618540081244165374e-01 1.781788981098574587e-01 -1.263415110241423722e+00 2.311241988734362152e-01 1.331396787513329460e+00 -5.477238671858845054e-01 -1.437955158465045846e+00 7.347433430645107233e-01 -6.405428092954863484e-01 1.541457152809816877e+00 7.249268803779610471e-01 1.848132661983522551e+00 1.282266603143588535e+00
-1.558923394562901701e-02 -1.169864081499851355e-01 8.132855318477473228e-01 3.094231781841932927e-01 1.759512374258952461e-01 -6.839755503784572532e-01 -1.194402050491082390e+00 -1.358625520194728098e-01 -1.118491787118112812e+00 4.237846093850919371e-01 2.048550498527480279e+00 4.204549078585003707e-01 -2.779723079499673233e+00 5.111430251992665763e-01 -1.224480945782170149e+00 -9.350160459391047008e-01 6.303902723598738822e-01 5.927043076441886882e-01 -1.137949996993143698e+00 -1.972031514318312473e+00 1.049013559164920339e+00 -2.161298221432034872e+00 5.916652024135436727e-02 -1.305135722686407540e+00 -1.998510664587834329e+00 8.751143569476517170e-01 9.261370005552785889e-01 -1.160713772831648560e-01 -6.290149486584805105e-01 -2.882600706139913371e-01 -1.536807986513321289e+00 5.770202711483357616e-01 -8.723072565571926562e-01 -4.077002097827377436e-01 -6.873419847236655889e-01 -1.420450312167449880e+00 -6.836756699887353017e-01 7.688271981833161295e-01 4.929227126681514082e-01 2.613491179694995004e-01 -1.416046711195879659e+00 5.587329014147324191e-01 -3.207927631066489926e+00 3.132505668786610409e-01 7.955102965300436813e-01 7.714713439690614738e-01 -2.270027379663214773e-01 5.314615344795271812e-02
-6.307268774730918626e-01 -9.344321369333771221e-01 5.923858725458871488e-01 -1.505611672680343682e-01 1.188285004580398735e-01 -6.634684301242947946e-01 -6.512095922331817555e-01 -1.973870235706897125e+00 -4.256974801616649762e-01 1.074470478836534681e+00 2.733488368856379580e+00 1.280892157563852551e+00 -6.759154226526844500e-01 7.791877977190028171e-01 -2.282690786191339874e-02 -6.482458229786000059e-01 -7.567991379348212866e-02 2.073220796361321838e+00 5.559360712574743513e-01 9.904283626384789985e-01 5.377965632393835183e-01 4.580685312457790648e-01 -7.231036765571247082e-01 -1.783418662836324942e-01 -9.652131144542489549e-01 -4.679669084566755455e-01 -6.379752739025992270e-01 7.122168884510806652e-01 -1.029264945530388831e+00 -2.122632143409897143e+00 -6.159449969894822408e-01 3.299218488082432121e-01 -8.308683072087741373e-01 -2.376999385714576307e-01 7.812223237360705896e-01 6.381300210256446448e-02 -3.505538587268015593e-01 1.953060176206183440e+00 8.536031497169570548e-01 -6.589560799922005163e-01 -5.609168365403073286e-01 -7.292827403353512317e-01 9.863976068861378677e-01 -1.783671510227986534e+00 -7.081623822199626384e-01 -1.095413034108555062e+00 -8.942694641086831320e-01 7.666067757050615272e-02
1.186235375852301654e+00 1.571366984089062058e-01 1.088740544026231438e+00 -2.277471193894793078e-01 5.490790148323081432e-01 -1.206233328419074713e+00 1.268188029036338982e+00 4.282977278308457425e-01 -2.762517146264154566e-01 -3.128647718887935802e-01 -2.397843990412978687e+00 7.488867162849617565e-02 -2.095053592311791224e+00 -2.348840486830877927e-01 8.964505068729113901e-01 8.506631745997244032e-01 5.315699498990213157e-02 1.406227746083585251e+00 -4.488422624410593614e-02 -7.231861110247069790e-01 1.396010899146152395e+00 5.987185762164245473e-01 1.822785564613847331e+00 2.646309936500822690e+00 -1.372391820028947773e+00 1.683751752288572767e+00 1.513338667425126349e+00 -1.958852670322056011e-01 9.386806560668079502e-01 1.031421953552467130e+00 4.161858956307062929e-01 -2.856983978966505244e-01 1.264878313898918361e+00 -3.515917837396457801e-01 -8.444764605035179894e-01 -1.048175172011852618e+00 -1.284505736173865653e+00 5.284829210999539839e-01 1.462423039849339634e+00 -1.774760646422317123e+00 5.106546602582788807e-01 -3.910282789691822414e-01 4.572161009803646370e-01 -1.189864962742498200e+00 -4.602229321306741117e-01 1.036435688193796834e+00 5.621113709407348225e-01 -1.163948983173616059e+00
-7.030847638342240247e-01 5.064184645883248459e-01 1.134158913803575253e+00 6.355749162699687871e-02 -2.489913959559278689e-01 -2.424246563560044088e+00 -2.334290235784916845e-01 -9.042664036278583173e-02 -5.532499987123061791e-01 7.037239179525444088e-01 -1.693329649331732689e+00 -6.752438940128436401e-03 7.091770529134715506e-01 -1.520543504112036537e+00 2.497021321580967790e-01 9.340559871236084888e-01 -1.856010086688051786e+00 2.186915548314411761e-01 -1.306265238437172016e+00 1.066061088241840649e+00 -1.616712758382391202e-01 1.692709417765459357e+00 -1.714244154913764584e+00 7.532126378057055760e-01 5.588348133150766728e-02 -8.168462496845800835e-01 1.215288540301300513e+00 6.475075312222023927e-01 3.116326127563725512e-01 -1.300801641913169382e+00 2.867243591519776924e-01 -6.700520156532904226e-01 -8.651919306615756255e-01 1.423552565806512460e+00 1.462983023864114163e+00 9.852023070336169974e-01 -1.695132195077977133e-01 -1.432007256577149112e-01 -1.257757081403568122e+00 4.589322366734696068e-01 1.031283584651886853e+00 -1.930127306120107633e+00 4.369881043437953139e-01 1.521362141807088175e+00 -1.096786192543349969e+00 1.720853337631832528e-02 -4.140966759237236783e-01 9.726205842724837680e-01
-8.704017877817405990e-01 1.064418931598817841e-01 -7.369419685324100078e-01 9.247021388210630022e-01 1.486542026431755703e+00 -1.056691036765175173e+00 4.217388980525206277e-01 -9.290773379251029418e-01 -1.144728210132525681e-01 2.572467265915857393e+00 1.788151039116327445e-01 -1.900943296019690920e-01 -2.090872619101268592e-01 -1.912268689826535528e+00 -1.339782108048364506e+00 -1.281141080326243076e+00 1.734612162054060824e-01 5.639526265859288179e-01 6.351475175557669273e-01 1.413100399937334828e-01 1.021521856353879043e+00 -1.298403866093405634e+00 2.650475307717221618e-01 1.792802400612999447e-01 -4.701710389660064826e-01 -4.489976806271909204e-01 1.392287836000973167e+00 7.180633716565407720e-01 1.561055855963820793e+00 -8.052681062808649814e-01 -3.508190322701866815e-01 1.616371295688591392e+00 1.798000501682426033e-01 1.120348579369127906e+00 4.239339272563310557e-01 1.107140206459064080e+00 -1.147592519424349478e+00 -8.403151418231129544e-01 1.001069683380254371e+00 1.119249744696073190e+00 2.524829264396108441e-02 -7.375213639361553053e-01 -5.335364420415553699e-01 7.456845104487033193e-01 -1.253401291917725979e+00 1.733301600721041336e+00 7.882628222204236534e-01 -3.015116544274152321e-01
-1.253790771211739319e+00 -1.171682541523898280e+00 7.052635448762432091e-01 -4.750677279167064837e-01 9.920029979756799232e-01 -3.697341390615662693e-01 6.663795711159266055e-01 -2.046892902346844900e-01 3.400791197416341283e-01 -6.761684319020037082e-01 5.746408611217126428e-01 8.418844320847502782e-01 1.037210710848145645e+00 -1.241037522578555485e+00 -6.566598792482210289e-02 -1.172603517803682882e+00 -3.587051924169428752e-01 -7.744985411321364532e-01 -3.649171927421342998e-01 -5.959006460714212361e-01 7.061746429821715021e-02 -2.186957908694485031e+00 -1.068599570807951205e+00 1.153245003550938286e+00 -2.313209726377515596e-01 8.685812462175163118e-01 -7.176157145499442169e-01 -1.575129843060263102e-01 2.829297364220207944e-01 2.797680927947986396e-01 4.269751831557216382e-01 1.108999263539016678e+00 8.373771570741197490e-01 1.296366345560491462e+00 -5.872077707511079714e-01 2.115844545251673203e+00 9.461857172525007798e-01 -5.673625251975317196e-01 4.566296511158345339e-01 -7.901077793462446541e-01 2.656022307801456872e+00 6.842580240800970603e-01 5.325837168754062878e-01 -1.889610540231951574e-01 1.823482811151666272e-01 1.255985284695712301e-01 -1.212321108128533664e+00 1.992811703600463891e-01
-2.744277032065067790e-01 9.658576015434135187e-02 5.415935373788892393e-02 1.764367887873568019e-01 2.020636814650066670e-01 3.552781699724614772e-01 2.649524860219203415e-01 -1.502068466295607418e+00 -1.966415336841862205e+00 -2.100686436541378266e-01 -2.051457763164752368e+00 -6.565929035430838612e-01 -9.067655780061608661e-01 3.115696184788623313e-01 2.813758764523013767e+00 1.712770471518421933e-01 -7.090416879612605472e-01 3.832982909767666535e-01 -5.555828370438485875e-01 -5.627833181925863126e-01 5.086300290089138532e-01 1.660360363866380418e+00 8.805871494613963790e-01 2.780430488864245042e-01 7.177743993730584249e-01 7.917827797011409707e-01 -7.776405864822186209e-02 8.464265168027642616e-01 6.941794900476880859e-01 -9.281860860930891965e-02 9.176005209405496688e-01 1.225195449979395688e-02 -3.669555870152490379e-02 -1.211800566218538044e+00 2.326777811841246324e-01 9.657086174629156972e-01 1.282656873268042119e+00 1.192512356941492824e+00 2.251646011001572578e+00 5.514585198865742388e-01 -9.544076502565993492e-01 -1.403651345959756380e+00 -4.132271852975447080e-01 7.772424274556462634e-03 2.408844407777532393e+00 9.394506078920004111e-01 -4.855328618156987686e-01 1.208775834958622175e+00
-3.455113572130577571e-01 1.131994105291917574e+00 3.592117435859658592e-01 -1.723540109155860534e-01 -2.425077621297673514e-01 6.912438110379228728e-01 8.074579082874437930e-01 -7.678265456428597924e-01 2.404417103622666085e-01 6.705410952515065137e-01 1.524587076477285086e+00 6.802058823890788641e-01 -4.766659706747177760e-01 -1.937558982367203475e-01 6.202807442709994123e-02 6.529684782418154754e-01 -1.404825090339541838e+00 9.829049200365247430e-01 9.818429684312212080e-01 -3.266323035629817989e-02 1.674395295711949005e+00 -2.304126142374495756e-01 -4.356084473966283406e-03 -7.070918305925408820e-01 7.848176449159828261e-01 2.346793403360235286e-01 2.774403731219204916e-01 -4.731760765444841255e-01 -2.705337976787478005e-01 3.063841102446284381e+00 -8.118310076117796203e-01 -2.766576146483678555e-01 -3.567142197678280224e-01 -5.098398542717358373e-01 -4.618754897547600047e-01 1.012006400707245346e+00 1.264899767771562544e+00 -1.245541461130036387e+00 -1.166137773965726654e-01 1.047927175220629614e+00 5.348349900538524881e-01 -2.368071651126643085e-01 1.225306298949462969e+00 1.013231993491187921e-01 -1.853884855465870174e-01 -1.775930894289672768e+00 -8.181126042394379350e-02 -1.660455819192473648e+00
-2.733605017036414009e-01 2.476602088781924671e+00 3.042301020202592410e-01 1.249812511024749551e+00 -6.153703294016155817e-02 8.156816663795083411e-01 -1.211496750787068644e+00 -1.002495069064802014e+00 8.802471410645497374e-02 -5.876969354229886200e-01 1.911555461016596902e-01 -1.049467467344279425e+00 2.732947347071212375e-03 1.386258636024141344e-01 -4.651249535234537880e-01 -6.196359386458754059e-01 5.661913227578353469e-01 -9.086383015637699012e-01 8.161298554446633213e-01 -2.406753750413675785e+00 5.798695052532590877e-01 1.087850673477279484e+00 7.152530747320685611e-01 2.087988934132880559e-01 1.205240179319461591e+00 1.298026775699955726e+00 6.160963327659736422e-01 1.276138298481084066e+00 6.670700774949140932e-01 -1.207406904011176785e+00 -4.103654374495110946e-01 1.585446592162685908e+00 5.081116951694565342e-01 3.262738915228789293e-03 -1.042503535061700237e+00 1.473734844677362599e+00 7.098245482727832956e-01 3.810824286026506802e-01 5.242129139065042631e-01 9.154778174884582731e-02 -1.146173922102749598e+00 1.376158514387872123e-01 -9.556040795885412109e-01 2.222833635187727586e-01 -5.550812610678412806e-01 1.903611986161124481e+00 -8.029973581396290250e-01 1.567076550142930902e+00
1.320531848239596906e+00 -6.558976692218089488e-02 -1.349237398236239782e+00 -2.834693774259903210e-01 -1.529828704194304168e+00 -9.937207470400161169e-01 -7.747047307609222777e-01 5.920949229543760461e-01 -9.831240546468680286e-01 -1.873791958542411429e+00 -5.438565425327837044e-01 -1.586830887458734907e+00 6.061868403473531508e-01 -1.167356625469208931e+00 -4.950662934763643830e-01 1.916099239549896360e+00 -1.024519658699643898e+00 -5.788670579505590386e-01 -5.780250968090031582e-01 6.573869076974572234e-01 9.891247487494806423e-01 -1.177488281137414550e+00 3.905170949206169806e-01 1.530557235669561145e+00 1.746687716023019032e-01 1.112745380538727291e+00 -9.639348826647799184e-02 1.029840075603041027e+00 -1.718837528085380983e-01 -2.494229374597936033e-01 -1.093264054245526751e+00 -1.560974886129776085e+00 -3.771986354715217704e-01 -6.205492303451214386e-01 1.558237256180774744e-01 -1.718619399157636396e+00 -2.798202961269112832e-01 -1.682847067471995306e+00 -7.163186472589440079e-01 7.513498012978324647e-01 3.552519434968058887e-01 2.131822290405146703e+00 3.105738833038138025e-01 -4.657630090771276987e-01 2.049815347875315830e+00 -2.858789079957995694e-01 1.426756535447859964e+00 -1.153490412770330348e-01
-1.628529903534607692e+00 -5.969275368218800448e-01 -4.075262116289183889e-01 5.703391673928503991e-01 -7.240670047531990727e-01 -1.327265815374538249e+00 -2.436347851838982226e-01 -2.338158853715358365e+00 -1.960970592857010641e-01 -4.654957683099550381e-01 2.756292946900466667e+00 -2.277529717271963960e+00 7.025502003592916378e-02 7.507041701944175971e-01 -7.059073087640558297e-01 -5.650073845376012427e-01 -7.051599198809424540e-02 -1.143143279894869080e+00 -1.754915693630965778e+00 4.307992916120552129e-01 1.114266415192021853e+00 2.670938510703417257e-01 1.097860320478677654e+00 2.107795171649184063e+00 2.149114705509923631e-02 1.811032179053338798e+00 1.116582880671957989e+00 -1.393917239535681640e-01 7.727312334138014549e-01 -3.355248536558670946e-01 7.938903899442797396e-01 -8.463967542594877935e-01 -4.842637599317978769e-01 7.160844391138331266e-01 2.042684623736755745e-01 4.547558539357959839e-01 -7.435537702199590537e-02 -1.869145120046658448e+00 8.714388438791256242e-01 8.609916761130821661e-02 5.827928703641313546e-02 2.951142275274056814e-01 3.888487228750642788e-01 1.496672500214559220e-01 -2.477704715732582663e+00 2.447477969683622967e-01 -6.799237718537853858e-01 -1.626483312827168015e-01
1.318795101675136694e+00 6.988462373393107274e-01 1.104182267506467641e+00 -2.596642861207302033e+00 1.405893070517734378e+00 3.747012080390311195e-01 2.828826419323422492e-01 1.158875810924839600e+00 -2.263751976546218847e-02 -3.471558247784019557e-01 -1.924179574234000878e+00 -1.717857898219077750e+00 1.490281891000101666e+00 2.802725552746428983e-01 2.873326085877116465e-01 8.370848911413631965e-01 -4.760486633698348680e-01 1.008691892744634444e+00 1.834923215639992611e+00 -5.541277825448592820e-01 5.459871072737056963e-01 4.813725244217449961e-01 -1.357637783533117981e-01 -4.250683139507668296e-01 -1.010480524090837523e-01 6.490485001991020964e-01 2.899906264048638938e-01 8.306458070480942091e-01 8.645390407595295867e-01 -2.211784858581246627e-01 -5.412881496525395741e-01 -1.600194164799001895e+00 9.142803377086548000e-01 4.344467421453005462e-01 -5.677665282180809347e-01 2.503184462872476979e-01 -1.241766548170318285e-01 -7.779045508539431664e-01 -2.415895365668473127e-01 -1.711252465371911891e-01 9.820022909880162798e-01 1.326543679134094322e+00 2.156632862762808411e-02 1.781286147323195346e+00 9.705614811832882216e-01 1.215359517410359060e-02 -8.041100106678293891e-01 1.489715728343709300e-01
1.465117933685081697e+00 1.041646522845795175e+00 4.550340130017499485e-01 -6.275058068737595640e-01 5.628451257768893878e-01 -6.258942401565376068e-01 -1.674424057814650757e+00 1.567813879063550742e+00 5.623853684325632596e-01 4.531481140339146951e-04 -2.404394979870112803e-01 1.318488256058176766e+00 -4.106867543454317260e-01 3.219149044221188416e-01 2.292199363002630275e+00 5.758743101642479489e-01 -5.123150732755533676e-01 -1.126336654383083280e+00 2.024790659617410338e-01 -1.818970628788811883e-01 2.214039688465446187e-01 3.988893438962163446e-02 -5.840054176196666225e-01 -7.198152752083987194e-01 2.716263272028672238e-01 1.847882378864927011e+00 -3.796856679415145375e-01 -3.421324183402314756e-02 9.383496855743161946e-01 2.948194894046649028e-01 1.678145382348316339e+00 -9.469582545272550167e-01 -9.636333676357992095e-01 5.967434095103461011e-01 7.681581762948146430e-01 2.521182937925069978e-01 4.027618476726315538e-02 -1.107102496751171339e+00 -8.154773359389828613e-01 5.453710744586659498e-01 -1.275426203225946908e+00 -4.549749128749008276e-01 2.393541995472686423e+00 1.876612621411689386e+00 5.977584596292571106e-01 -3.092387819165778873e-01 5.033161437550710549e-01 1.236407069350394572e+00
-1.688852350291644155e+00 2.727549387092301103e+00 4.171669216044794626e-02 8.919818837372749387e-01 3.313785203750350128e-01 9.057824873980319103e-01 -3.967928396656418832e-01 -8.594154427907028104e-01 7.791944406636657217e-01 1.103346279641827632e+00 5.768317673281928570e-01 1.677561888909812060e+00 -3.370682970594158223e-01 -4.778101493784520648e-01 -2.305966326486343920e+00 -7.827585767499943836e-01 -9.027669461225297232e-01 1.696917560274314729e-01 7.841499987195767185e-02 5.103415908012516322e-01 -9.008868905023991180e-01 -5.032192060488405172e-01 -6.635956567609088141e-01 7.904525180401643647e-01 9.484480477277800192e-01 2.953139055912311850e+00 6.037019675226877879e-01 7.405978223009043182e-01 -9.156572615116420621e-01 -6.174856040649844280e-01 -2.709768304818510609e-01 1.071448843417617702e+00 1.051182679666875508e-01 -4.341973876761689999e-02 2.549466377883273793e+00 -2.175404002380278090e+00 1.022620500498785112e-01 -1.274594657749498205e+00 -1.208401507267588659e+00 -9.899525379604313668e-01 -2.875133849408321729e-01 -5.451459300925547424e-01 1.359604280180529479e+00 3.040045514138540184e-01 1.038646979918917967e-01 -7.149965460162103215e-01 -1.302385452074111605e+00 5.046100731219423929e-01
-2.063095910131123034e+00 -8.266435770087117163e-01 5.503338001526156265e-02 6.849952589353913712e-01 2.231318122611643529e-01 -3.164229035790793593e-02 1.353916688048721673e+00 -1.677955723435973490e-01 3.159777458236721626e-01 -1.773762555843804156e+00 6.237150336528284322e-01 1.028024856549346833e+00 -1.034916795915612475e+00 -6.631368578048558136e-03 5.834315241856989909e-01 2.518755824195587079e-01 1.868915754916567806e+00 7.697921190590835128e-01 -1.304506705630895436e+00 1.488781134641209425e+00 2.148994969897667293e-02 -1.430276850848621883e+00 1.599853170770666189e-01 -6.551113244459625395e-01 3.870996497817357773e-01 -1.232608488590444695e+00 -6.233688603721150301e-01 1.049456295382050985e+00 1.785578056097960165e+00 -7.999267840450705602e-01 -8.100064018679770106e-02 -1.860958698015940938e+00 -1.418595303354950321e+00 -4.186964277496000308e-01 8.140595259608596201e-01 -1.538955225304328600e+00 9.076580539100712608e-01 2.726635976137328221e-01 -6.432481011933037784e-01 -2.353463618387526546e-01 -1.433293801587193883e+00 -1.141224242244520681e+00 -5.750982944333820485e-02 -2.892700556061778561e-01 6.218920622354654482e-01 1.059430568032762476e+00 -9.251147361760815313e-01 -1.277857042878413063e+00
-3.774641418186516217e-01 -6.296713994661403691e-01 -1.952792672081445247e+00 -1.643936399169601437e+00 -9.155683874490021523e-01 2.132441231605734622e+00 2.751749741153680096e-01 8.052625208311476879e-01 3.106147518989072487e-01 -1.286487494923591601e+00 -1.040315986010523393e-02 -6.457637368837987335e-01 -7.377095424635002896e-01 -5.087977355460354678e-01 1.978338288736269268e+00 2.623410372073108343e-01 1.213620019883973278e+00 1.958362793342268260e+00 -1.857150382770150987e+00 1.717907695489208908e-01 6.028590912409126368e-01 8.251010752051930464e-01 1.946187402866223604e+00 7.375519957643981162e-01 1.473472229564789793e-01 1.438378243019677649e+00 -2.757891196903214381e-01 6.942727093883648282e-01 -7.569949132924674862e-01 4.442458459436314233e-01 -1.615944210798436753e+00 1.845903168829646918e-02 -8.984508075150263728e-01 3.164162292728085468e+00 2.648895013999256753e-01 1.809428234819018544e-01 2.898436873526286650e+00 -7.381661618428396743e-01 -5.353097226687084653e-01 2.055908489552344065e+00 7.990749846866512796e-01 -9.720258599602829008e-01 -9.713309184032113963e-01 -1.392945937770337705e+00 -7.340356393566959126e-01 4.598178431503072705e-01 -3.112024779695081178e-01 -5.476060452433106907e-02
5.682220056165383504e-01 -8.801330873557234868e-01 2.426215247094569705e-01 -1.990354117281313284e-01 -5.814864522458840224e-01 2.090851139952902837e+00 1.164673229105172236e+00 4.718940889708104769e-01 7.526878235227199565e-02 9.103359987181752766e-01 1.380394436771273270e+00 -2.024566148285861900e+00 -1.301344410445204547e+00 1.868487792061291453e+00 -1.034435883377674337e+00 6.424871250378101362e-01 8.857704095311620396e-01 2.510960841291993151e-01 1.107045668402855343e+00 1.311188996118348937e+00 3.015052986599873197e-01 1.757008577718016107e-01 6.031276925571658065e-01 1.264284378640100348e+00 -7.086713168142967645e-02 6.001428739762967313e-01 -3.424393262993326026e-01 1.298238170072288700e+00 1.182432936316721195e+00 1.292255018283533508e+00 7.025215966627501585e-01 -1.400739215012289485e+00 5.237062266724005211e-01 1.002641658812704506e+00 4.723349904205145777e-01 -4.363970946910308291e-01 1.115201220491572665e+00 2.340605815282212454e+00 2.121427645818008412e-01 2.490878850956832480e+00 -1.054983046717085537e+00 -1.121186383818474908e-01 -8.050793508208771154e-01 5.507203542639477201e-01 1.014515203981898539e+00 -1.208034429379265751e+00 -1.533962789367941726e+00 -8.507589174998241299e-01
4.780190478260702980e-01 -3.526467584918017151e-01 5.994227695980807180e-01 3.455227161933162316e-02 1.631360020569861513e+00 -1.989355751806582751e+00 5.435211884348091493e-02 -5.418893554999910656e-01 -1.660045081621206453e-01 4.494818996671843814e-01 9.706072807239624067e-01 1.185346634812980193e+00 6.996231697040001807e-01 -4.209444975169858161e-01 -2.788438229664003121e-01 -1.250366390539962014e+00 6.513035376626492567e-01 1.777604582851534554e+00 -1.563221393676978987e-01 -2.810874659328725933e-01 -3.846269036670765251e-01 6.624731880756854485e-01 9.139915301247619750e-02 1.284831960345324209e+00 5.625469385652548393e-01 -4.075661474211921265e-01 -8.755846862834248956e-01 8.598482011857432328e-01 1.052240254914254214e+00 -2.436991597841996482e-01 -9.082204524301783488e-01 7.455479305781227417e-01 7.563292675192847536e-01 3.854632278896506503e-01 -1.695851469915879095e+00 -7.757329724724769671e-01 1.277249471289909843e+00 1.378512276676179038e+00 -1.202472578676427872e+00 6.600833601442644694e-02 -7.743450617652091195e-01 6.186993531952389436e-01 3.660925915016992049e-01 -2.385532183468511036e+00 -1.520918264156830624e+00 1.138915684946340878e+00 -2.284175252735748674e-01 9.334472293429682543e-02
5.267639170655435965e-01 -1.276661243902806664e+00 -1.721242498999824067e+00 9.755679434975574882e-01 -1.499583867359784772e+00 -1.379888215750471325e-01 2.006429792878633211e+00 1.219272294346257723e+00 5.710149759731307506e-02 -1.450766999487585807e+00 4.726087429134405715e-01 -3.825447542843665172e-01 -4.747703789813357278e-01 -1.440618183617180748e+00 -9.110738211413550031e-03 -9.056752056849085575e-01 5.116177133664677745e-01 4.093637708312042878e-01 -1.961160639968403174e+00 6.494112935142369869e-01 -4.303181259777008050e-01 1.821829547621238277e+00 1.530195218304244209e+00 1.226085798931626780e-01 6.290241313263017497e-01 -1.030176595951550089e+00 2.929403375808141141e-01 -6.487099105951034117e-01 -2.001645808107504809e+00 -1.598238443819577359e+00 1.013285942395853567e+00 2.231338740549830002e-01 -1.574743521763285248e+00 -2.179700989608387152e-01 -3.659971281132682885e-01 -3.299932263446124781e-01 6.297970128670020706e-01 1.031511779838313991e+00 3.152730195055072904e-01 -6.432518301722753851e-01 -8.646260826797053101e-01 5.964101366440227592e-01 -1.220693427803311470e+00 -2.634137102659359186e+00 -6.074525726268614756e-01 2.106715284794442589e-01 8.871489577587942099e-01 1.495124182896059084e+00
1.285895527657682669e+00 5.237832281058446560e-01 -6.373644893999413918e-01 1.771137225108512236e+00 -1.401221665048114851e+00 -2.538860733917086554e-01 1.235294925893735352e+00 -3.895516266120913063e-01 -1.867649498370287819e+00 1.365675763884085792e-01 8.117391598121194152e-01 -1.023412986512724221e-01 -4.917546559595004640e-01 8.442401452029564268e-01 -1.341122970802397507e-01 9.872135539658771775e-01 -6.666782151117015554e-01 -1.370909514108939187e-01 4.770112022749794511e-01 9.487759220589552234e-01 1.505126323902889585e+00 -2.862079339315226068e-01 6.793866295636088459e-01 -1.006313067394513094e+00 -1.062069940583753036e+00 1.082194802798018829e+00 -2.427539003161890974e-01 -7.390989489046906336e-01 -2.135171078088882735e-01 4.431043762809862008e-01 -9.890055302440674267e-02 -6.361780047446629061e-01 1.263499130376491753e+00 -5.143769736380588986e-01 -3.096060886289124792e-01 -2.894150412734891042e-01 4.391749703038082542e-01 7.917006706229092750e-01 -1.068494634970026169e+00 -1.574993821080238332e-01 -3.278070204525103670e-01 4.419256387653077711e-01 -6.570522279601734850e-01 -5.284335443435855817e-01 -1.497177335285310162e+00 6.077026136665773098e-02 -4.654136169105464460e-01 1.222225735489208542e+00
1.082187880549501102e+00 8.215349303660407498e-01 1.599608750509625477e+00 -2.101002162125498618e+00 1.119189107512485570e+00 -7.546731227935325748e-02 -6.926182371953112926e-02 -9.391286694247205080e-01 -9.929929838392460850e-02 -2.755063919266537709e-01 1.776564150540397846e-01 -1.891509137366276461e+00 -2.584948551636777614e-01 1.509873362743676672e+00 -5.219584170121052136e-01 1.270414425160629079e+00 -6.456176161986492135e-01 7.696591007976000265e-01 -6.340732973498243163e-01 1.398083673184332965e-01 1.389500269587995662e+00 -1.255272609309298515e+00 1.696367737691807820e+00 -3.092168570582001230e-01 6.736210782118925433e-01 8.621033216705755731e-01 -2.027412682268157518e+00 3.240920561919877207e-01 -7.202655701803848398e-01 2.898310104448155733e-01 1.250138808625699705e+00 1.042578852214469221e+00 3.863315545003527807e-01 -1.480832652202405786e+00 -7.176238581420786300e-01 -3.489938518552892499e-01 -1.214992792717080716e+00 1.130305941051540586e+00 -2.512243000715460028e-01 3.239644046575317904e-01 -7.686613524606115133e-01 4.577591003286981541e-01 1.366818675124606752e+00 5.967023122413063485e-02 1.498070753606361716e-01 8.154043049020902323e-02 5.568605908858964559e-01 -1.865624212716139319e-01
4.913193549740073052e-01 -2.078386369667267974e+00 1.110697056581090525e+00 -6.235296717460887539e-01 4.860299049154075957e-01 3.015847455481197592e-01 -7.984481807895597028e-01 -4.681724666233364474e-01 3.786287710017363639e-01 -2.821300943742418021e-01 -9.256790016797515896e-01 3.886256027230963750e-01 3.286282873249239955e-01 1.409556657643043387e+00 3.333335172838023941e-01 -2.196609822724578387e-01 1.400063080549607708e+00 -1.783035443509646045e+00 1.964614988689167507e+00 -2.531019115864209801e-01 4.002891858725147189e-01 1.495928706382432916e+00 -1.995885381697499739e+00 4.241872271682342044e-01 -8.203345550224651062e-01 9.507549669793342595e-01 -1.873082421995576841e+00 -8.398465021430631117e-01 2.328979287968028444e+00 1.508561174261369986e-01 3.005780947526837665e-01 -2.832559795364695820e-01 1.464077657149691181e+00 1.396126521241479290e+00 2.157849950033719488e-01 -1.154514590182420669e-01 -1.916048138315483262e+00 -6.699314217952928585e-01 -1.264100936497627670e+00 1.901479029023397938e-01 -1.940721868072438960e+00 5.889438590993649747e-01 -2.605881512919707266e+00 -6.271957723509710148e-01 2.404485886342231371e-01 2.717851882246943296e-01 -3.364321986621174321e-01 -1.145379858066468470e+00
3.568341020682814224e-01 1.563822653727434675e+00 -5.163765472728963912e-01 1.329600386443409721e-01 6.738079220455454044e-01 5.417873444184500009e-01 1.685434752079345566e+00 -7.707125810281856282e-01 -1.379204450153777461e+00 3.061492922743836997e-01 1.712871894902056713e+00 -1.808965177260749346e+00 -2.115323954652918170e-01 1.679586855629109587e+00 -4.075041305219999632e-01 -1.698680297059297795e+00 6.924877874609579598e-01 7.307459744731438500e-02 -1.704496105476204670e+00 -1.674952986552219025e+00 -6.269889628889382394e-01 1.497598241715713208e+00 3.995236854599389098e-02 8.542071651095330953e-01 -1.000725514401604066e+00 -7.001532291986932721e-01 -1.882207226404883471e+00 2.396902873905424336e+00 -1.813840394961383495e+00 -5.665193871955476190e-02 1.302234389642880075e+00 1.418301715966895804e+00 2.200296930267913176e+00 -8.435050584280082697e-01 -4.906069765827157370e-01 -1.060443529747170599e+00 -9.363866403409927264e-01 -1.092230559477043839e+00 2.774373464566457503e-01 5.892383694773959540e-02 7.224307012320263510e-01 2.179176233742248781e-01 5.369017691043287410e-02 -7.104061954388755096e-01 -1.439245164660894583e+00 -1.317708425765180769e+00 1.582853285859863623e+00 2.266788797530450428e-01
7.849557740057128141e-01 -2.653275076454389425e-01 -1.923629518070863353e+00 -7.508080146953579614e-01 -2.028205562924904060e-01 -1.160562084929599225e+00 1.753976634858435690e-01 -2.202410756004990589e+00 8.016431778159708310e-01 2.843921296699441492e-01 4.254763338142110163e-01 1.253848082785412377e+00 -4.213686927503306201e-01 2.952673958549989486e-01 -9.920999575720658159e-01 -1.630190684508925125e+00 -1.297279674375281022e+00 -2.634379613976620127e-01 -4.876004720605713050e-02 4.856837790999480320e-01 2.761156656250940977e-01 7.530179443810481876e-01 -4.269821005306261297e-01 -1.424540626075342931e-01 -2.445140411588762497e+00 2.443926703235095754e+00 2.079106780238492713e-01 -2.607635173714291987e+00 -8.027335039343195255e-01 1.287302417852894454e+00 -2.253862361698215633e-01 4.760147754386473973e-01 4.529758178116402578e-01 -1.868697991333928110e+00 1.695086083175965652e-01 -2.931967811417532377e-01 -1.286706320920642521e-01 -1.930226647037883714e+00 1.330352574898834739e+00 -2.717725845542707241e-01 2.522925436276255984e-01 3.336411662901662134e-01 1.502906252578975810e+00 -3.358813671654459765e-01 -5.189351278821073832e-01 2.300168327848989058e+00 -7.443913529223020742e-01 2.386703236354017044e+00
4.514190418911710467e-01 -9.470855934326780634e-01 -8.277114765146833530e-01 -8.320181630820108198e-01 1.024976331837354371e+00 -1.440857713707898169e+00 -1.676076174853537437e-01 -1.852762231877967070e+00 1.206968805778732001e+00 2.912519340431886650e-01 -9.031327147647907894e-02 2.914905220608458580e-01 -1.426731586739287405e-01 2.022785204219481048e-01 3.635458063481942781e-01 -1.078527874964981814e+00 1.645240120012782858e+00 -5.573882343559680153e-02 -1.782063409566854717e-01 -7.200868848092127905e-01 1.109908325551962838e+00 6.119418743028950392e-01 2.748236614705284325e-02 -8.991377957896034001e-01 -4.935453762989319149e-01 -2.170299041655309180e-01 -1.678510481117283515e+00 -8.480447802776863719e-01 1.006031595503774634e+00 -3.001648051263771100e-01 -1.800325142699142678e+00 7.781872640873527258e-01 1.837920751653847162e+00 1.098426767391572190e+00 2.133375433237948426e-01 1.321047489515710660e-01 -2.065227597023326478e+00 -6.226973428552856626e-01 -3.049218355970815808e-01 -4.691283111759237956e-01 -3.624992241791371028e-01 -9.640162761625928889e-01 7.488171668639573286e-02 -7.540584288143373226e-02 8.973480931931793192e-01 1.380752433013886504e+00 -6.173827011532465742e-02 3.409655360806520541e-01
-7.013206420952705633e-02 -3.038065341006996878e-01 1.977879750686230675e+00 -1.020521275445414711e+00 -1.526899141570065455e+00 1.358282039938456975e+00 1.186227537123335285e+00 -6.032302565075206013e-01 8.626502855902649092e-01 7.177760740024232700e-01 8.865244662009145182e-01 -1.375595399874367741e+00 -1.894040809159615257e+00 2.026718562971424831e+00 -1.831356935162688160e+00 2.424076241135542931e-01 5.357689839799839593e-01 1.669388659048384405e+00 6.298132266174184535e-01 -1.889593506945162205e-01 -1.114260327424882346e+00 1.477092430665354117e+00 -6.854175986354161809e-01 1.297940331331834507e+00 1.939359705126524336e-01 1.854918909991161824e+00 1.389708666771041490e-01 -5.870649496813353796e-01 1.012562382328085153e+00 -1.315094063612986197e+00 -2.393843626983451767e+00 -1.235553956916820260e-02 -2.223351899396018627e+00 1.526331748867003346e-01 1.032143882315265548e+00 8.492102809068570179e-01 1.397804575558082574e+00 -3.083926413499802344e-01 9.523831116168330890e-01 -1.682520793914467072e+00 -1.712881396510806731e+00 -7.315096720237771466e-01 1.227739756484278244e+00 -5.353855153173728842e-01 1.257095483175014961e+00 6.456180360791407002e-01 -8.695386069985922006e-01 -1.624152595388322073e-01
1.173830186515788077e+00 2.882297569595392850e-01 7.646386283869431866e-01 5.899229706713593480e-01 -3.285495375600778166e-03 -1.788997617517445127e+00 6.568770493843987257e-01 5.655433371326243908e-01 -2.226211179367818538e+00 6.558760993733090405e-01 1.114042957821273383e+00 -1.544993248452892320e+00 -2.308840338402118053e-01 -4.553287342524121595e-01 -5.148228144156457020e-01 -1.915370857710997132e+00 -2.654225243962715294e-02 -5.187489471147566783e-02 9.889110759955146435e-01 -2.201153892726396832e-01 1.409740953224591087e-01 1.269805454763471619e+00 1.475104956217793362e+00 -9.015559570041800641e-02 8.199321083211029426e-02 -4.635091460299263222e-01 -6.962804173222462145e-01 4.194449845636932794e-01 -1.144900346753083387e+00 -1.029825082153420057e+00 -1.260887757161406775e+00 -7.860785554606632974e-01 3.549470715375640378e-02 -2.436304234336137409e+00 1.110101330665312913e-01 -1.756101030752414527e+00 2.195124440751957950e-01 1.726572473172786948e+00 4.230026804227710047e-01 4.311276902781362441e-01 -4.943138363120605505e-01 -4.783893110348692024e-01 -8.564295152831884472e-01 -1.611857591350138286e+00 -4.720863296510779406e-01 -1.681173610555360076e+00 2.922553639230393019e-01 2.357383164606085657e+00
1.064570773895803457e+00 -9.635502185449455748e-02 5.220620468575722928e-01 1.383827931616188556e+00 -4.032161922031829993e-01 3.774385832617608849e-01 1.374907667904573749e+00 5.497790618419110542e-01 1.384478759661212699e+00 8.928495977936284911e-01 6.006035394639811509e-01 2.813779158402704983e-01 -8.097242219989606582e-01 -6.411396176396187696e-02 -2.467393833876377618e-01 -2.134321184474620381e+00 -8.956647148764239619e-01 -3.943410955830080611e-01 -1.231725865895518135e+00 4.551968935019713031e-02 1.519928565243168883e+00 -3.774908684132756154e-01 5.408566853323417689e-01 -1.032404718866724247e+00 4.976159421061692179e-01 5.356167895399938095e-01 -1.445579121084028973e+00 1.906461399111184285e+00 -1.244553932815561259e+00 -2.764922599717045126e-01 1.390767422603214620e-01 -5.571035795899740295e-01 2.044362105053245948e-01 7.621621300628974582e-01 -1.389101148882932124e+00 -7.929826656118789119e-01 -1.039485566542248662e+00 1.299398664562369521e-01 -1.371653230561447279e+00 1.290738775364712147e-02 -2.021179568931643633e+00 1.177480687016911332e-01 -1.847210815761765268e+00 -2.458301120057121703e-01 7.811897830455282188e-01 6.378250292250091658e-01 -5.172906265047290120e-01 -1.479349851461596144e+00
-4.032733462436788319e-02 1.247150890545575992e-02 -8.614041928725214570e-01 5.662261347359729413e-01 7.459099068157464263e-01 4.273939443616574518e-01 -1.227895237307420562e+00 4.451519973216737092e-01 -1.844260887251480074e+00 3.472627975795364308e-01 1.381118081524324581e-01 1.869497103701382779e+00 2.455922252403656136e-01 1.724719026803853472e+00 1.480883518135865939e+00 -1.576516501850212304e+00 7.955235329019865187e-01 -1.373374340919711056e-01 1.222841138769845681e+00 -1.076840504524911868e+00 2.580478275854476977e-01 2.302287118141560229e-01 1.301367159882639291e-01 -2.664686234242321206e+00 -1.057588867778022301e+00 -6.055405771718895824e-01 -1.997441112549543651e-01 -1.406098377502874031e-01 -2.534289853412662885e-01 -8.826370724441889859e-01 -1.368083072025553681e+00 -8.174952930066350376e-01 -1.814449800389366929e-01 -1.362405899820852584e+00 -2.686983610631943908e-01 -6.403110988778216717e-01 -2.193759040267882821e+00 -8.474739787469276475e-01 -7.083141245160385902e-01 -2.926384761610532903e-02 6.196040352541889451e-01 4.983230937529664617e-01 3.524364666829617188e-02 1.902016154686897442e+00 -7.749097229950328673e-03 -2.433970375253777796e+00 5.107254455418823724e-01 3.982507951010287872e-01
7.422465118025496633e-02 1.013735061849061037e+00 -3.504608067391297710e-01 -2.316993140781484328e+00 4.315756425755059023e-01 1.860546562296619966e-01 -4.478828459919343419e-01 1.909271674451394896e+00 1.448275833812519231e+00 3.901756219772998246e-01 -1.406647841470101801e+00 1.546564514436059301e-01 -2.989537821341843316e+00 -1.478543531561870017e-01 -3.441081328880601226e-02 -3.736938524769263248e-01 8.779099837627934999e-01 2.073650771525871739e-01 -8.390161857659168831e-02 6.744214731828619414e-01 3.779644329428155647e-01 2.538663180526617325e+00 -1.370999340134795852e-01 4.278452348954538409e-01 -2.281333474060787958e-01 1.345465482853194894e+00 -3.062344492479570079e-01 6.097076424752799657e-03 -3.188248686409340116e-01 4.182585840677305322e-01 -1.686466394255434986e+00 -1.540445548312215918e+00 1.025978483511622574e+00 3.102032618952462739e-01 2.849613630141676346e-01 -3.424720494051991526e-01 1.868725378344901211e-01 1.036431195436288699e-01 2.060593814374381272e-01 -1.189993863540027785e+00 -2.051658220749289774e-01 -6.454116881406757322e-01 6.989767980267055369e-01 -1.863632597167364513e-01 3.307604727757182395e-01 8.416092538934016876e-01 -5.857040638065772464e-01 1.904687426653213889e+00
2.827895587492172513e+00 -7.201037097939572140e-01 -2.995374692758022706e-01 4.309462032159363520e-01 7.703786797844144330e-01 -2.065636059649019529e+00 -1.283478678469041290e+00 6.720061616624299905e-01 -5.401997487234248135e-02 7.159297406849967071e-01 -3.078681569422440090e-01 1.192128894050141108e+00 3.531719391453551071e-01 3.629011975368635623e-01 -3.534312017978759046e-01 -1.433707413237522710e+00 -9.406776702657280165e-01 4.887995346949688402e-01 -1.016676374878338507e+00 8.375336033811092706e-01 3.116920024451449445e-01 -2.536727679005552627e-01 1.750428789481416614e-01 -6.841417087758319138e-01 -1.134559147909777396e-02 4.706255944299565508e-01 -2.273541058356743083e-01 -7.954196407507554967e-02 -7.417509542376903298e-01 9.050057284664340951e-02 -1.639027052577932131e-01 -5.399146759378469218e-01 -1.151474886008697851e+00 1.467671304706215096e+00 -2.535312780876456951e-01 1.425786570094650152e+00 -1.164159746287408842e-01 9.078140463173653973e-01 -1.108971732333328353e+00 9.758372185444431635e-01 -1.073569907012934310e+00 -1.441574711873946091e-01 -1.189005340393763266e+00 -2.005633438099128085e-01 5.129582455461884072e-01 9.945183780695429077e-01 1.463976277744658105e+00 -6.376759841175136945e-01
-3.248715324241147062e-01 1.514868394934851370e+00 -6.010715865804492353e-01 3.319228287271174249e-01 -5.065654705913085198e-01 -2.998809865518950457e-02 2.087780616136716560e-01 9.271256294127201425e-01 -8.063059935645225940e-01 -1.108610388158569188e-01 1.042302402029229969e+00 1.244014293825499662e+00 5.773508169842599402e-01 -2.086294343798487549e+00 1.041620243888219166e+00 -1.206660847683560300e+00 -1.772544015456631872e-01 2.939295372319308264e-01 6.059589102538430749e-01 -1.541007127446519354e+00 -5.413788869936628917e-02 -8.974951379032099219e-03 5.368989659011098592e-01 -1.050367911655383013e+00 3.196449973323481353e-02 1.204541896743042573e+00 -1.623940630848442757e+00 -1.298113621282953878e-01 -1.179544265523982727e+00 9.034317466216384984e-01 -9.276792895199481581e-01 3.816390212749027344e-01 -1.866811239936459588e+00 -6.884562683801329075e-02 1.294762460282523620e-01 2.705504023524259449e-01 -1.834706174229599585e+00 9.501295320595636307e-01 8.927494463094258759e-01 -1.015990298760000909e+00 1.344458146648905839e+00 5.379269206519962099e-01 -9.712121029919755788e-01 -1.701913096550007332e+00 4.603175729308309205e-01 -1.181672071571794547e+00 7.062931539554657689e-01 -3.528544207301828051e-01
8.620587010444729081e-01 -1.185230801888162155e-01 -4.321322555248651720e-01 -5.970348782996823811e-01 8.043681400912751356e-02 -2.336928228886014036e+00 1.613632301862850449e+00 5.602670334539209263e-01 -3.992407134930265333e-01 4.589681501923369988e-01 -1.710834222431737883e+00 2.052565098788522224e+00 1.027629033299566202e-01 1.585712469270228686e+00 5.813981748040157604e-02 -1.560515329766194670e+00 1.090482523936716630e+00 1.678129876610133131e+00 4.695220543461641194e-01 2.455878462626585046e-01 7.459907194509074468e-01 2.842676912053211935e-01 6.199226741920443873e-01 -4.578472218155669737e-01 -6.434801686910759377e-01 -9.276042467666675284e-01 -1.100791175442196845e+00 -1.309744005710356873e+00 -8.254259415438085501e-01 7.646012336572983736e-01 -1.608728856066980573e+00 6.219426316186018600e-01 1.803109492060384733e+00 7.861949179665587151e-01 3.244959340580812146e+00 -5.399768920326815103e-01 8.117132071771780977e-01 -4.058089243393149803e-01 -3.752889096390021328e-01 2.212442327713371182e-01 4.287380277942516860e-01 -5.729520155321571329e-01 -3.393412955010204790e+00 -4.687245310181194224e-02 -3.136414965081795181e-01 -1.475966031182585070e+00 1.031249438389977291e+00 4.416342249001944387e-01
2.421434757105370927e+00 -7.799087069594483612e-01 -1.230271176727194327e+00 1.499909557811652139e+00 -6.501298243010938949e-02 -2.328938769061708491e+00 2.883003421827863288e-01 1.584482289453507664e-01 -6.417650930271139309e-01 -4.893508531769401038e-01 1.407447214619623743e+00 -1.121513945158924663e+00 3.186000829357717445e-01 3.031584701890168265e+00 -1.347919358073651763e-01 -4.191781627190802051e-01 -1.867219447258990694e+00 9.063860263923844141e-01 1.036275741913525172e-01 -2.064348296568118413e-01 -3.006640089274801309e-01 -6.784296736416137730e-01 -2.710041514661245543e-01 6.550037460970754566e-01 5.702748666681416445e-01 -5.614670924608123892e-01 -1.189591506757178840e-02 2.980157066052280257e+00 -5.352124230990076281e-01 -8.345308801681445843e-01 7.070340043522033158e-01 5.405558651195995212e-01 5.217446028885371900e-01 -4.158284598935355764e-02 1.537370687166547345e+00 8.085230477624757439e-01 -6.048479087842149049e-01 -1.343285941972750752e+00 1.235206661218684276e+00 3.330609803495995780e-01 4.945383823500047460e-01 8.783964029798739526e-02 1.077464449171966626e-01 2.059676334615514026e+00 9.880850442458849470e-01 7.849476145544885819e-01 9.442669236200469662e-03 -1.500186509262391610e+00
-8.844701918964140708e-01 -1.593327533890297687e+00 1.319190705606394065e+00 -2.694409524417076263e-01 7.782515582954924183e-02 1.549821794346933068e-01 5.576496688914541755e-01 1.979595725457596211e+00 1.925863888071533137e-01 -1.541729389919667348e+00 1.077654317253480487e+00 1.428832476703606469e+00 1.528426541367913449e+00 -1.649823102002569097e+00 5.961681808159027263e-01 -5.636051060632016885e-01 3.061610313708284514e-01 1.746729874516873560e-01 -3.450137402739895109e-01 -4.223018399948961360e-02 -2.741850052766209300e-01 -3.963479921064738676e-01 -1.544202130922124050e-01 -1.077586840385422517e+00 2.153798286892151470e+00 1.566706287344354909e+00 -1.618877430763498548e+00 -7.056925839427538039e-01 5.167496942794300718e-01 1.511455558223983475e+00 -9.306987246464077934e-01 -4.296869544002615560e-01 7.681813508475590080e-01 -5.767802039687178750e-01 -2.828628651964270047e-01 4.623782519194264418e-01 -7.863460475824554097e-01 -2.513083445291323242e-02 2.193063079438966057e-01 6.995203985498443799e-01 2.975069755832521756e-01 -1.295072138100133774e+00 -4.044340956481911609e-01 1.320646725235113284e+00 -7.071523867748898129e-02 -6.724174191794027866e-01 1.249241940592908717e+00 6.300123099144003813e-01
1.457417137810636643e+00 1.422877517388182467e-01 -2.735412820926206856e-01 2.741915987224304296e-01 -1.505158772523325528e+00 -3.561853463954970933e-01 -1.291227880713062826e+00 1.445864493836395370e+00 -1.762914077152674674e-01 -9.624711092119646594e-01 1.727444586223310319e+00 1.174693366119660271e-01 -4.755520526549167348e-01 -1.677321739017975322e+00 -2.209683784900733083e-01 3.691908142568057216e-01 -7.343010268368358462e-01 -7.350937215495026988e-01 2.783044294963511467e-01 -1.294840919179970573e+00 1.053272903130533650e-01 -1.260110255836310200e+00 -1.149332216428883946e+00 6.916472936007053152e-01 -1.698198838850974446e-01 2.243594846731036263e+00 9.119916600049449151e-01 7.961541632704626226e-01 -7.730182086865123869e-01 -4.610571677378731414e-01 -4.257755333568518652e-01 9.071425297885370442e-01 -9.466739313158875069e-01 -2.390400390499727301e+00 -3.739674664137229709e-01 2.164581736272584156e-01 -1.598170842902908007e+00 1.443631307392270191e+00 -1.009090081315299869e+00 3.057595320872059097e-01 1.177737960254922500e+00 3.351365856094701279e-01 5.580885570544132923e-01 -1.084778306106958912e+00 5.447292276138895328e-01 -1.062027101704031473e+00 5.131149029548573992e-01 -1.238203385722787875e+00
1.982029668170429249e+00 -8.680976142086448410e-01 9.797405713263105387e-01 8.071411408898688800e-01 3.941685321312323742e-01 -1.059929015726213564e+00 9.046652096153166844e-02 -5.935938395599794637e-01 -3.620806111021145912e-01 -4.204735330425836137e-01 -1.258626535365836130e+00 -6.677502462218358747e-01 2.071746043174709229e-01 1.489752047797863188e-01 1.927448993305184821e+00 -3.124512933892366062e-01 -4.904809656276523655e-01 -1.694298401414035815e-01 -1.742604397841019059e+00 8.724645791744595202e-01 1.573655745341268730e+00 8.079416869223651210e-01 1.764587963749994382e+00 7.430689970865198557e-01 -5.335503285326955725e-01 7.436408365393176734e-01 1.184177073354809817e+00 7.621478726506328849e-01 -2.516650230313956932e-02 -1.483404843851779065e+00 8.510000848560133058e-01 1.122173826960093823e+00 -5.533354024639629554e-01 -1.282578954621922840e+00 -1.395117897386505934e+00 -1.920486958437457869e-01 -8.005863453160701887e-03 -7.085597489783916902e-01 6.942712228703885602e-01 -1.151325138732710363e+00 -4.022456715919557890e-01 -6.893395317297299485e-01 1.128406160570575523e+00 1.478255727136563058e+00 -8.255725206360274848e-01 9.778722250097866553e-01 1.058947932860101693e+00 -2.648154179258174201e-01
-3.244999301694363680e+00 5.685525914632411082e-01 1.538215818072498298e+00 -1.827063172670350122e+00 1.932468129289254544e-01 -3.250658395740082529e-01 1.857086058235152548e-01 -3.060990769901154596e-01 -5.416767456071200915e-01 -7.248284908108140190e-01 -5.272475927877308122e-01 1.210181943118562753e+00 1.010899898977794420e+00 -7.609029120071670871e-01 -8.527594303833599954e-01 -1.200805415526805309e+00 -3.235885997414141291e-01 9.852287361994127579e-02 3.980083205366002908e-01 -8.059484639436683695e-01 9.858883595891208829e-02 -5.062104310576016619e-01 -1.000777670946627618e+00 1.026234297563491493e+00 1.535385505288132668e-01 2.127561733156660306e+00 -1.334328197655823889e+00 -4.349882729991307317e-01 4.455279051830088322e-01 1.646664796807407294e+00 1.167152570643703591e+00 -2.768570969930487791e-01 3.507138455957681256e-01 8.145266184541687382e-01 -5.288325476950948012e-01 3.874626892953685342e-01 -4.604241580876055617e-01 6.045728860713187602e-01 -9.265870748341578089e-01 9.977606202181811546e-02 5.577410174762774675e-01 -4.241597838168016388e-01 4.715696547687853735e-01 4.526962582868566121e-01 1.191032652693364557e+00 1.615431841280645653e+00 -1.914023358240240835e+00 -2.571206755327548610e+00
4.796456887008596071e-01 -2.656833109136099935e+00 -1.866743882181238545e+00 1.069454877666196624e-01 9.697413028851127326e-01 -5.274151784617199246e-01 -1.888821401302864356e+00 9.707738547780518645e-02 1.008266860006771237e+00 -1.164811508245325422e+00 7.347183184177477067e-01 2.034803697213057316e-01 1.931892048677018137e+00 5.413924747082633077e-02 1.684802800985161220e-01 1.946952903042329097e-01 -3.645893372880954497e-01 -7.271741261382055344e-01 2.687539627783857576e-01 1.716788931549513286e+00 2.439360600378031041e+00 1.107228524709411355e+00 1.574010479559924125e+00 1.869371996524849644e+00 -2.025660616109003165e+00 1.313874376817053324e+00 -7.148282701136865480e-01 4.462146141827178503e-01 -2.137662819807259473e-01 -3.798731696701505012e-01 -5.450862752695753155e-01 -2.298511358309512087e-01 -4.390398619703661520e-01 -1.413374128332925972e+00 -3.929518458546522180e-02 6.012371639386231426e-01 1.162637999428574709e+00 -4.191230236712285562e-01 6.192262997321993367e-01 -4.716373444189986275e-01 -1.234740807918035310e+00 -3.475304632132285576e-01 -1.881388048286098957e+00 2.757007285197248803e-01 1.417891636223899576e+00 4.540870002597521826e-01 -1.033638318920245602e+00 1.225506700053934139e+00
-1.657651750726855666e-01 5.808851077512928729e-01 -1.389064337368892676e+00 -4.061305504808465638e-01 5.011497124362190858e-01 -8.393362636939137866e-01 3.728046304473300321e-01 1.964899059969338613e-01 -2.126327360680893008e+00 1.178736766157171045e+00 -3.445761213916022636e-01 -1.848942548449806544e+00 -3.919353184822315650e-01 -1.914783759588166434e-01 -7.683100572055672206e-01 1.448304592089174392e+00 -1.107866877056821631e+00 -1.959324311140063113e+00 -8.306412997439834855e-01 -1.127230907872001309e+00 -6.776771328459848531e-01 1.597200124441078284e+00 1.232833031754785091e+00 1.387246417858166492e+00 -9.406232084934991466e-02 6.137633044888968215e-01 3.515476523721338675e-01 5.520399120445250718e-01 7.896884629359589569e-01 -9.359890960508002178e-02 2.485771928008400078e+00 9.465718655987377383e-01 7.294391478368891235e-01 2.354120597170358820e-01 1.328022233146533670e+00 9.567836115162225985e-01 6.662710047795413759e-01 9.965534922792336214e-01 -8.908881003935515963e-01 1.264818642636754698e+00 -9.721713072958956259e-01 2.026947191650326108e+00 3.530535934855584812e-01 -6.447672840911600201e-01 -1.826317570436658100e+00 -4.023237630888527039e-01 1.408306692454242670e+00 7.565581263300207027e-02
-2.127620961808367739e-01 -6.835500208745403095e-01 4.954557239505066324e-01 7.499607070543983234e-01 5.650469770574541029e-01 -5.207099667841393886e-01 4.708390796408255530e-01 -2.012892545599960670e+00 -1.026170255974123702e+00 -1.682873298149915264e+00 -2.206434249578870688e+00 2.311604363890864544e-01 6.346838375986793013e-01 2.610871469466779171e+00 2.854694584503160715e-01 2.486734037162391664e-01 -6.756162857863400317e-01 -1.329342537529147661e+00 7.316494403436003546e-01 -1.305868268044208635e+00 1.032099161243377194e+00 -7.953192422149396590e-01 -5.511080390356272174e-01 -1.066575453863072065e+00 1.940037199585986194e+00 1.985517487701885964e+00 1.484819980369066032e-02 1.085925393433065489e+00 1.127513374269163204e+00 -2.484478643736991177e-01 -1.157959725576613419e+00 -1.938385340171399740e+00 1.199072741810411458e+00 9.207146059516689574e-03 -2.323607775560867061e+00 -1.099561155128850887e+00 7.359120493802523422e-01 2.463334998582557556e-01 4.153788293200135207e-01 -7.348598449563858992e-01 -2.570012292471695464e-02 -6.313785772693508713e-01 -4.472877988017008866e-01 1.008805529872238482e+00 1.342913010204996427e+00 1.088308415054775491e+00 6.743057876378208970e-01 9.256832506865746157e-02
-1.580644968253325233e+00 7.091230559196531891e-01 1.315888404771131004e+00 7.697665786185818593e-02 1.787012707434679326e+00 7.962486633298539174e-02 -9.212141145438743073e-02 1.913514658477606378e+00 1.680470380913254624e+00 -2.935455836264385110e-01 2.580035886553023183e-01 -3.152056532778578779e-01 1.826506862900626471e+00 8.273444921600866531e-01 1.330250863180681531e+00 8.989439440409618953e-01 4.977669296012751654e-01 -2.748167535469903111e-01 -2.262669125159234795e+00 1.673221407550739892e+00 -1.912965272113362314e+00 2.416424072564549608e+00 -7.355204241106659824e-01 -9.963345327675451335e-01 -8.522256337372879909e-01 1.903714535087949633e+00 6.778035272809167511e-01 -1.886862483754202735e+00 -6.068391570579110272e-01 3.153416636646403926e-01 1.744622750548348478e+00 -1.808223847623380509e+00 1.426361468592495518e-01 -5.008301671990800230e-01 -1.547434881318750843e+00 8.852098959705416714e-01 -6.800650698104127034e-01 -5.366550573283362935e-01 2.721505077354641755e-01 1.695421994513335529e+00 2.198818306753360513e-02 4.297197264538751282e-01 -9.751424306404656850e-01 7.258394038656809655e-02 2.937530051017677168e-01 8.771332603308781284e-01 -1.144906104362936938e+00 -5.669698831980293230e-01
-7.628201086463815006e-01 1.114715111250633051e+00 2.327197505071487704e-02 -1.173506844961809792e+00 -1.101023571448884519e+00 -6.265449554073656557e-01 9.726750757111506385e-01 -8.445779085486014859e-01 1.223120569412561587e-01 -9.299726626925811646e-01 1.424313603490117985e-01 5.014256259920384373e-01 -3.091773639812642194e-01 -2.224592450088403450e-01 3.067687849892031804e-01 1.004883699773396311e+00 -7.014100058334626908e-01 1.215964088963856105e+00 -1.496920827403092624e-01 5.980813177136339309e-01 3.392821104400937648e-01 -1.461142295951972925e-01 -1.467382918385978119e+00 1.291031855372093640e+00 6.171459696647658699e-01 1.959299947176948553e+00 1.272917343564184289e+00 2.239284988239023111e+00 4.517502521575415542e-01 -3.930047221617037345e-01 -1.521402595102467475e-02 -5.896658484294362568e-01 7.410324220652547700e-01 1.222302600137120221e+00 1.875207288087638258e+00 1.650363561755494146e+00 4.869174704462829184e-01 -1.130153113817819133e+00 1.499994379449138604e+00 4.347707697666334387e-02 -1.375899846189466036e+00 2.279796928940274470e-01 -5.050105320329923986e-01 -1.043490270532128283e+00 -2.393855713552012765e-01 2.112831113213692880e-01 -1.049266609524357019e+00 -6.184298694870644930e-02
3.782781897704781682e-01 -6.614299024370442481e-01 -3.253215973588294840e+00 -1.208216898788540883e+00 -9.777949826944146716e-01 -1.278013643173586678e-01 1.205480264939605695e+00 3.816025882730757490e-01 1.257403833913945945e+00 2.954654427761124746e-01 8.753715622917602746e-01 5.097777830841697666e-01 1.998198545826446848e+00 6.313260641504669273e-04 -9.960106731211851860e-01 8.951089384327871601e-01 1.653482636300517061e+00 3.903675470802122627e-01 -7.059538996589427295e-01 -4.677096869422326386e-01 3.092731550943607077e-01 1.079692044902641257e+00 -1.278794049822384427e+00 2.001063717993463165e+00 1.710939957031335640e-02 -1.599869751804132434e-01 -3.051041740691325943e-01 -4.464004693886879926e-01 7.464491381757685229e-01 -4.341389542690993752e-01 2.532127414270591848e-01 -1.681492950379585460e+00 -1.394262702523452413e+00 1.534880566600328011e+00 2.919659296426343476e-01 9.283910866505467041e-01 1.044590016419946643e+00 1.478091265982552027e+00 1.985955034492930815e-01 1.636455725453138943e-01 -6.099602239979859952e-01 4.877180262771572128e-01 1.100542828682588681e+00 -4.455535757655591511e-01 1.356231148825053578e+00 -6.963195534688558785e-01 -1.174017429709468263e-01 -4.044706718221677266e-01
-1.791280761295348078e+00 9.530757242796734641e-01 -2.423095588296029224e+00 8.819589249732978642e-01 8.444379251787360596e-01 -6.651399185878535958e-01 7.327400372482933966e-01 -1.226439838450648322e-02 -4.336921288147136538e-02 -8.173520411987363898e-01 4.603013553312783057e-01 -9.475216746284497171e-01 4.566264197454547591e-01 -7.796249021092325204e-01 -8.516344886838761452e-01 -5.516282521233222269e-01 2.729018409913755439e-01 1.759008951473297167e+00 1.104372782653384455e+00 -7.302156327257599555e-01 7.761735829419478261e-01 6.252007007086509693e-01 -1.271191403607189407e+00 4.597246556306293086e-01 -4.477655153226487994e-01 1.958861241771404194e+00 1.955380097132514705e-01 1.592228389265722743e+00 4.135152654449002485e-01 -2.411607236366347884e+00 -1.370655154938394293e+00 -6.323924109504032165e-01 3.137685302853004399e-01 3.333362817262228855e-02 -3.211372114366574104e-01 -5.272647263077044899e-01 1.052864080814293501e+00 -6.363428313951998705e-01 -3.014414860341563807e-01 -1.463522538984997290e+00 1.151332709275099536e-01 2.157418731066146123e+00 1.610851690240062972e-01 -7.363606328354532771e-01 5.641621624680005498e-01 1.378554064172950566e+00 -1.911053683847640405e+00 6.645815019154948100e-01
8.335257842335414002e-01 2.669417842009217945e-01 2.507764604224601568e-01 7.015881956222783655e-01 -1.123226963335023920e-01 -1.232332318376335278e+00 9.762510210931189814e-02 4.957448082632304742e-01 -2.766084697111831581e+00 1.639378222465836532e-01 1.851020060196960859e+00 -1.667522488041006445e+00 1.013808515189806636e+00 9.583163428204818368e-01 2.955554886360220568e+00 8.505000402815972027e-01 1.225988040929036904e+00 -1.025920151700347782e+00 -5.159072634583637962e-01 4.406330884175636148e-02 4.850145688370991609e-02 -1.623018899650519875e-01 2.559091871529622364e-01 2.240005881275249910e-01 -4.788938000219932212e-01 -5.751565693058424689e-01 8.949661505446270260e-01 2.338863269230046990e-02 -6.940310876276276630e-01 2.750039429129955693e+00 1.276545004989651400e+00 -5.137467868529407289e-01 -1.735432504624177863e+00 5.111687989647503150e-01 1.275095993895227542e+00 1.743503064231172461e-01 1.719845440385053381e+00 -1.787128629908361743e+00 5.796168065580402651e-01 1.632645694234863276e+00 7.539057557545981725e-01 1.760827763923876077e+00 1.622332764888011702e+00 -1.896158824032127654e+00 4.124599851089449931e-01 1.012923837081070921e+00 -1.565589229533331572e+00 -1.214924943085186060e+00
-8.875237887410364346e-01 3.746931712772902379e-01 7.621276385023565414e-01 3.970909643010127610e-01 2.999659082087848816e-01 7.901454215414527305e-01 7.890882051007143128e-01 2.699195131754609789e-01 -2.891232158902486832e-02 8.365181689963788747e-01 -4.073104154721515213e-01 8.497736485953691910e-01 5.741773327480726996e-01 9.758391110852354666e-01 8.403092432398395761e-02 4.499092008487951544e-01 3.133340786619840945e-01 5.533437483463576889e-01 -5.461715997942704348e-01 -1.538711319703757852e+00 6.530273009852305410e-01 -1.742745408572782539e-01 -8.865070294311180321e-01 1.122419802548188850e+00 -7.200654378948696532e-01 1.778279226474534847e+00 1.799310542891949249e-01 7.270182297017545592e-01 1.023655760999210740e+00 1.827486615324174224e+00 2.678036911437088330e-01 1.064548265006042049e+00 1.549351652913806277e+00 2.040049636919027409e-01 -6.707089095626900255e-02 -4.100742323784365984e-01 -8.975701034505895182e-01 1.041617646761463289e+00 -7.258422415384626625e-01 -8.192578676786466119e-02 -2.127378087959847619e+00 -3.195709280780083539e-01 -6.604456069118257444e-01 -6.662323623253190163e-01 2.306742971616441984e-01 -7.142697264541787439e-01 -3.771866838257498245e-02 -1.113005034898504109e+00
4.307459043844600877e-01 3.746931185377235796e-01 -4.926431826049115226e-01 1.056191926722444885e+00 -1.017805795238088673e-01 1.417141687097048242e-01 2.318358260643958724e-01 -4.102155172951399420e-01 2.180284538311381137e-01 1.914973492273701172e+00 1.188190499241564002e-01 -9.955365026828316699e-01 -4.622363336007509482e-01 -1.046057629668149858e+00 7.175839555076799492e-01 -5.626821606710220580e-01 1.268499637466978358e+00 1.148179385834741661e-01 -4.822478324329074750e-01 7.350500084251296862e-01 -3.400576624343679133e-01 4.602151056581205713e-01 -4.244565791463479343e-01 1.064574831700099589e+00 -1.388121371047239538e+00 5.143476000679959581e-01 -1.871166347403149910e+00 1.779246588920037064e+00 -3.712516624252839015e-01 6.136929401153317087e-01 -1.739810222471867562e-01 7.800436840902009727e-01 -1.678184120800493562e-01 1.428762293661135219e-01 -2.964671292319059903e-01 -2.682099708682730288e-01 -1.733380080788908151e+00 1.197055024103123921e+00 -6.091141315041563864e-01 -2.893513454858750444e-01 -8.921620882386119833e-01 2.106607641843857293e-01 -2.957335782628912543e-02 -3.880377178224916901e-01 -3.415742828437168255e-01 -8.844707886274106867e-01 1.218724226146920886e+00 1.337717667048354819e+00
-2.225161208708910654e-01 6.438730851581847547e-01 -7.207674976008722478e-02 -3.659501164973634202e-01 4.007837171721730929e-01 -1.628473178999315429e+00 1.599712909139778372e+00 1.503072503116858138e+00 -7.788155451330697199e-01 7.063397068860882699e-01 4.048462258337968273e-02 3.770130628674229767e-01 1.069973403411065060e+00 1.457311624399352024e+00 1.273779861950203873e+00 3.804020425214217349e-01 -1.464713928470471771e+00 8.352131499942415660e-01 7.309341514692637709e-01 -1.238648981851720343e+00 -1.047926931173670306e+00 2.460477098868338319e-01 5.751009410664812416e-01 1.772136310370335366e+00 -1.916141858905007433e+00 -3.844230495233697531e-01 -6.560705213308483108e-01 1.414496944796955535e+00 4.615687218565424077e-01 1.226537386432540844e+00 -7.293262914756013515e-01 1.938098745837479597e-01 6.778759207027602596e-01 -1.357619918801755698e+00 -1.153932269956511769e+00 -3.590568078536464092e-01 3.217996107538588224e-01 7.481243744681805863e-01 3.331220833298100814e-01 1.613073560784774152e+00 2.964547619240453513e-01 8.035122390329023645e-01 -1.369368771628602266e+00 -1.194761185944424264e+00 -1.248846844072067919e+00 1.407332770620104201e+00 8.618296528163345016e-01 3.964371720032887070e-01
-4.262407020063709862e-01 1.642015548387165125e-01 1.095485501144568774e+00 8.565113380765672357e-02 1.601666999796929614e-01 8.995874939620885913e-01 1.227647610744647011e+00 -9.948716921075972941e-01 -1.509649601862389945e+00 -3.638684083050314766e-01 1.101650600544726188e+00 -8.250810064954804471e-03 7.673691818229141370e-01 -3.960769471992293678e-01 -1.722953741050635479e+00 -4.060550447613263669e-01 -7.146651874509167834e-01 -1.129563489908928631e+00 2.012255231512530551e-01 8.246259585257091906e-01 2.488838210408870766e-01 -9.050162724945970405e-02 3.108424524508835440e-01 -1.602642786009810916e+00 4.984201678181363754e-02 9.002886431044811177e-02 -1.197388190424321319e+00 9.739157940842413375e-01 3.037325725752044736e-01 2.142032547664561637e+00 4.680606350010386163e-01 5.064861186699068929e-01 2.714432256523337195e+00 1.063252456238374055e+00 4.409238266568383802e-01 1.738007817439463920e-01 -1.997682147275545994e-01 1.935687215861560340e+00 7.594760007024452531e-01 1.672378283456059100e-01 -1.455062204965195560e+00 1.537342747087313777e+00 2.984267391331951735e-01 -1.250292351909953470e-01 -8.187899430290453973e-01 -1.318243776983882176e+00 -1.466454526445288564e-01 -5.163852196492351929e-03
-5.901264440561133640e-01 8.794007005589522530e-01 1.581131430802852122e+00 -7.379018877612959493e-01 -1.481653032441140549e+00 -1.962343374007332053e-01 1.038625716257554066e+00 -1.469395587389777269e+00 1.191525251872555868e+00 1.394964750152541066e+00 -4.359784607224758690e-01 -3.287956560952970397e-01 9.282275169491522870e-01 1.395471195154636579e+00 -5.482820451019043695e-01 -3.591816396972423719e-01 -2.026580797273381584e+00 -1.175149670183553707e-01 -3.963913668997183226e-01 1.015893509041902176e-01 3.522835174103433609e-01 5.828739936820256373e-01 5.933401759648662122e-01 -3.603763511668395259e-01 -1.678470558612966901e+00 6.008134839000456306e-01 -9.034511729261777147e-01 -4.053145173652216715e-01 -9.510201691370832044e-01 -2.002557172315541645e-01 -1.185679832505894149e+00 -1.944098598477155271e-01 1.367792668109683030e+00 1.070200838263162257e+00 -4.158391695104115549e-01 -1.334428520259638984e-01 -3.358319666403710713e-01 -1.385232318989126910e-01 3.267849572506508760e-01 1.331766664252838295e+00 1.731916585341271853e-01 -3.129099290567008418e-01 -7.847947675236784937e-01 1.691304205635174140e+00 -2.154285625551174144e-01 -1.278368604265295971e+00 2.686531250789552794e-01 8.100982567240332388e-01
8.067440458093715350e-01 6.208944015653575926e-02 -8.673489485031429802e-02 -1.260877207799827149e+00 8.636042750748761376e-01 1.293591595151576956e-01 8.996258243258609122e-02 -1.527045783257276801e+00 1.402051544541293326e+00 -8.851382890795597147e-01 6.090845981652743824e-01 -1.433270813597271598e+00 8.716259895696222282e-01 9.996379083182063141e-01 7.937369003435098547e-01 -2.709284476949939346e+00 -8.459102399654262472e-01 8.228211269243012049e-01 -3.687166868010707116e-02 -1.294288239419821296e-01 6.219427565360843846e-02 1.086114534025117928e+00 1.210378135905391117e+00 -3.241745356396112387e-01 5.609763655876573996e-01 7.400309429061059374e-01 -1.326690037006525769e+00 -4.755188547542681110e-02 3.201865807152819987e-01 -2.207635857981705141e-01 5.075348744637480092e-01 -1.359855547880425286e+00 8.252140586715102366e-02 -9.062717690509858315e-01 5.687456806352153560e-01 -8.805158117571589838e-01 -3.068907512798181969e+00 -6.345718947182460434e-01 -1.216591602915055997e-01 8.565869090245256112e-01 -9.513451552401014366e-01 -2.961081236172205533e-01 -2.639922108331037576e-01 -1.985729061257134775e+00 1.098314364661235665e+00 1.193857527713742206e+00 3.527598948502233545e-01 -1.215231171853998093e+00
5.948966610619075418e-02 7.621493626450420722e-01 6.598231749987425454e-01 -4.495551370040963279e-01 -7.296245542774044690e-01 -2.638151225976966829e-01 4.930558026999081744e-01 -1.393885959702932498e+00 1.140714825198194671e+00 -5.428977772663366036e-02 3.947563456675149407e-01 -1.676773617226888780e+00 -1.677890349629259870e+00 1.542195595850130996e+00 1.012229874798289631e+00 8.533716344775116314e-01 3.105512440746404645e-01 -8.960986572217586321e-01 -1.353638310624281083e-01 -7.912677778519651428e-02 -6.730594871236011967e-01 -3.609193173750189776e-01 1.287706427015775368e-01 -1.228457537818915313e+00 -1.782646510509709792e+00 -9.427929859014787528e-01 3.697838166142297101e-01 5.894138310096463940e-01 7.734668051476257800e-01 -1.472685756246462085e-01 -3.968956117895162672e-01 -1.683008175036038168e-01 2.132840827500035175e-01 -2.501566709824270873e+00 -6.016757609743250690e-01 -1.322153949199453615e+00 4.418823521670500742e-01 -4.003112916506875174e-01 1.866559106962284886e+00 -3.905274647297132251e-01 4.013766795080004335e-01 -8.980633607606230973e-01 -7.353321835197388356e-01 6.700058419924601605e-01 -5.516145430439047814e-01 -5.219961160024426672e-01 1.413673177214915810e+00 -1.185017427338746487e-01
-4.622247597367952765e-01 -4.834626804137481804e-01 -1.204786060225665478e+00 -2.884945711889393416e-01 -1.100068893394814840e+00 5.081378872407724678e-01 -2.337289221913060044e-01 -1.267703171373305127e+00 1.962862605257623905e+00 -7.816298923954926314e-01 6.867178904702586628e-02 -1.696686227194126040e-01 -5.351467369784544958e-01 -8.655648965587440236e-01 -5.499593228060838390e-01 -7.129621886264784214e-01 2.444421011456243242e+00 1.207396332691781232e-01 -1.646707491667083467e-01 7.582060896806852579e-03 2.482821927477000812e-01 -1.552259084436542202e-01 1.233671895164111021e+00 1.340428107555438342e-01 -2.777864917711366122e+00 4.981465840307155446e-01 -1.234017205184413823e+00 -5.297282101010748478e-01 -1.598797992893304709e+00 5.068825502966871621e-01 1.258631034376278990e+00 1.761117870988584633e+00 -1.673869865794157252e-01 1.034633116161594701e+00 8.316611369283651856e-01 -5.101347305369974272e-01 -8.217240089762114508e-01 8.881492214006511121e-01 5.065974374993138518e-01 1.646854337067186425e+00 -3.247320899555938833e-01 1.365015826848803959e+00 1.646774869560031773e-01 -2.064743200761672171e+00 3.892891830980361734e-01 -6.205784655234678482e-01 7.298291405186889680e-01 -9.119258541510592841e-02
-4.058341263311797675e-01 -3.983325601189343645e-01 3.728056002310065509e+00 -7.154076466193722839e-01 1.024694219359685743e+00 5.686453897955323633e-01 -1.122881343488011163e+00 -6.683350173388821203e-01 5.705416061787992321e-01 -1.111768569792156852e-01 -1.522664630149776377e+00 7.119017122976686318e-01 1.245729731231310256e+00 2.372834267840824296e-01 -9.343831221397095321e-01 4.246940862283571372e-01 1.997765469268309446e-01 3.265374058304112981e-01 9.278834351178989470e-01 6.298958870360142903e-01 1.911427482865179828e+00 5.632316343424049743e-01 -6.404071328957776643e-01 -1.897983275379129184e-02 3.037984368594554563e-01 1.473096594827742134e+00 -1.372301476335308634e-01 2.162284309085595047e-01 -6.068920217819432361e-01 -8.417935060386070312e-01 -7.706795088330289367e-01 8.450925737551292366e-03 -2.454946170670910810e-01 -1.068825539143472003e+00 -4.284689605002855450e-01 4.237587682340965972e-02 -1.696449985895011892e-01 1.325401825353559104e+00 -1.314903115068725287e-02 -7.631901206426886519e-01 3.263435819255788850e-01 -2.391785520699788170e-01 -1.503232160687943686e-01 5.649286111363366336e-01 4.215681781567372499e-01 3.095203455302080742e-01 1.105549383548585451e+00 -9.196357000562744854e-01
3.756410378796259386e-01 1.773029183651783081e-01 1.776222229097312644e+00 -2.494284498387643989e+00 -9.065635903029506393e-01 -1.489545237702589731e+00 -1.227963516486810347e+00 1.356821833852125847e+00 -1.226244465139411655e-01 -3.905121852324264231e-01 8.568903252318023356e-02 -1.464988865144540853e+00 -1.008369892752359442e+00 1.153260530923097882e+00 9.536612032760138913e-01 -1.226484268871898209e+00 2.096696091890026370e+00 -1.439345509980104021e+00 -1.875312809964064353e+00 3.272389555691593843e-01 -8.830420187256586562e-02 1.645341420997720183e+00 1.100086642173482732e+00 -8.948636644736797097e-01 -1.426765302953517001e+00 3.072633322441147841e-01 -1.803545458191271322e-01 2.374606590805417028e-01 4.654594998705846032e-01 4.226880526475402799e-01 5.029548764858521315e-02 5.515281197211816533e-01 5.959859055650144066e-01 1.313875734882305121e-02 -6.476596742588221212e-02 -4.898879762232958845e-01 -7.148017986989280148e-02 -9.996006288268639850e-02 1.048924935976791373e+00 5.864520072743844015e-01 -1.705632446616875963e-01 -8.332238197030659155e-01 1.249008136649409212e-01 -1.567006264442295072e+00 -9.709124636870281044e-01 1.158706161144257285e+00 -5.233183766685862714e-01 -1.812615092535768690e-02
-5.730404845995408225e-01 1.167242209672693320e+00 -4.425146115060896168e-01 1.063597270106042769e+00 -5.180517547718291871e-01 -2.009284544638930969e-01 2.461445901980232609e+00 4.143959158002764598e-01 4.983764359560137643e-03 -2.712590399243244854e-01 1.307572736957371751e+00 -2.182254713138386482e+00 7.182202843135416792e-01 -1.184933614603717045e-01 -9.323335562914929486e-01 -1.024544103721926058e+00 -1.672476153381072361e+00 6.982412013556232866e-01 9.575084377551643655e-01 4.029259252151853876e-01 -1.574524381668137296e-01 3.018534415216193589e-01 3.306510536041971648e-01 -5.365739960313381518e-01 -2.207611349347753660e-01 -1.595227242914083687e+00 -1.783976603878096201e+00 -7.525534299867324695e-01 1.729301204901229738e+00 1.787572083069991491e+00 -9.842601579926092414e-01 1.687481077602014601e+00 -4.737083690551402437e-01 -1.479793583442194027e+00 -2.018839792946463402e-03 1.157303559026457707e-01 1.732845784097918340e+00 -1.953147875022319124e-01 1.217071982504895900e+00 -1.700752396578563419e-01 -1.012677937181377663e+00 1.056270596034758924e+00 -5.102096736333661120e-01 -2.159184774956947883e-01 -9.294644701588867797e-01 -6.873490251693382680e-01 1.871163520478207998e+00 1.985838459920149512e+00
2.059660128207082774e+00 2.036913838713065861e-01 7.935391589426372683e-01 -5.104695390040395742e-01 -8.604228991020774764e-01 -2.024132255506920219e-01 4.304711284520701953e-01 1.586871738641950857e+00 8.922294528954888282e-01 1.343496588746672105e+00 1.363034849915470970e-01 8.593935841490419891e-01 1.195015478012169119e-01 1.956189237207282827e-01 9.930805887750137062e-01 -2.693515439242941678e+00 -2.342240302119495687e-01 4.870175243647286156e-01 1.436407473708071203e+00 1.878727759225461424e-01 2.284611604743422841e-01 -4.076142833760623141e-01 1.491224053321216436e+00 1.732551837279266982e+00 1.206039780858921689e-01 -5.423785302268875341e-01 1.414440039303867414e+00 -6.015750086992973644e-01 1.097198253704662063e+00 3.397209379940228230e-02 -1.275823384656586734e+00 -8.913080857339727991e-01 1.676573521764878061e+00 6.430791400831692428e-01 9.151562359097674682e-01 3.532516723595808261e-01 1.039213473988871650e+00 3.093733584842973602e-02 -8.558702814216757881e-02 -7.590207125821429868e-01 -2.026478463585957290e-01 9.280129677086061957e-01 -4.878013587244950933e-01 8.420088611662115974e-02 1.110661462204988403e+00 6.141867644982922370e-01 1.390454690717977559e+00 6.311850271592801542e-01
1.664158373868549479e+00 -1.428238547725937113e-01 8.974779289718705089e-01 3.435181493711488843e-01 -1.496937423677429657e-01 6.141387745452779878e-01 8.036217825406030690e-02 5.951737363962441574e-01 -1.051198344984870525e+00 3.957719413541289644e-01 8.980750239706668248e-02 3.655681607261512256e-01 -8.073040786291793003e-01 -3.712235071180249035e-02 -7.320114739506377033e-01 2.559801429877535742e-02 -8.206419925727304054e-02 -7.669581828067194573e-01 1.587091385114595965e-01 9.592003946545428761e-01 -2.244177901107985429e-01 3.341131086612293410e-01 1.728575098582731728e+00 2.532625469842712806e-02 1.304338734663055499e+00 1.751433005976769541e+00 -6.478314750113787213e-01 7.226286236117549500e-01 1.565852021851169118e+00 1.471060802295978132e-01 -2.247897920286983098e+00 1.565760975015622281e+00 -6.317437515903997491e-01 -1.024779466883510404e+00 1.229897818119459058e-01 1.701525440838757230e+00 9.358758247264120644e-01 -4.849749341313639439e-01 -4.046495157804572695e-01 5.080743260842720543e-01 1.685668978235247695e-01 2.132131075014912280e+00 1.089941072922357090e+00 -3.357574692038490238e-01 1.153220015806885462e-01 1.414265270826459808e+00 2.435003733857954156e-01 7.251630511427568093e-01
-9.045165406881369163e-01 -7.675162891275856547e-02 1.286205172146336118e+00 9.734641762844595814e-01 -3.209415628535000620e-01 1.134252473778175618e+00 4.622095007540164002e-01 -8.873383303206238137e-01 4.847496240479068907e-01 -3.249087932839611614e-01 -1.362340132403351278e+00 1.273380218215596771e-01 -2.548432829507252251e+00 -1.103464750686115714e+00 -5.714192505270879741e-01 6.079022658888848241e-02 1.095827132630190714e+00 -8.230349512977921389e-01 -6.788432287239385410e-01 -1.107360529405062161e-01 -1.395675197935321243e+00 6.537889276430883800e-01 -1.949183679039160899e-01 5.050016986904888316e-01 -9.770957066655115986e-01 -1.347968933461182406e+00 8.696893047779089558e-01 -1.257482559901025754e+00 1.251744253207320634e+00 -2.039960754917241603e-01 -9.003192565348423493e-01 8.220667886970635108e-01 4.573668580243398507e-01 -1.285735341109579766e+00 -4.813091475854531787e-01 4.113254686699170382e-01 -6.185464741943582645e-01 4.698504699220286684e-01 2.336981266144984026e+00 -5.891967799526670602e-01 -5.428275329237705060e-01 -1.238839788542298592e+00 -7.805030113278940140e-01 1.005959815547755598e+00 -6.225119093706281692e-01 1.119442911266339991e+00 -3.448017124635899266e-02 2.424809667487891687e-02
3.388568073555724980e-01 -3.536672706894271045e-01 -1.907242221993127540e+00 -9.884564763773491247e-01 8.222916019404428178e-01 -1.276925718486993100e+00 -8.116179281463911099e-01 -3.829902115215292890e-01 -2.410751253156689089e-01 1.166562887882820060e-01 3.018418626231336721e-01 1.317437315168362710e+00 -1.558773785098823694e+00 2.975110716491584095e-01 2.114662770592270480e+00 1.698370151787589322e+00 1.039615086968318947e+00 1.763085340206269835e+00 -1.725790687833298476e+00 4.842468933443515589e-01 7.413591423339630504e-01 -7.010635286925885890e-01 2.189886636721540270e-01 1.209017220923135794e+00 -4.717349149907646422e-01 3.367846621844286861e-03 -6.424293604805507707e-01 -1.163198476510006296e+00 -1.695898000608058176e+00 3.935312783371811562e-01 -8.107702993567400540e-01 -7.911146840266566338e-01 2.893941918157560411e-01 5.061687073026157613e-01 1.728895639882510604e+00 -2.167408892511887841e-01 3.442270082163899625e-01 1.017191709778162645e+00 1.366292099509156532e+00 -7.885123401847246027e-01 -1.357699105496284586e+00 -1.669834281831016065e-01 -1.725055707262726390e+00 1.535277130613481866e-01 6.063946422914815448e-01 1.286425628637394736e+00 1.139764744270290314e-01 -1.308447943495436805e+00
-1.578967166104436659e+00 1.102043044438677732e+00 3.235524552537835663e-01 5.181063113149563248e-01 -3.389217319361785830e-01 2.109482243790181399e-01 -1.946322644615266773e-01 1.694572855828678559e+00 1.013605334896364729e+00 -1.927102433945996784e+00 -3.866013328338789856e-01 5.149823540520820364e-01 3.709490299480879688e-02 6.270385235625082210e-01 -5.805408023102868187e-01 -1.647781824907962989e+00 -5.692427497910795831e-01 -2.838714731010694159e-01 -2.109771501773885505e-01 -1.016741938114996913e+00 1.642434296594265375e-01 -5.496489770458017343e-01 -5.227175282390258415e-01 5.159165232905810194e-01 8.655287592910254624e-01 8.931296264857696565e-02 2.412712216110438068e-01 -7.841286528406812284e-01 -1.520612256189143752e+00 -1.070983726535690739e+00 9.104331339202002826e-02 -1.187112841089748433e-01 1.154350292047274795e+00 -2.075695391208829677e-01 -9.280470973016048397e-01 -4.641442640803818825e-02 1.479114700828094708e+00 3.303121712605247562e-01 2.783350619926255320e-01 -1.328561172151969672e+00 1.605081362729688932e+00 -1.525081510272519481e+00 1.702981882362092358e-01 -1.315909903245857882e+00 -1.251537358346427320e+00 5.216930397917122209e-01 -3.998263686406019479e-01 8.791163936411432178e-02
-2.691656945302849935e-01 8.842316372394041224e-01 -2.952161924973207285e-01 -5.139370085062376914e-01 -1.187039369328989791e+00 -3.792691550002633138e-01 7.445625781726235015e-01 1.046693337895852949e+00 -4.001808337204902921e-01 -2.502227355908032136e-01 -2.177088208133134417e-01 -2.056002651421372784e-01 5.625515878587521446e-01 -1.401724183120091283e+00 1.205050776436827897e+00 6.527997288678369925e-01 5.543192871235919084e-01 -1.219570510006663611e+00 2.211010140396712509e-01 3.393190793225677182e-01 -1.901344629881217996e+00 -6.632427377778493671e-01 -8.922931076793650940e-01 1.318292677394001133e+00 -9.601202553884382596e-01 -1.117496125830280018e+00 5.890124658862547768e-01 2.691213927471080569e-01 4.660708674906318683e-01 5.882661944439978585e-01 2.858795654780865725e-01 -1.208750007192766374e+00 8.948530379530517109e-01 8.112925881110794046e-01 4.861325883926396751e-01 6.569278136960978731e-01 8.872188982596905804e-01 -1.489126549137351541e+00 8.757694893727391294e-01 9.632121226165182293e-01 8.068911332868891617e-02 7.587200367495522402e-01 -2.162628441915012800e+00 -1.081295311814024496e+00 -6.655633271725277522e-01 -2.750764983089756463e-02 8.551491122883778662e-01 -1.462348752795944673e+00
-5.037675312405269779e-01 6.664355243180923594e-02 1.537389137446762311e+00 -3.028934488328181851e-02 -1.540022756473701460e+00 -1.775559449163527370e+00 -1.197975741011728379e-01 -2.536508217661549436e-01 1.489581436005057435e-01 -1.155328287914078739e-01 -2.016576649235962415e-01 -1.083004926418721148e+00 -1.717567971140505856e+00 5.433231625359118411e-01 1.424182640059902805e-01 5.137329725390052948e-01 4.513293597850843164e-01 -8.354156512738800666e-01 1.014786479774706790e-01 3.217208999909410005e-02 7.938160160707112833e-01 7.314530317550265170e-01 2.269356266646670672e+00 6.713342033960553179e-01 -4.705754718370415424e-02 1.269811110684009536e+00 -5.826156578601194846e-01 -4.570107387227627105e-01 2.363055165611238351e-01 -6.252599702517334102e-01 1.362942622925329861e+00 -8.772739789259351717e-01 6.569961284666706591e-01 6.538709046065959152e-01 6.631862175022573691e-02 -1.393969630606467724e+00 -1.344412691200608419e-02 -1.110051528932719522e+00 1.957747765118600602e+00 1.737715093668295574e-01 -1.738261518079677603e-01 -6.593209498491962861e-02 6.777980120267529385e-01 -5.413102284495822092e-01 4.307497445123797397e-01 -2.101608112546493157e+00 2.174919080733830612e-01 8.436416815764868904e-01
-7.547682364059074001e-01 -2.816249307716033878e-01 -8.864413098592053286e-01 -1.191063969868871641e+00 5.089920275623931456e-01 -2.575885526940307368e+00 3.234070061802356566e-01 -6.481532256974809059e-01 -5.331472570228167340e-01 -9.951444200956629516e-01 -1.073234554462502821e+00 -5.638378312439226159e-01 -6.345420914895436582e-01 9.160454041634488731e-02 -3.673062930045296604e-01 5.328234559581614960e-01 5.109330714491998604e-01 -8.175688521626478522e-01 -7.650327396846100525e-01 4.380696632819589542e-01 -2.146423276468010233e-01 -8.897646436952566518e-01 -5.345319951831649652e-01 1.400136198795602915e+00 1.313131417472004125e+00 8.963933633113196908e-01 -2.500510436774229794e-01 -3.955296257665664172e-01 -1.817213314671662028e+00 5.774692126057818786e-01 1.723408966900217720e+00 1.518202222671265034e+00 -1.066722679289520970e-01 4.541721454564039417e-01 4.784692184993085684e-01 -8.409382171685206853e-01 -2.716024976575290850e-01 -2.622758613723638610e-01 -1.405185066396609894e+00 -9.066621578001823334e-01 5.333688739244437649e-01 -1.225181383271123803e+00 -2.114427224027364272e-01 1.597723215025463050e-01 -1.015826188108640560e+00 3.831800251123415602e-01 -8.881735891103410552e-01 -8.278016832754804266e-01
2.299480711233433394e-01 -2.139629511008240559e-01 2.070799982859965471e-01 -8.132777636419478151e-01 1.506085292255038066e+00 3.218777122719938544e-01 -1.639160827046763691e+00 -7.663609020990267418e-01 1.452772774445066917e+00 -5.336597374407607841e-01 -1.497048828293684020e+00 -1.249857123698833838e+00 -2.892641516219922760e-03 -2.028763447549890575e+00 -1.263864896309014219e+00 6.729464722463489590e-01 5.031358044789850936e-01 -1.009178316742801673e+00 -5.623385200515136351e-01 9.545623475327863483e-02 -2.377310807437525320e+00 7.857838757884708092e-02 1.875041319258411721e-01 2.877201264828504468e-01 2.121518409119894422e+00 -2.436205034430414529e-01 9.960112122041041571e-01 7.426134507557484721e-01 -2.433067557243556167e-01 -4.942359675143506714e-01 2.940320594574660773e-01 -1.617523050106941085e+00 -3.274540803308672587e-01 2.303394630176513469e-01 -4.409824331073421977e-01 -4.923165080790171677e-01 7.521187034077941869e-01 -2.516256250906252490e-01 -1.326711545153912652e+00 5.705443919189816526e-01 -1.214321119930839243e+00 1.251082168239286085e+00 5.636514937602422615e-01 -3.189804614091470980e-01 4.809649924423420875e-01 -1.529169746381384698e-01 3.248912076725991582e-01 -1.114654122051907281e+00
-5.956255454426720997e-01 5.545305085423699043e-02 1.603654952570189307e+00 -1.166899604161188542e+00 -8.416329523820612613e-01 -1.183613674983872821e+00 2.859662498739442560e-01 -1.605531657557683900e-01 -1.087563517178560035e+00 1.487150962683368327e+00 2.139343070926340018e-01 2.865794322672692851e-01 3.929867333587772626e-01 1.539170519840303619e+00 -3.449371359434014739e-01 -7.242690468782922997e-01 -9.350522825698066587e-01 -1.930982289690043485e+00 -2.809075113342890395e-02 2.570205486632545222e-01 -5.409173031796685877e-02 -5.092437256013522540e-02 9.091710842822963157e-01 -1.556219988875624516e-01 -1.777421056544531974e-01 1.357830866896265753e+00 -1.513203605715838451e+00 -1.459173683330323268e+00 3.011058777742845471e-01 -1.316982785815340624e-02 -8.172583191753330922e-01 -2.334888894103662460e-01 -4.585291684573093024e-02 4.357954275045221038e-01 -9.657219418283875534e-01 7.943866882911950755e-01 7.169290649630634116e-01 -2.031323656021437607e+00 -6.281275237123709054e-01 8.234409216008183041e-02 6.895582659265785397e-01 -1.024633167067533268e+00 1.337414560134101427e+00 -4.119631250207530376e-02 -1.488098977583788285e+00 1.131998029699000652e+00 8.043460505932836790e-01 5.687517907492805058e-01
-1.087703199896351558e+00 6.264761634043700678e-01 -9.094267160010299778e-01 1.047507171172777474e+00 -1.546094095268405244e+00 -1.495119370285688642e+00 3.710245517356154377e-01 -2.871450439837702762e-01 5.156521315524760229e-01 -6.885473557919219445e-01 5.564389100045695757e-01 1.595320695461721894e-01 -1.734805586715174153e+00 1.691884937537469602e+00 9.814102796934368045e-02 -5.980389283044938997e-01 1.905843275421296654e-02 -8.461071274034587253e-01 -1.034412790417043482e+00 -5.308726859909727036e-01 6.608027714951466569e-01 -3.178774634119569509e+00 -6.215931803375821518e-01 -7.269080886899501048e-02 -6.698528213491422578e-01 -1.202398471139420000e+00 -2.145327657196521021e-01 -2.240156005032396813e-01 -9.256434385401822729e-01 5.300300429983200168e-01 -2.729270356683874410e-01 1.513353431230373580e+00 6.390043874864251849e-01 1.962937052938598936e-01 3.202201934585242604e-01 2.919333331740029402e-01 3.243164858850689503e-01 7.757119622135055792e-01 4.382201587852580654e-02 -3.414993337425437092e-01 -1.237015332893203340e-01 1.609652263996737276e-01 -2.115203578555354402e-01 1.486595466811902577e+00 1.526562993550730996e+00 -6.871347686877420369e-01 -7.585930363099157026e-01 -6.821911193076857227e-01
-2.246274998913975474e-01 1.241535763201031761e+00 -3.358903723806366814e-01 -3.267653620732072772e-01 3.962527352735333297e-01 -9.467907957135660579e-01 1.266278943250240152e+00 -4.651407243977725425e-01 3.092184906433175229e-01 1.435101560453605263e+00 3.305664294936412340e-01 6.879800202513257634e-01 -9.792120703679186855e-01 -5.084548778805361158e-01 1.099251356396004686e+00 -2.440581835873699978e-01 -5.039824067211001735e-01 -1.622253772765994695e-01 8.717054305458286911e-02 8.158431077308185564e-02 -8.396565171414757112e-01 1.073705296445206070e+00 -3.463426930697609540e-01 5.655010990061867249e-01 -4.478492987336881170e-01 1.948581667618991320e+00 8.102263583251494428e-01 3.538266635774985902e-01 -1.092069194584870173e+00 -7.154920238243009933e-01 -5.631871185660730639e-01 1.364778718194195883e-01 -8.706791894949703625e-01 -1.263345613001523593e-01 5.991869896866212075e-01 -6.608481067715926693e-01 -1.039709728195657323e+00 -9.686564086566170628e-01 -1.147686527112303789e-01 -9.785883406848100430e-01 -9.715636234735064436e-01 1.930544923892175246e+00 -3.737026190129860148e-01 1.712553135845620078e+00 -1.341849155592692133e+00 2.328552704107249127e+00 1.346092435596664361e+00 1.748076519903845938e+00
-1.394597687779856710e+00 -6.658455650029381223e-01 -1.169836533464056361e+00 -2.517848329079725445e-01 -3.605444296406672411e-01 8.036184452338239748e-01 1.239850966299031798e+00 -1.097658606468415066e+00 -5.822479627288815740e-01 -3.880014810902070010e+00 1.732674073091069467e+00 7.933421211910446358e-01 -3.289085013956413173e-01 -1.011800396396198121e+00 3.149941593352932334e-01 4.810991962909906550e-02 -2.309645777819740342e+00 9.209001137020420558e-01 -3.638206069922338970e-01 -1.460649960876071463e-01 -8.728723443358856748e-01 2.091178437939718304e-01 -1.678943394363053010e-01 3.895460967311990541e-01 -9.978895367115787896e-02 -2.757260176605381141e-01 -3.915174221658221290e-04 4.943079104482077102e-01 -7.274254378343526506e-01 -3.555264288383301330e-01 3.222627146457743286e-01 2.907121135431195783e-02 -1.094128941578372372e+00 -4.855943009314556136e-01 1.631051212242520476e+00 -1.349187174568620973e-01 -8.202168355159307478e-02 -2.068054830193850169e+00 5.751773329525888823e-01 -5.123887856536791796e-01 -1.462013459176496388e+00 4.838685908546961345e-01 1.240920517172821702e+00 -1.283699909514683490e+00 -3.293270646512960753e-01 5.223686642477874953e-01 6.484320630377429229e-01 2.274416985396277291e-01
-1.254155808205002831e+00 1.568195638717919227e+00 1.996421243663306200e+00 6.343591512723857351e-01 1.755493386314433524e+00 9.862045407352458826e-01 7.893926876088357136e-02 1.344958824591663271e+00 7.791648497155231334e-01 -7.519772370870440037e-01 4.749027758970201241e-01 9.575314951217843706e-01 -5.627091280205044344e-01 -1.426724680258065758e+00 -8.388793421493756508e-01 2.813902436317786138e-01 8.654694069552416602e-01 -1.139812084947076226e-01 -1.783442597658409234e-01 1.122613479530223390e+00 -6.701472870868475928e-02 -2.054524071168608856e-01 2.092111265520389951e-01 2.624875195022589036e+00 8.952937621995167294e-01 1.915215722664419085e+00 1.817500163893565612e-01 -1.525642289331824442e-01 7.281470329458707980e-01 -8.746739202182886030e-01 -2.101591264309582985e-01 -1.992462728075232503e+00 3.992232879887125385e-01 2.805514042783935347e-01 1.608434832552001037e+00 -1.014850705891674920e+00 2.267339244165072376e+00 -4.654716368120324632e-01 3.327228943879629308e-01 8.607667428797073361e-01 -1.713023184178537717e+00 8.529956923746595532e-01 -4.724445516221946195e-01 -1.624590834902359671e+00 3.571512438510338061e-01 2.042075859221565093e+00 -2.335402669476485560e+00 1.633507217084242846e+00
6.661403689167595676e-02 -6.877685987634901688e-01 1.528581438983221297e+00 -7.563452024342057767e-01 -6.541450038035685477e-01 1.931863961129112184e-01 2.506991915843487018e+00 -1.313641192058682350e+00 6.979544796022930653e-01 -1.514056476960463915e-01 1.034050010622721061e+00 4.311140291630078392e-01 2.339182855931043192e-01 -6.674621038916711546e-02 -1.701715232204192504e-02 2.161023902787627959e-01 9.900935901322031052e-01 -2.040281338005947021e+00 8.355877425405534575e-01 -4.765498962593451848e-01 -1.152303106623542517e+00 9.559930912201792808e-01 -1.306584088499310292e+00 -1.046233917533685720e-01 -2.470438634022869451e+00 -1.473227051309813129e+00 -3.093728327452213711e-01 9.267203559099546073e-01 -5.674128239323751322e-01 -2.532521245494746776e+00 5.993711459094741567e-01 1.253392652510629535e-01 -4.341308936609721281e-01 1.034823199824400630e+00 -2.019858338137618947e+00 9.942763800887826076e-01 -1.665580803292529277e-01 -9.309050099266042572e-03 -1.686646428462373670e+00 6.542215650735757615e-01 -6.314229368813293330e-01 -1.459295608058038374e+00 1.956642164468672451e+00 6.721380916540639072e-01 2.440288458439633656e-02 1.198985431427441073e+00 1.617612482405838437e+00 1.909234665725267344e-01
-4.196732481461211695e-01 8.447520599315390122e-01 -1.553019590738020206e+00 7.434797640599964952e-01 1.115786141117597330e+00 3.418749266785771290e+00 2.898056457256581453e+00 2.515930491240067068e-01 -4.120305049843019929e-01 -1.615465724904461275e-01 6.257431557204053973e-01 1.039962459828422503e+00 -4.369266331631661560e-01 1.853383191157455534e-01 -1.370222646157256641e+00 -1.044166607854827705e-01 -7.648097275161318542e-01 -1.105497859319391374e+00 8.948980385239389476e-03 2.431352943335132744e-02 -8.621021762372234332e-02 -3.072197936533720863e+00 6.378741820994660028e-02 2.940860112780510072e-01 2.432535950524609802e+00 -5.447441092746905245e-01 4.445037579849800413e-01 8.815808256331967296e-01 1.597357411602609023e-01 3.688723344248889813e-01 7.734287726822871578e-01 -9.971662471917047688e-01 -1.281204965055480205e-01 9.158369209676163747e-01 8.324437817669213535e-01 -1.031407237826431622e+00 7.047290820431556524e-01 1.642438475621591509e-01 -1.583391939398471671e+00 1.075612323599571152e+00 -1.778561658947888757e+00 1.137246463629164372e+00 9.640332457233055097e-01 -8.911077666125790664e-01 -5.958435419185060811e-01 9.979511900983929484e-01 5.975531557702965513e-01 -1.679521086502687721e+00
-1.180881584060565093e+00 4.129267821716683384e-01 1.484570796635528989e-01 -1.152918218016338175e-01 -4.472572868959517889e-01 6.642773411781919268e-01 1.512366112566958520e-01 -8.994552252562427741e-01 2.202833409978382395e+00 -5.457429582782717947e-01 1.114631574400351655e+00 -4.246829865888596123e-01 -7.821387853842152182e-01 -3.606864572801841140e-01 8.323792320011721424e-01 -2.179988103190313442e-01 -1.928347729673731692e-01 1.820158855833487133e+00 -8.274153256195294903e-02 -2.791726627204288436e-01 -1.332645305024908466e-01 2.585920949920413880e-01 3.215310683873406905e-01 -1.049099561961623461e+00 -4.105955227378004224e-01 2.773220537169286959e-01 -1.695549840218022464e+00 -5.987776318354723903e-01 1.059972827817367902e+00 9.364757255808775493e-01 -3.419896531629256636e-02 -1.853992022387504490e-01 2.756356903171069406e-01 1.822789358125979753e+00 6.489271375465324176e-01 -2.843240020626336961e-01 1.179589675439731478e+00 7.974835154511426827e-02 -1.373552474062976092e+00 1.395417526382703111e+00 9.524606590458919442e-01 -1.103727347022074756e+00 2.008885603706554335e+00 -6.063556179390666712e-01 8.120556564229409746e-01 -4.975398138493613009e-01 -1.075757534161778661e+00 1.175546492991795589e+00
9.950082195681740627e-02 4.771818674390038151e-01 -5.049412741457476317e-01 -4.070112694684298316e-02 -8.900353486512699863e-01 4.790990323219727065e-01 7.832986844968884421e-01 1.487048318060843588e+00 -1.835647855324523459e+00 -1.654278743388746920e+00 6.285162258532687174e-01 -2.224376894189838527e+00 6.766041880342918979e-01 4.703177206361380813e-01 -1.746678072148824201e+00 6.556082342033481281e-01 7.964312108572717541e-01 -6.112841771715530337e-01 -4.691148362122071064e-02 -1.287995315184581879e-01 -4.698398880889718687e-01 -6.753578896749479199e-01 1.627969681521049372e+00 -3.426558621471505472e-01 1.654262239957471625e-01 -1.608008352282458142e-01 -2.122186053096897229e-01 7.794925222752857596e-01 2.402997516470739559e+00 6.858311922510779146e-01 -6.233707907606116372e-01 1.186892734894236412e+00 2.028105260641239194e-01 1.091532493415322547e+00 4.797088421369920253e-02 -1.040498277866781063e+00 -5.058904833035130499e-01 9.366806723683960278e-01 -5.818092614613074032e-01 -5.349189895181382520e-02 -5.820471636073080157e-01 9.086921867560899813e-01 -1.229732045692458531e+00 2.859574051744479539e-01 -6.845394551576090558e-01 1.463697171986542145e-01 -1.435985643841607651e+00 6.011992678444864069e-01
4.273317250483757435e-01 5.805819024095177500e-02 3.549905528507192876e-01 6.780757214116939213e-01 2.436743863180264036e+00 1.928175348159112401e+00 3.924705025047736107e-01 -1.270585997079431151e-01 -8.640314604294327960e-01 -1.969185674248969953e-01 2.200787699081465168e-02 -1.112521294933739746e+00 1.668465462596752380e-01 9.873443052064259096e-01 9.862414948322124619e-01 -7.365780126428684849e-01 -1.587380007489259670e-01 5.621723980176891455e-01 -7.182669028129199384e-01 1.029560761076472097e+00 6.885660073644970236e-01 1.742127819138774569e-01 7.090054468971963564e-01 -4.529723236935255248e-01 -1.948388709125097387e-02 4.253660876560002024e-01 -1.075531233904280848e+00 4.678252440149821556e-01 6.438506333633083889e-01 1.774628357640584131e+00 1.997585216748421377e+00 1.111585058054627595e+00 -1.170962241622348188e+00 -7.275502454481488357e-01 5.461620427650512033e-01 -1.237607717002699337e+00 5.579110896123732344e-01 4.858294425584193110e-01 -5.558539734321922277e-01 7.836133127221434069e-01 6.851959032541709016e-01 7.848577867498873761e-01 5.318737199454469655e-01 -3.025650850829392779e-01 6.512267989832878357e-01 9.027137100485308485e-01 4.646225530131498083e-01 -1.252595243087123000e+00
1.841700994282042814e+00 1.732395755982536756e-01 9.602990046512267508e-01 7.872675986749523291e-01 1.900587955385813210e-01 1.057139391684465135e+00 -6.011461600572437503e-01 -1.123317580584782815e+00 2.342862490296254152e-01 -2.555268309373401880e+00 -2.543244445556439026e-01 -7.113539325755987575e-01 8.779356466776613299e-01 -5.751434539441292459e-01 -7.513117069401737957e-01 -7.758290435321887335e-01 -1.062320191896713589e-01 -1.355000031224188550e+00 7.788187320937850489e-01 1.235391499482312444e-01 5.311517506425235124e-01 -3.073651149658624404e-01 -2.477516138193171583e-02 1.713155975184197155e+00 -1.954077195028933067e+00 -2.305205263903175317e-01 -2.305880214396944516e-01 7.030994665339973526e-01 3.188369785909841436e-01 2.923088927341702670e-01 1.083440411706600770e+00 -2.177928205092204139e-01 1.806789748767803516e+00 1.328054069287381678e+00 2.829501931343625376e-01 6.493335650165544815e-01 -1.582307819331794541e+00 1.618211978174821875e+00 -1.736911750159576329e+00 2.076861090418310671e-02 -1.212404517486392663e+00 -2.145756170408258112e-01 -9.769323820056923235e-01 1.733733426041377534e-01 -1.209534999578314673e+00 -1.509744702831227858e+00 -4.206189819013148035e-01 1.499535215205091143e+00
5.818969267558803393e-01 -1.333967023741661762e-01 1.145054419935307849e-01 -2.849215651003038710e-02 -3.839301847783875288e-01 1.110876197377855812e+00 5.949488371087953142e-01 2.818780181731451728e-01 1.308469210035692332e-01 -1.521191088686357551e+00 1.059169072170610626e+00 -2.429260818153378687e-01 -5.636727511106801591e-01 1.780886640687302513e+00 1.420933877630765618e-01 -5.029657532966564926e-01 2.271117582965816450e-01 3.697083495476373716e-01 -6.819339458467180703e-01 -1.214634539454359841e+00 -9.554593631943056886e-01 -4.046406502589739440e-01 -7.999029587809889374e-01 1.082883966746963633e+00 -1.164734998705875199e-02 -1.112358876244198713e+00 2.582132608024291232e-01 3.661202331025519841e-01 -7.405703007914331282e-02 1.721502934681849117e+00 -6.468732189880442851e-01 4.209655206669831173e-01 3.404888664454273961e+00 -6.571718928948888649e-01 1.162227013449566915e+00 2.260533812148580068e+00 -1.386140293281663105e+00 -4.630129971525944188e-01 4.565560559016255682e-01 -1.053057369765616702e+00 -1.998483161707341749e+00 -5.770435459461067396e-01 1.660854871370154084e+00 -1.421086934348506858e+00 -1.294092960090742039e+00 -4.546610118036591430e-01 3.257992922644132872e-01 3.986772330901648953e-01
1.005950052150230700e+00 -7.068469160402339468e-02 6.317778951346230132e-01 -1.407996471966655727e-01 1.395297493478984796e+00 -2.091935435193861825e-01 1.999997488435806714e+00 -5.853922547248172625e-01 1.160884669021720883e-01 -2.136141599248248202e+00 -1.194146375262349347e-01 8.165356840617118417e-01 1.570286293851106407e-01 -1.569436761970402383e+00 1.317062071646497579e-01 7.315652167777757509e-01 7.446515602422205671e-01 1.330504307317471380e+00 1.246361820828704170e+00 -1.710384026158003612e-01 2.090677870992696974e+00 1.234671711762194590e+00 -1.222550825076124115e+00 5.374941653760140214e-01 -1.587408643434378597e+00 1.047666775238664139e+00 1.626076189130551131e-01 -1.243135801016439501e+00 -1.574532444397440667e-01 1.247234470455138924e-02 -1.414105338355955421e+00 1.568138739369170365e-01 1.173668865322119004e+00 -1.570489376805099369e+00 -9.079980210700999699e-01 -3.501034054800000045e-02 -1.224971058262076307e+00 7.629593798676964460e-03 -6.763164485069401710e-01 2.341321526657635377e-01 3.398264695203403463e-01 -3.603975964874972515e-01 -3.213322500417849503e-01 1.395559071128741779e+00 -2.488407112599428095e-01 5.921851445339708642e-01 2.893480551366793829e+00 -3.278744204922907635e-01
5.040705461598680159e-01 -2.462174632960848708e+00 9.369720756008451668e-01 -2.214197481782093080e-02 6.561936805275033757e-01 1.319112478466298866e-01 1.486907489872282717e+00 -2.901197582307984746e+00 7.800743885327814098e-02 8.147768462982780679e-01 -6.193277347624392970e-01 7.908343195881030185e-01 2.209522589155132888e+00 8.051038898809057542e-01 -1.847753905284938991e+00 5.007039848601835957e-02 2.560770432856647738e-01 -1.610921035954814950e+00 3.826132702679889697e-01 -2.376867841420630123e-01 -2.206132584569869270e-01 8.634138208329232567e-02 1.137219864310217432e-01 -1.073142003884042905e+00 -1.968404375890544289e+00 1.043556410132018941e+00 -1.851079331867696354e+00 -1.375980892208538142e+00 -6.415482788605855191e-01 -1.174925996198985967e+00 -1.744326855537686738e+00 -2.970125503413340584e-01 6.405209272344871696e-01 -1.828024004685989912e+00 1.500474749669930663e+00 -1.711466247957478537e-01 -1.603152556270221796e+00 3.166544234571570526e-01 1.801986437561595045e+00 -1.345720006486058162e+00 -1.270364393388969892e+00 -3.472924878737656401e-02 -3.018907353598301868e-01 1.177520786496058097e-01 -6.807935281581253828e-02 1.490820361937327532e-01 6.763814027938767071e-01 -3.679425938486339809e-01
6.389163009961437156e-01 5.763905600310331723e-02 1.381454514747184836e+00 1.062007202489231972e+00 5.807640580843583811e-01 -3.279908002883664131e-01 -3.943407138750954499e-01 4.836382975149222108e-01 -6.304262429580034799e-02 5.077081462232662101e-01 1.124828677149837475e+00 1.449191441030111438e+00 5.013734998600436477e-01 1.060689627506060662e+00 1.187266827516462592e-01 -1.596523190945668746e+00 1.746435377421021951e+00 1.187633286275849187e+00 -1.213188110328186076e+00 8.349893867349479637e-02 -1.601959700216235571e+00 7.397227735730105280e-01 1.048393610044760366e-01 -1.690024340450652363e-01 -2.202502568143398065e+00 -1.519092797258318805e+00 1.455092255841416771e+00 -7.876851792490947579e-01 3.488427682084084269e-01 -1.871843169226012238e+00 -8.508672958010874421e-01 7.677403834439916475e-01 -2.751281221316721481e-01 1.512778005632204659e+00 -5.785562076305816870e-01 -7.377077663396179874e-01 -4.462340628767339640e-02 1.736213193459317017e+00 5.827772997015606693e-01 4.363968559036414119e-01 4.721391035582698237e-01 -1.612209603862758911e+00 3.806075913613189976e-01 -1.032868766778832492e-01 1.398760276797245648e-02 6.333568222720674656e-01 -8.885139674290137846e-01 7.640760588906281292e-01
8.304936980059608731e-02 8.776312870859908077e-01 1.753112900035360411e-01 4.191738127997122754e-01 -8.684795006005918694e-01 8.574503696188879864e-01 -6.723905173565901672e-01 -9.961145352573996803e-01 -5.233435633328732406e-01 2.235465937703888795e-01 1.779114972747681267e-01 -1.348258922209282673e+00 -1.844224449397960930e+00 5.732562760526856982e-01 -8.799275792666132467e-01 -4.492018956817762088e-01 -1.136587963103011356e+00 1.899932353417854991e-01 -2.556177875851762815e-01 8.922426112900828654e-01 -7.082838592057939531e-01 -1.053778437787673106e+00 -6.146115277328443316e-01 -7.582861500983852920e-01 -1.261506105475634909e+00 4.662403994029842846e-01 1.959233266567437376e-02 -1.913542937228164487e+00 5.420580510176540301e-01 -4.669092727431615741e-01 -2.544702840385425560e-02 -7.441893389978286866e-01 -2.470121079456590873e-01 -1.071260642092734416e+00 -3.810806243715062491e-01 -2.061335256302129493e-01 9.310149524188697789e-01 -1.048353530259764632e+00 -1.080651326156169212e+00 -7.489192924503875748e-01 -9.004996972605786576e-01 -9.552762570177512069e-01 7.707283284769561593e-01 1.382588761302639524e+00 1.042195629960013692e+00 -6.555435328687482521e-02 1.656973415311137066e+00 3.047096812585213810e-01
1.744328791828734460e+00 2.015903509622773704e-01 -1.274968167519143991e+00 -1.257425330917830486e+00 1.495517713001144611e-01 -2.530324502842724144e+00 7.230938604367732614e-01 3.791857571239771185e-01 -8.516638431966926381e-01 2.369491712721228716e+00 1.533320777497529708e+00 3.903633201949743281e-01 4.928634199591296339e-01 4.000971792620409140e-01 3.428816142215008744e-01 -1.519715326437057978e+00 5.542196587776423433e-01 -4.106224467666290678e-01 4.926357722530778638e-01 -1.655159217887096856e+00 -9.746774326005973599e-01 -1.205061804826611960e+00 -6.618432739141265619e-01 -9.411335358786405703e-01 1.308372064525018974e+00 1.070259344709903138e+00 2.280267654777079767e-01 -9.148109160260078365e-01 -2.238670459233076393e+00 6.095657414942616814e-01 -2.210123421264150068e+00 3.480220900043435872e-01 -7.548330288308785496e-01 -1.985468319262076564e+00 7.223529952279561517e-01 2.579617046900410382e-01 -1.881363595743190897e+00 1.768952828691486845e-01 1.438304963683171511e+00 -4.410263985460553815e-02 1.184473489601331753e-01 -1.532908786591654193e+00 1.871624743053467987e-01 2.485838855014876614e-01 -1.154491042692455283e+00 -1.705228990771673780e+00 -3.316253227705881490e-01 8.387221985924381285e-01
1.374698472334434929e-01 5.190047766546589392e-01 6.777671009660890533e-01 -9.529355694406888011e-02 -5.556340617740143095e-01 -7.415269213443318463e-01 9.126524857285720493e-01 2.710648592555282566e+00 -1.265126218203094011e+00 -2.880059452915262330e-01 4.521348960534168349e-01 -2.138366154162202881e-01 -5.636049564137370904e-01 2.252056309404797840e+00 -2.370076007357055481e+00 3.998141139115186093e-01 8.394514993034878358e-01 6.470719131734932184e-01 -3.800292941942747249e-01 1.707387152666249852e-01 7.439997980703643154e-01 6.277924391986393626e-01 1.881289599854417238e+00 -2.184419421235161085e+00 1.725868923153463796e-01 -1.458083237734125737e+00 1.139820090592159163e+00 -8.678426961465851575e-01 -8.481317987298198080e-01 -1.404365404898397562e+00 -8.535267105634288809e-01 -2.444086992769782529e-01 1.067090468549625193e+00 7.690447712999175511e-01 6.627040189903362633e-01 6.356339230422688447e-01 -4.343434969696082226e-01 -2.316519137634144077e+00 -5.644262507750972060e-03 1.087237629660236848e+00 -1.215415098464406540e+00 -1.312941506152452871e-02 -9.393305940268208420e-01 1.800514857444355521e-01 -9.588594108451219122e-02 -9.674121628713646670e-01 1.157315027739680424e+00 1.633547321023792964e+00
-1.034031092277607922e+00 -4.888359930899847106e-01 6.635693839804785998e-01 4.876344463066091817e-01 1.174093336000736759e-01 -2.636266864965866596e-01 2.148694118845266565e-01 -1.127724844940656279e+00 7.417202220371247323e-01 5.085631762122861943e-01 -1.669224889092215114e-01 5.470396698093770160e-01 -1.391626470003395066e-01 8.665295225239254551e-01 6.713483674875488916e-01 -1.171151706065588272e+00 8.529030410988988065e-01 7.232374660394257360e-01 -1.064681468222923755e+00 -8.855275785097825869e-01 -7.323206038657141814e-01 -2.057323870515685715e-01 -5.158763350811645249e-02 5.355010846518929446e-01 -2.009941351033737611e+00 4.311247434569770998e-01 -1.621025710603782199e+00 2.494520555489082803e+00 1.304267440925597488e-01 5.782740029325649234e-01 -4.223751865605324118e-01 -3.238783401502567383e+00 -1.158053939424622314e+00 -3.469022487916554542e+00 1.558619678205270587e+00 7.458009465704229513e-01 2.948814567929156638e-01 4.334949813419734510e-01 3.452322411424642912e+00 5.275205788579652166e-01 -9.323853018010310745e-01 -2.720813253825867251e-01 1.167200196512195864e+00 -7.755422733084298414e-01 4.790652712728821205e-01 3.227835521312880790e-02 1.357170778025118540e+00 5.028163328290268241e-01
7.397579271768421616e-02 4.284017901461038003e-01 -1.202060689180500103e-01 5.404296610495067377e-01 6.758153571013649774e-01 -6.171496161166551975e-01 -3.556078773414963479e-01 9.633645745433760954e-01 -2.190930290881411224e+00 4.358557654104358581e-01 -8.205474666802663464e-01 -1.226734538522722406e+00 -1.948341654494398112e+00 -4.897822079854997068e-01 -1.534087273041884469e-01 4.723763206318374874e-01 1.298450693430076797e+00 1.800719137938753267e+00 -2.021047665324444242e+00 8.886147205265390592e-02 -1.299478092500813586e+00 -7.523174769704737974e-01 5.783092772697177031e-01 1.757466873079143621e+00 5.431129114963216820e-01 -2.048463018381194156e-01 1.623221763276314900e-01 2.253406595779813559e-01 -5.913013567455511765e-01 -1.311126245239410792e+00 -1.523794703416025520e+00 5.595155985272141225e-02 -1.033013677221920057e+00 6.888477504713645949e-01 4.717720089173136344e-01 1.803659109429322172e+00 -1.919725635777101314e+00 -1.091858681820490728e+00 6.381966432368114672e-01 9.545454499641503610e-01 -5.585275734039693019e-01 1.532340817404654221e+00 -5.304122700978984861e-01 -1.794974442629020395e+00 4.649945594020696293e-01 2.854218279480581488e-01 5.662394609094280051e-01 -5.730727178228091079e-01
-2.444833711238373897e-01 -1.821150969443072976e+00 -1.241382288929357314e+00 -8.852152664398258430e-01 1.027153808921148936e+00 -8.387578542658973291e-01 4.165555595160169711e-01 -3.331063354772740848e-01 1.044573018093832406e+00 5.071657784490435361e-01 3.558788061046160855e-01 -6.172417853290635970e-01 -5.306244174289416193e-01 -2.242477692408406664e-02 -8.952350306042409223e-01 -1.685534778594493188e+00 9.868182237710022564e-01 -6.983526335371691429e-01 1.874327473624956886e+00 -9.311962865117994204e-01 -1.220991647374300548e+00 -7.843912296214060609e-01 -4.557292600930727966e-01 -9.328633393812575392e-01 -3.846480354794844514e-01 -7.045023799952833399e-02 -6.923194091799609318e-01 -4.837875884345314570e-01 -4.145813303964464569e-01 -1.024488461696709152e+00 3.222470273471785274e-01 6.774134563997591396e-01 1.066268774282101317e+00 1.883004550112134245e-01 -1.170385747910211327e+00 6.523764506615934433e-01 -8.168893043152355427e-01 2.605382927248296454e-01 -2.279858894731242369e+00 -7.307835335775407781e-01 -2.551666358170742166e-01 5.364886401497620527e-01 -1.719378929517697108e+00 -8.620159681128681806e-01 8.835131549501328285e-01 -7.063590582820122865e-02 6.722470808836902290e-01 6.569132132898876097e-01
-5.476064867869704367e-01 5.457772603838877412e-01 -8.690248642457047701e-02 -9.530861384871631703e-01 -1.176627491019721417e+00 1.337044387166752335e+00 -6.606334131132850507e-01 1.715558095668780370e+00 -1.349502953193361554e+00 -9.329627305146525051e-01 5.894675917760807543e-02 1.397262451584101450e+00 1.637000151742417975e+00 -2.629810891998030642e-01 -4.524617697042006004e-01 -1.134806963993989282e+00 1.017918694042120945e-02 1.078421347162887622e+00 1.717810944655156158e+00 -7.376842054756339584e-01 -1.107358587310562692e+00 -6.019697811787687591e-01 -7.434819100954398463e-01 7.257184110761204510e-01 -7.934773453078917127e-01 8.233048328981300568e-01 2.917057241777721299e-01 -9.187446943940115462e-02 -5.994923688647932902e-01 1.548369019624396881e+00 -5.177168983562974863e-02 -5.337576033078935689e-01 -1.009096468846854694e-01 1.852936845639458818e+00 2.067101983887675409e+00 9.107046912026537377e-01 -1.686952175478584615e-01 9.242109118373219301e-02 7.480129194271271098e-01 -9.499894123679895053e-01 5.608129859295551967e-01 2.357824750130190494e-01 3.685879838099884176e-01 5.365702772781104635e-01 3.989062567574296336e-01 8.136621591426651534e-01 -6.536730660690324157e-01 -7.696631614147186884e-01
-7.413574392603933250e-01 1.591236010562350645e+00 1.380794186783472544e+00 5.781931774508995980e-01 -7.606503258884521612e-01 7.196288401590106298e-01 5.078452211898353275e-01 1.761677807064705004e+00 1.467776250264711813e-01 -4.586068064819142642e-01 -5.315983337151820587e-01 9.124180587353590832e-01 8.904552916511725424e-01 5.086428154072850649e-01 2.308334156283133043e-01 1.223715008218954292e+00 3.070950444525228362e-01 -4.459536030501163456e-02 -1.736549375801296646e+00 -8.410803967337693310e-01 -5.439827555758547373e-01 -3.390816999320970804e-01 1.775754425432193973e+00 -3.508207736876451932e-01 -1.069210974932696789e+00 -6.560893191468032404e-01 -2.740445728763349020e+00 4.750297772204561397e-01 1.809991327210413559e+00 7.276895727724610463e-01 6.239226942246594021e-01 -1.244642216214375763e+00 4.717379764957169708e-01 8.117622788398731748e-01 -9.123248242808501551e-01 -2.336842981289705801e+00 -7.702842912843699263e-01 -7.414759819072329616e-01 -1.061475934105928776e+00 8.775058517141112180e-01 -1.040177611543273706e+00 8.476972518693660918e-02 -1.723251547975236608e+00 -3.920104700351404459e-01 5.594994715012915343e-01 -9.627366363207479072e-01 -1.787933302378551248e-02 -4.569570475490531414e-01
-1.105433226424011178e-01 -1.780162268431783490e+00 -5.282104911600491448e-01 -4.779866193097175864e-01 8.348778306759795376e-01 -6.956042226063936795e-02 8.683264599634225034e-01 -8.760974264038409176e-01 -4.316415752723417043e-01 4.136143010984695834e-01 4.063318295755395937e-01 5.001115666884125011e-01 -5.083580846982946877e-01 -1.438165747236000991e+00 1.163795452261894736e+00 7.150518936073942955e-01 1.447500581493439409e+00 -6.231690639417531985e-01 7.417161934975663451e-01 -2.411274395785729385e-01 7.329897985556267370e-01 -1.382944467686809231e+00 4.016061204531772844e-01 -8.762535913464354342e-01 -1.049786904113091390e+00 -3.917726517949586262e-01 -8.881863356662097475e-01 4.410606528001906335e-01 -6.917252336646426691e-01 -1.184428542105352700e-01 1.093486173316855492e+00 1.385948278390959576e+00 -2.680225217689947148e-01 4.124602649514106933e-01 1.885445578726347104e+00 1.888169696821229426e-01 2.117266207569216352e+00 6.858327255258640787e-02 7.279054200748875658e-01 2.236493754306187187e-01 -2.410800258970085819e-01 -2.502442428522947543e-02 -1.327766070019142930e-01 1.888069450906860736e-01 -2.968843919255593766e-01 -1.734683815386846018e+00 -1.899210266524353319e+00 1.216404290473177274e-01
5.128461429949348060e-01 -9.593846984717566695e-01 8.431020323129260197e-01 1.276691486508636286e+00 1.039912628594515720e+00 -3.438385726113944441e-01 -1.863953422085998568e+00 -1.522224645802754628e+00 -1.106398104201824634e-01 -9.754557971711628195e-01 -9.185879812212341955e-01 -6.016753599574022893e-01 -7.594406749656491540e-01 -1.694935027740618105e+00 3.374716485903626606e-01 1.131021253953585770e+00 -4.647671409234318540e-01 -4.336899868493073185e-01 -7.306836501190766553e-01 7.735351774982182071e-01 -1.531583437946434589e+00 -6.502368410721161007e-01 1.219544606320462909e+00 2.889866658837810798e-01 -8.554197825847484893e-01 8.453599831768010553e-01 1.001270958515433351e+00 1.537980039691662082e+00 3.293170962830793691e-01 -1.196515350916084408e+00 4.281180970298323341e-01 -2.629381778722094665e-01 1.666437754785175251e-01 5.573120621771289196e-01 -2.261124089250390323e+00 -1.677639920920662442e-01 -2.197671916341086273e+00 7.611227724357803037e-01 1.195740180867167768e-01 1.122566234349328118e+00 1.419932115451019161e+00 -5.123073519445978663e-01 5.555703403974958654e-01 -1.895226337988691057e-01 -4.257440152959200419e-01 -1.128512057547865766e+00 -7.030258559112253502e-01 1.533909576589108426e+00
4.755811389071055162e-01 1.420077464945236789e+00 -4.634786304408204938e-01 5.732490245667137829e-01 -3.046024412496088907e-01 -1.297929737765845193e+00 -4.069716355254836548e-01 -1.398228987166667769e+00 3.322129170017145694e-01 6.444623127096239523e-01 8.906725616770985177e-01 5.539673346047353508e-01 -1.656101224966573526e-01 -3.086194805322243218e-01 -2.171109333421552101e+00 2.759173575087769392e-01 2.436589788097463793e-01 6.426045085805039137e-02 3.347424060495372555e-01 1.950125681539830902e+00 -2.722629810648097837e-01 -7.051433800201613311e-02 8.223619305418898850e-01 1.092369396484188071e+00 1.547657901830642224e+00 -3.124131152064374972e-01 -8.389281480516518341e-01 1.261813875958015752e+00 -8.795537633831720381e-01 -1.242863976255063729e+00 1.220312417436082708e-01 3.380267152364440641e-01 1.699072061830243507e-01 -2.824669046252829552e-01 9.758752308964929734e-01 6.523056522428626325e-01 1.237717402964596314e+00 -2.364859809193588236e-01 -9.364556679148691720e-02 5.405055760566994660e-01 8.900874660329802790e-01 -1.349997545104578422e-01 -1.667006902956915892e+00 8.784147475320552845e-01 1.750615196374879279e+00 -1.992870939470144931e-01 -1.427054507062036348e-01 -1.815637919788239962e-01
5.243057934465362724e-01 -7.900838308078715899e-01 -1.534597807940079273e+00 1.366307435513128277e-01 -1.772203944234753914e+00 -3.320105842318777367e-01 2.597048586551117033e+00 -9.912779648561962365e-01 -1.375469625540542973e+00 -3.961038389866669562e-01 -6.730838603731877923e-01 -1.513444002002851008e+00 -5.184297977787841738e-01 6.023619560065398559e-01 -3.642953711025133101e-01 -2.327175729724037800e-01 -2.016483652401781068e+00 -6.790276057458319858e-01 1.360983017420288599e+00 1.074162565805439229e+00 -9.545783523667052961e-01 1.902794498223395192e-02 -2.126154013075335844e-02 1.609964223421510132e+00 8.371471945928180558e-01 3.393554835995454266e-01 1.263290287307073934e-01 -1.838879659881923756e-01 2.150053959815279470e+00 -1.373405949546903537e+00 6.404760165453519116e-01 -8.275262124904918526e-01 1.938695484982405626e+00 -1.273005138571018380e+00 -2.056867917468163942e-01 -1.275284176960280957e+00 -4.597172262257908093e-01 -2.020255516121186590e-01 1.555665902982648729e+00 -2.272647473494497639e-01 -1.477952984675403314e-01 2.759057822359924361e-01 -1.199932370351415312e+00 8.674548073208956378e-01 -7.346811009704838913e-01 -1.091565260315341263e-01 -3.963689575396775466e-01 9.065657816165190175e-01
2.381561636840196783e-01 -8.120115512360500665e-01 3.364566550426031921e-01 -6.467625536935558417e-01 -4.786324464746088275e-02 -5.698707053251833576e-01 -3.150170906020235972e-01 -3.753701664228852319e-01 -1.135640421559887259e-01 -1.489039092493216421e+00 -1.392437138835358690e+00 -5.288684359070490171e-01 -1.172423406293190834e-01 4.976953530807525228e-01 2.181326643433360024e-01 9.071856406465494960e-02 -1.515921931013074708e+00 4.373186952469445554e-01 -4.090124301082013192e-01 4.156470602702996842e-01 9.417638499494210835e-01 -3.919647221917213487e-01 -9.473610380238680628e-01 -4.838321901318550222e-01 9.712063987438951385e-02 3.966360907443513550e-01 6.546416734816620231e-01 3.546446707868821102e-01 6.656857841043500867e-01 1.561528505030727487e+00 -1.398718589815208524e-01 3.872356284688582284e-01 -1.085540012644379049e+00 3.379594105627050094e-01 1.133726313364379568e+00 2.706710555976742927e-01 3.599505866181725300e-01 4.518595538410469931e-02 -9.302844225805375622e-01 5.215353266122740167e-02 -8.349604501130802880e-01 1.801053719220419458e+00 6.518618674739291852e-02 1.649547181077638314e+00 1.291542037007424870e+00 2.049070674330409070e-01 2.299768787861616648e+00 2.318294826552957377e-01
6.520871191589021620e-01 -5.470238850929493024e-01 1.074924332489140877e+00 -3.674923621540251428e-01 9.505201038584782935e-01 -2.158140780240732415e+00 -3.409710712668642674e-01 1.628563064301537633e+00 1.538949606235789469e+00 -5.197712379468265587e-01 -3.632753904930464128e-01 5.419142116821683564e-01 8.810700133385930277e-01 -1.436621164783165039e+00 9.765082568142996466e-01 4.943111369041370412e-02 -4.799245599196526602e-01 6.059989663459411924e-01 1.968427617906232108e-01 1.727269085246514235e+00 -3.380220923697418445e-01 2.610016284900741959e-02 -6.231332691892478293e-01 -1.603454817490886919e-01 9.731443550290589384e-01 6.304118617830765103e-01 7.799099901398608148e-02 -1.777258055522661917e-01 1.471754946955891263e+00 8.665315177779328026e-01 2.081949934453938500e+00 5.809636207761219584e-01 6.166579526115913978e-01 -1.369371883348359464e+00 1.048589071288189012e-01 -7.666921959717865054e-02 1.009841464140497802e+00 -5.681084753316999886e-02 -2.695734575914449094e-01 -1.263913215337744145e-01 -1.488808070358434765e+00 1.442747480688022721e+00 4.795883343632355023e-01 1.781768790458247098e+00 -1.296559286245256404e+00 1.939829049342826517e+00 5.002273442669594727e-01 -1.135647312611353932e-01
-7.058871303104178319e-01 5.800845174576206853e-01 9.057932500897578065e-02 -1.755784217394952718e+00 -3.634871572100856763e-01 -5.728032050294700611e-02 9.489086974363826199e-01 2.339035961888504267e-01 -1.573230710240293373e+00 4.453841711754571442e-01 -1.364184253716213879e+00 8.300104126461084197e-01 -5.606095148575234166e-01 8.063087934696807624e-01 6.161541731214429385e-01 1.834393984812963951e-01 -1.650537298620403381e-01 1.414430879835798793e-01 -7.246145044368580423e-01 9.169780702974057451e-01 7.014435738576424439e-01 1.363531061197430727e+00 1.591558432464692974e+00 -1.273069576252569446e+00 1.789163009627483314e+00 4.444047984843138011e-01 4.891305626593143718e-01 2.054367073359607776e+00 9.803554251638788020e-02 -2.461653553421548624e-01 -9.936341337487154118e-03 9.120588128766651259e-01 7.521344469945050459e-01 -1.909886514879766406e-01 -9.365932408486913330e-01 8.021953016181857521e-01 -2.439414053058464316e-01 -5.491390702126368595e-01 -7.885299644219948556e-01 2.432813223138433900e-01 -2.649343693827677093e-01 1.644908281773868608e-01 -1.391489882154937963e+00 5.902710380420211900e-01 1.755952507330460710e+00 8.474160945289398450e-01 1.969792087062239086e-02 4.127273367979158447e-01
7.443253675658924040e-01 -3.212962052598183904e-01 -7.348637983922698957e-01 7.070991771055282205e-02 1.233963327839733060e+00 5.645818993484179316e-02 3.290536723411397468e-01 -2.686940082103103089e-01 1.279960207541678240e-02 -6.325662469440034297e-01 -1.628968670231933369e-01 -2.416052159878506467e-01 3.721263152033525978e-01 1.654632055538263757e-01 -2.022626507312068889e-01 -6.399550790078351037e-01 7.622110339181896732e-01 -3.675263438534356886e-01 -8.100568633405942354e-01 2.597011477569212690e-01 1.084061232968558830e+00 1.103488404482826507e-01 4.708613015445213823e-01 1.430955964757609999e+00 1.346850367780069169e-01 -1.848110571726432338e+00 2.196161369932723151e-01 7.280597706766564481e-02 9.252333758489039717e-01 2.219760950859029247e+00 -9.084519418627765019e-02 3.683771023948650414e-01 -6.018943077429811384e-01 4.006235558050660894e-01 -7.521458408374631643e-02 1.659036149470564547e+00 -1.813072358337411982e-01 -2.046914844728841221e+00 6.655570703432587276e-01 -1.023074133572234645e+00 2.123551216665288122e-01 7.960081063344398578e-01 1.204957710616471500e+00 -7.176297705383066772e-02 -8.314517618805715715e-01 6.959222118197447848e-01 -7.126145869079699713e-01 3.270556399334764164e-01
-6.835062338877148091e-01 6.974046462281259240e-01 -9.078238728887588760e-01 1.124687515036777885e+00 -1.030370673773944867e+00 -1.126635518345335596e+00 -5.992564433170176619e-01 -1.086070980719411549e+00 1.187292507259337659e+00 -4.937942213781730538e-02 1.809597213283424377e+00 2.938300634053851113e+00 -4.850881217147511304e-01 2.564254204736144405e-01 1.217413143663232278e+00 6.158183251393700708e-01 3.704776174637887665e-01 -9.036430138617775887e-01 4.394709801039379249e-01 -3.216061287686443060e-01 -6.315242083915031390e-01 2.422166667616624025e+00 -4.085719868330935922e-01 8.969702139229562832e-02 -7.901647649918271954e-01 1.820355019397697838e+00 -1.127112256778014521e+00 -1.107413445323084611e+00 1.018840673555695547e-01 -1.023851392784295600e+00 1.323278004866321522e+00 -2.876567370938263313e-01 1.465473693886297557e+00 -2.973328694454455134e-01 -6.931768902716796132e-01 -7.151931962467643622e-01 6.754283299412494612e-01 2.611320912770321301e-01 -1.114188783248762027e+00 1.075560842977174358e+00 -3.928071651888379034e-01 2.950574011864106616e+00 7.805640167179276334e-01 1.036035636762477896e+00 -2.363651253409206898e-01 -2.560747289840844543e-01 5.897571442912301620e-01 -3.169117762262267379e-01
-2.042424217514987816e+00 8.100982030536389988e-01 9.774044605684572007e-01 -1.012579165740517539e-01 -1.079037093894163135e+00 -5.233965866097582964e-01 3.960360256773621801e-01 1.222418405524761997e+00 -6.519600062814260300e-01 4.333345452437459833e-01 6.617781249115933795e-01 -2.460117603591585253e-02 9.537496186889123928e-01 5.762574978408580018e-01 -1.479078841013998780e+00 4.355556785501021322e-01 -1.345314457379593112e-02 9.756283285386437854e-01 -2.019692671473223289e+00 8.646091759198892834e-01 2.889024713391766808e-01 -8.414949163442690949e-01 -3.386256856077578536e-01 -1.315515703727294095e-01 9.769262162945697645e-03 -1.806852507018097187e+00 -5.040086175075764174e-01 1.053346449349522373e+00 -3.313561504385280077e-01 -1.237447265341624636e+00 2.001568476734170154e-01 9.611036269125110276e-02 6.504192518840582471e-01 1.357603342069073848e+00 -2.030471565103806331e-01 1.710260081825102363e+00 8.969503360075681275e-01 -5.101180032432900413e-01 7.724160521310349803e-02 -1.029514127564014947e+00 9.119632998580394778e-01 1.022594171954811504e+00 -2.028362621422306056e+00 -1.361436634053690975e+00 6.542223478549352711e-02 -1.020571096277976375e+00 -5.065236144596663159e-01 -9.258075899157696131e-01
5.999823279329418169e-01 -4.046536386689352782e-01 -1.760236807716807794e+00 -1.287406196433537042e+00 7.814292138860960968e-01 8.502622205521433996e-01 1.408196631924061748e+00 -4.039226200659609134e-01 1.507201207128264331e+00 4.884533158145761833e-01 -1.347629166969807057e+00 5.748978884885256324e-01 -5.817579791273717049e-01 5.461357815086373968e-01 -8.180813341461073973e-01 -2.316969486263023847e-01 2.968132762444477990e+00 1.476157768781968915e+00 6.620571897575168174e-01 -1.385542726552877912e+00 -2.211011812540006616e-01 -7.094809907989582110e-01 -1.458908208911916082e+00 2.537662200261849854e+00 -1.220399580721552413e+00 3.460794786510507648e-01 -1.251419234679629566e+00 5.512696338393048290e-01 2.518200622784826925e-01 -1.658366779256179591e+00 -8.883183452819610748e-01 1.091679531496994926e+00 -1.385954442474622850e+00 2.334412046872661683e+00 4.883900276715112398e-01 2.918671268713128319e-01 5.300128425291781298e-01 -7.463215187336540435e-01 8.025071244392546765e-02 6.866906927126540383e-01 -6.579722703994618227e-01 -5.830410967350141416e-01 -4.181970889016585202e-01 1.354252322208547632e+00 6.783752138143731569e-01 3.751532807163213135e-01 5.772938159957483051e-02 5.856594957199976470e-01
-2.093336671826334872e+00 -3.597264230735072732e-01 -3.640597436232177048e-02 1.245987401450038501e+00 -1.442067360949466970e+00 1.145512376217415085e+00 3.961628578874867856e-01 -3.522129375316126326e-02 7.704585168453840227e-01 -6.327569687424339229e-02 1.048885684285089992e+00 3.829422331020407855e-01 1.105179133665533886e+00 5.687495816701746421e-01 1.272786345823957221e+00 -3.032932674681291796e-01 1.071062258776647624e+00 1.940278961109414224e+00 1.322515410132366620e-01 -3.873648898002250984e-01 6.756465859193626633e-01 1.092233278857273060e+00 -1.924981529342533471e-01 6.911635922117622677e-01 -4.680871423848240176e-02 1.075790390783561090e+00 2.979872019239504510e-01 8.166799528336882164e-01 -1.573088568077920746e+00 -1.297927376842004987e+00 -1.535205855365770367e+00 9.838870463738775829e-01 -4.850952441804331494e-01 -9.208731950078199446e-01 1.679574417171711520e+00 2.836041817777563145e-01 5.283093260384967849e-01 -3.119016002339263793e-01 3.355217019068010842e-01 4.713870558983750958e-01 -1.280843858749945552e+00 -5.745569913250829774e-01 4.468040870696798894e-01 -1.843725356147387195e+00 -2.630366726649900344e-01 -6.950335712151287648e-01 -1.508125684414655554e+00 -1.608433378928777024e+00
-7.694143340018873012e-01 -1.372570158033951104e+00 -1.979382549093803512e+00 -6.209065203540213851e-01 -4.829895156830417147e-01 2.388333834397526889e-01 5.558845205169871129e-01 -6.964263801648069852e-02 -7.085548048538393706e-01 5.715092680878273157e-01 1.092447913522671676e+00 -3.978475530378029479e+00 2.217521493885798306e-02 -1.750292608600821087e-01 1.874422489795700419e-01 1.498354196087971602e+00 1.571215211701676717e-01 2.826785872071731487e-01 -1.519588017814590852e+00 2.230631558024762096e-01 1.274314063809075526e+00 -4.498856967713043553e-01 -1.732182543540550790e-01 1.021931966690078575e+00 -5.083976902601394787e-01 1.889894784307041276e-01 7.015409272512475314e-02 1.605406373566853118e+00 -1.927312469710997789e-01 -1.159533959042506224e+00 -7.822371946987188851e-02 -5.559812028616509805e-01 1.196885519363154460e+00 -3.977085405844286714e-01 6.044428403468189021e-02 -7.569835773755421160e-01 1.361146752768994661e+00 8.305751373333484233e-01 -2.662849855314440850e-01 4.254508584007575811e-01 -1.182262499130081190e+00 1.174195425094206158e+00 -1.474325240709071783e-01 3.549029212211080031e-01 -9.251585235342978386e-01 1.085605499783518502e+00 -6.332372572359382112e-02 2.068259494362571782e-01
-1.140006065767521726e+00 9.443190616004329963e-01 -1.879973274229959287e-02 1.886951316202958751e+00 4.511479793892108070e-01 6.941706002257235220e-01 8.232259544616796765e-01 -7.914204534180442341e-01 5.638298888023113298e-01 1.205698271338736749e+00 -1.398083780734297177e-01 -4.287135044195793387e-01 2.235132076550168101e-01 1.062075729680375669e-02 7.282384226181125575e-01 -7.355384978599661672e-01 -5.587392415578886773e-01 9.860277383891116187e-01 -8.165007780228776824e-01 5.623240027226564797e-01 2.811835037069913557e-01 -1.547953168172051530e-01 1.100695117001641438e-01 4.417427042275665627e-01 -6.663226603457635955e-01 -9.617803158846124356e-01 -3.230482931636846189e+00 7.604712201033129171e-01 -3.067885725304987377e-01 2.924275042779321820e-01 -6.745109940723552355e-02 -1.084346314873134709e-01 9.263694763488481421e-01 2.169153578947688732e-01 -4.799360315548842904e-01 -8.756896523848703429e-02 -2.500044898492758683e-01 -2.659709187574873512e-01 -2.165273507227356120e+00 1.216544296595194252e+00 -1.011993754378450183e-01 7.740660415247777038e-02 -5.789379547043991270e-01 -6.926233141992418352e-01 -9.638564986089400710e-01 -3.197896810524533673e-01 -6.358294361637903402e-02 -3.606570422844357915e-01
1.353209124897513771e+00 2.209806857191686999e-02 1.294449287448154351e+00 1.493963787571176649e+00 8.923724384936585485e-01 3.698466020525624232e-01 -6.912467846697242235e-01 -1.095836353644250805e+00 2.832565371248197406e-01 6.895932036165769441e-01 5.458309747103831100e-01 -8.050729850430388135e-01 1.126841876260399999e+00 6.021867513534452376e-01 3.888712552596578637e-02 1.413793996702475131e-01 -5.387663783079480462e-01 8.595926840562925220e-01 5.952568234251118806e-01 -3.894331543282749525e-02 -2.321400618687161077e-01 -6.239428908711851518e-01 2.390439311259648092e-01 8.361768193188320319e-01 -1.460950747312869114e+00 -8.515659858700367346e-01 -1.556009689743576674e+00 2.083357573349673419e+00 -4.123539307629019990e-01 2.138770689694148297e-01 -2.152712504624847978e-01 1.845326669425057409e+00 5.566799561351927217e-01 1.128521727683306386e+00 -9.638835247756095681e-01 -1.441350086096785388e+00 1.453118726996168286e+00 -3.844440518209246704e-01 4.804491606418954119e-01 -4.390913002117636244e-01 -1.077706843038235940e+00 4.712647106799203178e-01 -3.595225891397256790e-01 9.360373316585662851e-01 -1.050717739264225292e+00 -1.302080493236813519e+00 -8.240628723988220605e-02 -8.729149757019505351e-01
4.922571418079377814e-01 6.233484958290761435e-01 9.409193862905242955e-01 -1.817184414937190073e+00 1.321362493687529227e+00 1.186924632037618110e+00 2.064768523083873319e-01 3.092265201886327808e-01 -1.872474951825614964e+00 -8.689400583699073699e-02 -1.084305519060192680e+00 -6.226376362353350791e-01 -2.890673520183569267e-01 3.355106750288533446e-01 -3.371286814691987210e-01 2.020191758678501426e+00 -1.883898054915638109e-01 9.708919798266945067e-01 -4.147192763787572178e-01 2.471286140094463846e-01 1.129912279974446543e+00 3.817213261182944017e-01 1.010359156883063436e+00 1.247979688858114944e+00 2.856654366927743327e-01 5.054799302684884754e-01 -6.834159147020008040e-01 8.044507584906471775e-01 4.127034419077174054e-01 1.782989471053738173e+00 -2.748199217308467945e-01 -8.036206672830313869e-01 3.663593436212900567e+00 -1.343139264370986297e+00 6.880610317327807701e-01 1.287881924084302465e+00 -1.521388551414672774e+00 -2.003812500754645343e-01 -4.719615081782411181e-01 -1.138176390009863370e+00 -8.322981657052438420e-01 1.719937212593327935e-01 -4.733697689012545395e-01 2.272997356996920626e+00 -4.637422373456205893e-01 1.271104888669034594e-01 -1.021291053506473867e+00 -1.138035989580974849e+00
7.184522280343653700e-01 -4.148132240669966664e-01 1.655543100999852912e+00 1.757460523048571532e-01 3.614334111055052534e-01 2.211420580319637619e+00 2.470335617577196441e+00 -7.221101344379502462e-01 -4.978366108849902050e-01 -1.240056669294468561e+00 3.480280021764862314e-02 -1.091959069022541362e+00 2.335333485205741133e-01 -5.478065600190262785e-01 -8.518424983891289106e-04 1.683391880037151955e-01 8.283008329869532282e-01 -1.676364308465084108e+00 -1.097662787088331759e+00 1.414236641742453893e+00 1.238539973577536535e-01 7.039087239665109408e-01 2.641303629446150492e+00 3.603963922226574579e-01 1.236795318671781274e+00 7.693151514039076044e-01 -4.637912915715404205e-01 -7.099336230581895224e-01 4.401158180540766865e-03 -9.094099841642683257e-01 1.914134701404393013e-01 5.123096976552751203e-01 1.961492984957852403e+00 2.635472180187937052e+00 -1.247318407412640662e+00 4.849275192856661865e-01 -9.037160407428923570e-01 -5.253929480754999659e-01 -2.732965435078499317e-01 7.504031600997085848e-03 -1.666087867160608305e+00 -9.046966945829416629e-01 -1.453607373007749226e+00 1.121582054675641871e+00 -1.235133769612793753e+00 3.386077354717242915e-01 1.038304938847090408e+00 9.065190666206119907e-01
4.209833082184602504e-01 2.438263394434867296e-02 1.549242565766057345e+00 -4.341845554711312727e-01 -1.135167035836904259e-01 1.068662739405007306e-01 -2.439644633230034498e-01 4.486086647974642516e-01 -2.148896600124241996e+00 -2.058970273946489904e+00 4.240601559872826387e-01 -1.402139254406327806e+00 4.767646355379687173e-01 7.038196108197019019e-01 -9.797730426460289355e-01 -1.938951304509801021e+00 8.430030573899477409e-01 8.312655328490876627e-01 1.036797839149378037e-01 1.693156337867040007e+00 9.389816408865480080e-01 -7.881046937234900129e-01 1.052191340203905368e+00 1.527524438917662986e+00 -5.470400260856114194e-01 1.016284651517636028e+00 -1.098364023970586523e+00 -3.806807961044370581e-01 -1.916760750670773783e+00 1.756773684966070059e-01 -8.057586116304922275e-01 -9.540949246009533535e-01 6.416593435062287742e-01 -4.274840580959070324e-02 1.624767207460017460e+00 3.117745681655325063e-01 -5.115620239062110830e-01 -1.767176707126808965e+00 1.240469860807504654e+00 -3.528464731373133212e-01 -8.710411995611146152e-02 7.325553806230782339e-01 -5.466730281544366493e-02 -1.012289884394609527e-02 -1.759975079955677923e-01 1.128336560249394854e-01 -5.068341899832281561e-01 1.138835835819465681e+00
-4.047061032836423711e-01 4.808460932223102002e-02 -8.059077457108043685e-01 1.253465469847046654e+00 3.236071771215499049e-01 -1.827853918423431867e-01 -3.609256893626899831e-02 -3.844315587903385012e+00 1.945126373529475927e+00 -6.683129238859979449e-01 -2.613336763281224329e-01 -9.089427359146703411e-01 5.862462480168476042e-02 -9.214231138274329158e-01 -2.746341587575777066e+00 -1.067682865932894964e+00 -5.957790021397613850e-02 1.934460604993189170e+00 -7.337787362488831233e-01 -4.104030766989124057e-01 1.509925581695061858e+00 -3.919683760389831018e-01 9.004073671230493625e-01 1.531894994853983061e+00 -7.416229896246098185e-01 -5.174211534449466576e-01 1.851632507567681002e-03 6.351388867512065550e-01 2.148075459891588768e+00 -4.920129800519033592e-01 -1.047064815297279461e+00 5.851704196682954162e-01 -1.255618502523598634e+00 -7.169416417337247383e-02 3.156917659498368889e-01 -4.301298257789205604e-01 5.919798839933917423e-01 -3.138612345190954223e-01 1.061827682848714094e+00 -9.012618807562441381e-01 1.689010387693628823e-01 -5.511400945346893732e-01 1.296730691425692361e-01 8.951422824455347316e-01 4.332159916553102175e-02 6.002735322182399802e-01 1.691486038611337284e+00 1.507116325425472692e+00
-1.077827332040184466e-01 1.052953959645348103e+00 -1.252346926558167040e+00 1.468113117399052515e-02 4.815337989263138718e-01 4.485141003273317994e-01 -7.506897102366634489e-02 -1.041478722137489266e+00 2.911414796988522763e-02 -1.821966278567411224e-01 -1.684615672376203799e+00 -1.810446062694548441e-01 1.207885740632073102e+00 1.684531790074404123e+00 -7.346242718597150168e-01 -2.573075594693030599e-01 1.122947293809473557e+00 -7.786023083393831534e-01 -3.901559016210023323e-01 -6.655027703399134520e-01 3.926092074307711566e-01 -2.274531853849098839e-01 -5.011723113291216558e-01 1.353084600374752977e+00 -3.856584236390215858e-01 7.001493905872329115e-01 -6.995972266014081065e-01 -9.640394683814649257e-01 -1.629329891424035823e-02 -5.175328940468540972e-01 -2.018484122771658562e+00 -1.413725170637657014e+00 4.006050666905811020e-01 2.478684431426840529e-02 -6.244215254902167889e-01 2.141540974714370993e+00 -1.785072421224596528e+00 9.424865676047888829e-02 7.963884427236305186e-01 -7.940230491399452584e-01 -1.568628434633201119e+00 -7.124819708148957265e-01 -9.320424400158909828e-01 1.111866995539337460e-01 -1.701403430810708661e+00 1.619334985324901721e+00 1.301801765144099399e+00 1.634094400065600805e+00
-7.704795250713469823e-02 4.019171858111807993e-01 -5.130471564345756574e-01 -2.180940636650834374e+00 -4.662537191735078856e-01 3.949160231380779429e-01 -4.394536557855600600e-01 6.271992351808203248e-01 1.958487268700109141e+00 -3.924106213981519431e-02 4.556658101358432855e-01 -2.053225084361323324e-02 -3.368841306369972921e-01 1.493657802505496734e+00 -1.544178398940865282e-01 -1.670974473791980941e+00 6.957840953549959684e-01 1.663873023631487758e-01 9.064588841127262375e-01 8.467702522766604734e-01 -8.847817028955974328e-01 1.873091286766390473e+00 4.706366723559511356e-01 -5.354092276015577356e-01 8.492445558301522368e-01 3.314086464535337395e-01 -1.818995129495737384e+00 1.671674381621093719e+00 4.729873804297931028e-01 6.922898680659790305e-01 -1.814342243228056706e+00 -7.363181315421576389e-01 1.139519840789844807e+00 1.398246273195000444e-01 6.418121845795739244e-02 5.113420433766739936e-01 1.205716537374593944e+00 -9.966904781549343895e-01 3.692986274915402434e-01 -2.091743772090437214e-01 -2.124524811090214627e+00 1.223917125736601746e-02 -8.039566535906088607e-01 -1.250219168905630784e+00 -5.360163943057820735e-01 4.107767362146082513e-01 1.037927961436692303e+00 -7.470563887581675201e-03
6.550848738817247052e-02 -9.661592285313395090e-01 1.410697006256797836e+00 9.436504485975348577e-02 -7.099009200608462633e-01 2.862394393132809411e-01 7.597112998644606208e-01 -3.014383973853321796e-01 -1.253623378676770761e+00 1.727456131661909922e+00 6.955665039374343550e-01 -1.001045429898941158e-01 1.377591677383307234e+00 5.350891146552330113e-01 -6.127389696232977689e-01 -9.837835413252035144e-01 6.602344602296459364e-01 -1.130867278450610122e-02 6.672506734619674251e-01 -2.155657075766709008e-01 2.050950233338244999e+00 -4.337100121035104561e-01 8.480727463017828649e-01 5.931259079866056938e-01 -7.559351114710356478e-01 6.298859088598525446e-02 -1.134411211718285184e+00 3.105738441970234409e-01 -4.039629931016386899e-01 -4.179479282294126241e-01 -1.785988441590798115e-01 1.131248411563074763e+00 -9.997548412427788023e-01 -8.304270516101351918e-01 -2.564008468646714056e-01 1.445206075349165564e+00 3.251376315805083739e-02 8.825546536989107294e-01 -1.837820039707409814e+00 -9.466853403684089008e-01 6.571625334653723449e-01 -5.058125450272384083e-02 9.223028816800317442e-02 -5.568740138299386189e-01 1.014224013306612493e+00 1.467824088316992182e+00 7.184795819071894130e-01 -4.457428052242154437e-01
-6.216239278295419002e-01 -4.833972626885933016e-02 4.411933038110925631e-01 -1.298122298338811431e+00 2.168140376742245246e-01 -1.014356358606064656e+00 9.956962160627623737e-01 -1.972561664673292414e+00 -8.416723355375363980e-01 1.355062105223089119e+00 -1.247457345851959554e+00 -9.086767011211182021e-01 1.330972884878516060e+00 -6.217864791179691375e-01 1.157905523175638773e+00 -2.003777920522022526e+00 1.711218078017708644e+00 -3.110469519857891330e-01 6.301922903980528012e-01 -3.686676626429608583e-01 7.446424456933720126e-01 -5.807385996502097969e-01 1.679455676535148712e+00 -3.333568274563006861e-01 -1.695200114328676344e+00 1.199843448361606280e+00 2.523497690202300414e-01 1.263383243486755070e-01 -1.268077246180971507e+00 6.049238295505668939e-01 -1.877753935264321550e+00 -4.797030904444359312e-01 -8.107951038385918796e-01 -6.084987472609496573e-01 1.427737779021388986e+00 1.185640060043402055e+00 6.648861694270470357e-01 9.379066225819893132e-02 -7.023893874787652258e-01 -1.509976327219536563e+00 -1.596139526582467383e+00 2.033605042961771137e+00 -1.400736127883960291e-01 -1.588915538261007621e+00 -7.552454349444780446e-01 2.865170688275019417e-01 8.676551889720823807e-01 1.002741369318177922e+00
-5.674768581137443757e-01 7.369435178316570134e-01 -1.207141358506916395e+00 4.712613627138316774e-01 1.094788546736976231e+00 -4.746450645746898983e-02 -1.988266357973994092e+00 2.184384851125975135e+00 -7.454737236044146620e-01 -1.054054554091555101e-01 -1.826237117356170059e-01 -4.536820989814550065e-01 -1.028110905564625144e+00 1.415973236930762713e+00 -1.082439779519938305e+00 -5.059315900670220412e-01 -1.913971395651193008e+00 -2.265675766296972593e-01 1.610697100301228035e+00 -5.543490283857143153e-01 7.350870140310150624e-01 7.764842612178025627e-01 -4.781917516279593494e-01 -1.583972514134652787e-01 -1.465634691293679071e+00 -1.304480570825935715e+00 -1.770837781524455146e+00 2.652140493737459859e-01 -2.929942685808471503e-01 3.507315421301476221e-01 3.173029365783180955e-01 -8.832956269349475642e-01 6.885683693353846779e-01 -3.095501296509858280e-01 1.654881978559057942e-01 -5.117607751697169638e-01 4.250325134592785048e-01 -6.908391980497230467e-01 1.610834149656389935e-01 1.407232588590232869e-01 1.956246271355476241e-01 -3.110125244241782605e-01 -1.561223010896039431e+00 -2.567424426994609377e+00 -2.870977560144948315e-01 -7.741015504890769172e-01 -1.374975510782852517e+00 2.042651065106320996e+00
-8.739457533542492884e-01 -9.969209897065102188e-01 4.919239393954801809e-01 6.160420000602612189e-01 -2.253828811023691203e-01 -7.162759320016691689e-01 -1.433977930156747460e+00 6.090869437935882980e-01 -1.460849506105480478e-01 8.318824394116419718e-01 -8.323303490623908119e-02 4.459941180644361736e-01 -2.658625948373171677e-01 -8.020989161917745358e-01 2.957476743948194153e-01 -1.636209349156731330e+00 9.988718516012519144e-01 -8.770855587230209638e-01 3.810007873124253153e-01 -1.770957253108451201e+00 3.207481901681416558e-01 2.703195704423898629e-02 -6.908064222186121039e-01 3.378475969678306767e-01 1.328416358640443606e+00 -5.514257364166047504e-01 2.728401312450223215e-01 2.323187666512277483e-01 -8.307458659163512449e-01 -5.673880042452732475e-01 -5.289030551925207879e-01 3.177856192641528854e-01 -5.505657155478844988e-02 -5.029907960230051156e-01 -5.628893151576980225e-01 -2.353702134496728604e+00 -4.828930818527047975e-01 -2.681137924709503739e+00 -1.942098724971062840e+00 -1.457434604937237962e-02 1.802450157320251434e-01 -9.009008040879763479e-01 1.740173164343052026e+00 -1.559963871082168829e+00 2.815692144250316886e-01 -2.583553195291398707e-01 6.604925206099382384e-01 4.862848418694709074e-01
-1.216251291596264661e+00 9.403192435903591218e-01 2.273020883222522048e+00 -1.502337332426118888e+00 1.324222736152580460e+00 -1.419734248292101153e+00 -1.379773688374261453e-01 -1.970101938669419073e-01 9.263832713569390698e-02 -9.338715908723600467e-01 4.282886410160364754e-01 -9.872954658149450946e-01 3.978999280290267948e-01 -1.177491736203994110e-01 1.196694261093855349e+00 2.065972919467132130e+00 -4.552326615559892931e-01 2.179343265120045725e+00 4.023338961063197550e-01 -1.800933138979394776e+00 1.414241375561156477e+00 1.170115162166134981e+00 2.378763636947693882e+00 -1.385874993959610224e+00 3.200487260913712495e-01 5.326126624323047620e-01 1.843356947360396125e+00 -2.050918658572421782e-01 1.324825885661119251e+00 -8.982552789002819227e-04 -2.949913041505100031e-01 -4.841076728899754711e-01 -2.654451309293630601e-01 -2.308650854826554411e-01 -4.040266113701547201e-01 -1.277060164454446312e-01 -1.077009924956709330e+00 5.105744760043863240e-01 1.109199622083950620e+00 -4.544922517043982202e-01 9.776014447453239553e-01 1.101003912021493614e+00 1.205639668482658244e+00 4.721974890811995174e-01 -1.699396259448909152e+00 9.530522478375830220e-02 1.464967655168619987e-01 1.036122571967613037e+00
-1.197350442452491448e+00 5.488770576066448470e-01 1.173922559700551815e+00 -2.324831557235625401e-01 7.261830112910052648e-01 1.397481905738864327e+00 -1.101095474974276067e+00 -6.925615908359102901e-01 1.905235799329292989e+00 -1.478124713435310822e+00 2.201600563851088932e+00 4.651714891692956821e-02 -1.865387209362190657e-01 1.122457555171419985e+00 1.218486265590143641e-01 1.287553216024549974e+00 3.116015455708860959e-01 -6.379317343780780414e-01 -1.924631174677131629e-01 3.990851837595862928e-01 5.070329744428364593e-01 4.748068920541541615e-01 -1.373741081130820829e+00 4.580945388405543439e-01 -1.504310366726651749e+00 -1.132303575953621799e-01 -6.727526816460674963e-01 3.918417751903207624e-01 8.676306379124547608e-01 9.623698675335295993e-02 -3.516145670966395742e-01 1.001793753003715315e+00 -4.173976884443634239e-01 8.314701363858084671e-01 -9.683569740431499095e-01 1.102475432508823516e+00 1.284998504038125322e+00 4.575269318437776844e-01 -3.299632690779998878e-01 -4.492677099202567748e-01 -6.476084561949903007e-01 -9.305454719660485319e-01 2.730351411504651771e-01 -1.745817022750063119e+00 3.942275840906120377e-01 1.892059337196379531e-01 -7.042978397065031704e-01 1.133825799408388679e+00
-9.628624841199955320e-01 5.369292869607451557e-01 -1.671351050081325784e+00 7.486639808529155227e-01 2.421139017223586654e-01 -1.807476265530571391e+00 -1.023354535414646715e+00 2.826172437035513463e-01 -7.918837054036834688e-01 9.415032796556407901e-02 -3.387539229805734409e-01 -8.693595614328667454e-01 6.292005042549160265e-01 -5.343846414968675962e-01 -3.041597975608348325e-01 2.280099855377270834e-01 3.140539681845647135e-01 7.420788715387318657e-01 -7.436128859028485749e-01 1.542237993680338315e+00 -3.718061849466382518e-01 1.276631133241748151e+00 -1.099315634576147671e+00 7.637638582242227692e-01 1.215189508743401037e+00 3.527201361001650604e-01 1.233411669747168649e+00 -1.057979733948877898e+00 -8.253423339685096449e-01 9.087523589466206531e-01 2.983627106364299397e-01 -1.097857627520963941e-01 -3.989073107841278332e-01 -2.748940852700340609e-01 5.877698544263212366e-01 2.435726676598808094e-01 -1.449922691791284857e+00 -1.742575181326952549e+00 -1.130467190008715317e+00 3.886788462372524622e-01 2.376004044323708209e-01 8.522831066367215769e-01 9.484207653813933048e-01 7.075251658156695989e-01 2.477600320846858883e-01 -3.836753637591401311e-01 -1.650248871904134162e-01 -1.120350693206541015e+00
-9.352121707109189996e-01 -6.497946681500770261e-01 1.048407181050216019e+00 2.414333414352564378e-01 9.733386649925406253e-01 2.337916909801206256e+00 -6.740803117880566075e-01 3.160758307956276769e-01 1.782728077377306652e+00 1.239067183441572517e+00 3.623352890369510582e-02 -3.579251755953665737e-01 -2.969750746764719396e-01 -2.571229676240635587e-01 1.274301999750995451e+00 4.521456528225564764e-01 7.510401324814557356e-01 1.138171991243962733e+00 -1.483374596588453720e+00 2.201715961580618774e+00 -1.717057677430569695e+00 8.981046066771198877e-01 -8.385138538249951035e-01 8.128775420279584774e-01 -3.426454816409670867e-01 3.907965944369745093e-01 2.175918257620084173e-01 -1.479306170063707349e+00 1.351602458859672895e+00 -7.998706809636192405e-01 1.162201532965533524e+00 -9.661495059091271820e-01 3.993114984544992030e-01 -2.534234519197536839e-01 -1.253729031213641321e+00 -4.093196296728657813e-01 7.164774524577666170e-01 4.173530360077141177e-01 7.571982068586333714e-01 -1.135900555119497612e+00 -8.018413829600401499e-01 -7.754478554991128814e-01 7.007011043001347694e-01 -1.805188790119413689e+00 2.180183710481460757e+00 6.325635609877968690e-01 -2.130476459618193263e-01 -3.745536282556635038e-02
8.275096432496503729e-01 9.625465963992094753e-01 1.158241657429078142e+00 -1.571258208935516487e-02 -1.243579990748210351e+00 2.465790661236371140e-01 -1.437834372491365142e+00 -6.008114377361070124e-01 5.390089312853293402e-01 1.348422542764286802e-01 -3.772452904477959779e-01 8.219865064814671496e-02 5.842800325230864678e-01 -2.380080451146540543e+00 -3.050680861994476967e-01 -3.695868169997489350e-01 -2.352142370580203590e+00 6.519556098933980935e-03 -4.003281598437195554e-01 6.504444533509349258e-01 -1.697956260521513272e+00 -2.628883321844505128e-01 -2.274796975513535546e+00 -1.653720519260732172e-02 5.743434582136376365e-01 -4.634396691045288841e-01 -8.148569815213670964e-01 3.688881423301476059e-01 1.559021777122509222e+00 7.796173964717291183e-01 1.033789376406271526e-01 -7.555749536811515177e-02 -1.459986566403249864e+00 4.764283512436686130e-01 1.617232383009852947e+00 -1.442480828131473825e+00 -5.927460822010242880e-02 3.123702545230039665e-02 6.225761266190911192e-01 5.549122748632164814e-01 -8.891774521454267610e-01 4.357634134115103558e-02 -5.012425686469003105e-01 6.569987651451965061e-01 -1.363171111388052470e+00 -7.745403123529578382e-01 -2.022803813331476297e-01 -3.391924532285707894e+00
1.296252102284234820e+00 6.092881861265848631e-01 -1.089098676200936699e+00 -7.967242340203929407e-01 2.724960228854986233e-01 3.898852958479617214e-01 1.925427459510413164e-01 -5.611763598374089890e-01 1.375378405219652433e-01 -8.056689596802704134e-01 -1.173321055805006452e+00 7.446085499287152798e-01 1.162630379044311990e+00 -1.968582095533184750e+00 -1.664685365531170635e+00 -1.681838974634624062e+00 7.984086825918265129e-01 2.963059067053936957e-01 -4.163478041120448336e-02 -5.484676801244223743e-01 -7.665563818316669664e-01 4.519356190197640344e-01 9.150578670967399186e-02 -4.582436151998229429e-02 -4.427760294150106524e-01 -1.149304548839173101e+00 4.495094239163219263e-01 9.235037347803702265e-03 2.285572411887617950e+00 1.254540473951333501e+00 4.555481698524564971e-01 -1.991000967353468321e+00 -7.279390143840571703e-01 1.485050219864724741e-01 -1.035372889568676680e+00 -1.783072072949765108e+00 -1.526458665602831610e+00 7.052591971691295480e-01 -3.738728450995776886e-01 -1.526074766416804229e-01 7.740404918335588302e-01 -1.613670449570079601e-01 3.172893128287505027e-01 1.255917807612149995e+00 3.874006364526990098e-01 -1.298317522812106661e+00 1.547139770230107070e-01 -1.910109073556769621e+00
6.642169666947410622e-01 9.716022663328598430e-01 9.609285227803491258e-01 -1.297550083720521386e+00 1.192969508224778208e+00 -1.232232046765959099e+00 -1.447897225298296675e+00 8.774884684800983436e-02 -7.659199559533662605e-01 6.333822556144059757e-01 -1.407361319063449967e+00 4.945865112288724275e-01 1.397342283181775890e+00 1.994959548150341933e+00 5.895639580468837737e-01 6.419103959768639456e-01 1.363179164584842618e-01 -6.633800651790224823e-01 -4.516157817890838477e-01 -2.586035870996135078e-01 -1.388101357500283850e+00 -1.679208643912651899e-01 -2.142801950350051166e-01 -1.068763321642604985e-01 -1.158228197773732981e+00 2.044060603020979305e-01 2.019752575151973151e+00 1.213568873689224059e+00 -2.704386599108583034e-01 -3.891634216739281449e-01 -1.952686573895373812e+00 2.733247934876848473e-01 -8.464973119015490877e-01 3.252694876797380119e-01 -1.679882375144296169e+00 4.849594694064177647e-01 -1.024614955846724351e+00 2.918477450477997559e-01 1.380498101010423806e+00 -5.498215418999967685e-01 -3.460887489903533565e-01 3.162538312120147799e-01 2.093254200439471635e-01 9.479765907845386641e-01 3.258034593420589542e-01 -1.094806031769163690e+00 8.726940883568661267e-01 -4.494305332391708152e-01
-6.146966328676173319e-01 1.003684547762046103e-01 9.204780973390347398e-01 -7.214385485405039322e-01 9.533859636439919738e-01 1.470360163856129498e-01 5.340054057922647424e-01 1.517155490280969632e+00 -7.513418816195508443e-01 1.228636302224471955e+00 4.069713981320414176e-01 -1.711087024957949898e-01 1.480218850694206001e+00 -5.910898821245307300e-01 -9.833329496074252329e-01 -3.061085553228408696e-01 -6.757364692533431860e-01 -2.940526822424220366e-01 -7.773946549520182048e-01 1.324818864182432776e+00 -1.620394925586592150e+00 -5.963716685196635003e-01 -8.614911836832149783e-01 -2.806834568139662811e-01 -1.483099724041134493e-01 -1.073400237730454787e+00 -2.204478658456240581e+00 6.949665646803099284e-01 -1.853390277271190212e-01 6.635949819817803519e-01 5.559598246646239028e-01 -2.740269511180717932e-01 -8.097961593968798777e-01 2.455376171845634836e+00 -5.481034219411883290e-01 9.975979977631100892e-01 -2.780871319019880272e-01 1.141534643563435258e+00 -3.696888815546954254e-01 1.778161240345383920e-01 -1.802150896855747808e+00 -4.494431287404854758e-01 -8.717274932211817040e-01 -4.098217960287899309e-01 -1.522181154817044080e+00 -2.632962430011946409e-01 2.690510770061961821e-01 9.236462225557585670e-01
8.707504814054614073e-01 1.974821790812623379e-01 -1.955027559156054529e-01 -2.343093566959368435e+00 2.859776963767834412e-01 1.653228388840125018e-01 5.811317000180269421e-01 -1.828976661836217987e+00 -5.923021547012363719e-01 1.322112958025635887e+00 -2.779650762113544449e+00 -1.226973220873403658e+00 -3.633162285391843271e-01 2.322947004883123834e-01 1.398759767245289831e+00 1.386842433554382970e+00 -6.320953002378895125e-01 -2.345776609623531517e+00 -2.511333178138923650e-01 2.442440775588276658e+00 8.858509741193746345e-01 5.494337800666989624e-01 4.168640576027431432e-01 -5.782761395174522701e-01 -2.701322138711231835e-01 6.575479768600823727e-01 3.005038080993334138e-01 -5.043017729166491270e-01 -8.499156254612806327e-01 3.478834653975682589e-01 6.218182238937993711e-01 2.484591706886695450e-01 1.647353022183940752e+00 2.198282542221807745e-01 9.703155992349119519e-01 3.211929174927102143e-02 8.036531142358792623e-01 -2.626558335912680953e-01 7.711322914252651817e-01 8.496191088468671992e-01 -9.148990518596936683e-01 -5.219938224511641023e-01 -5.371939071109164132e-01 -6.644102454468348018e-01 1.935338751783186595e+00 1.795791499731935081e+00 -4.273438421317853342e-01 -5.825436160849439132e-02
-4.134837625483258616e-01 1.314869025399938884e+00 -1.262561334857605466e+00 9.754440428187214351e-01 1.453301579645973174e+00 -1.898888662486883483e+00 -8.902349726604845692e-01 6.464622783366109626e-01 -5.097469878419466083e-01 -3.331024354515579322e-01 -6.078533174221810720e-01 -6.487183105330075472e-01 1.506559467357805104e+00 3.778749339674774554e-01 -2.721345569582655499e-01 -1.447191998820397840e+00 -7.855524236737073673e-01 1.371169228970558433e-03 -1.394259717666723741e+00 -1.130179233738495714e+00 -3.024893771612174875e-01 -1.513153755307292014e+00 -1.426653660900034093e-01 1.087203705033115364e+00 1.049247360846993438e+00 -9.858398192495645418e-01 8.845964135859677446e-01 -6.687349801116432291e-01 -7.789123066937247986e-01 -1.358475445190879149e+00 -1.546060932343543970e-01 9.517501683753297748e-01 -1.659217123234553171e+00 -7.087876063398154125e-01 3.367237077953889601e-01 -1.365444390316464807e+00 4.586083827391008727e-01 3.821700722014798046e-01 4.472471886928008900e-01 3.578005158843395317e-01 5.494260015574655709e-01 1.532638890983943458e+00 -1.062620886815221599e+00 1.940053160061707693e+00 2.472176613845023310e-02 3.087369578569815198e-01 -3.036838524531706995e-01 1.135357078836635836e+00
-7.459963805673075488e-01 7.415618025762779064e-01 -8.046271547346427466e-01 2.178465942621410911e-01 1.259378089508308873e+00 -7.777813795601536961e-01 2.317620544554685746e-01 -8.278312649485418395e-02 3.625705153186053464e-01 8.917273387383256589e-01 2.308388353609802213e+00 -9.545992198701379605e-01 6.792755069230250742e-01 -3.433347722063478935e-01 1.160990045544816995e+00 1.878920186305311768e+00 -9.236921807899032277e-01 -9.428846440219756930e-01 1.642326528069352642e+00 2.054530086351876450e-01 4.038415958250572979e-01 4.236191143415077298e-01 2.171241439675061002e+00 1.026456734860355047e+00 6.986814482047492003e-01 2.064095655752716807e-01 -1.585750185026743253e+00 -1.162517123946137598e+00 -4.571799229027591061e-01 1.944461520168706992e+00 7.511561499254436614e-01 2.087973417551436839e+00 7.597816115313454910e-01 -9.428072752007432555e-01 -8.007999369314890981e-01 -5.808720791407673278e-01 -5.286811785980511935e-01 -6.435841007488334320e-01 8.365618120307576344e-01 1.277342085507329417e+00 -1.069097702931654403e+00 4.008783449662925991e-01 2.456924376018401746e-01 2.684072768294737746e-02 7.273675028738454396e-01 1.017745909057501619e+00 -8.855595073740761825e-01 1.774188044112834373e+00
-1.036161936965419361e+00 -4.260976519543235308e-01 -1.134362056674085517e+00 -3.061146730964118823e-01 -1.426871886827228431e-01 -6.652377288805254585e-01 2.045997731975773004e-01 9.279742758555190596e-01 -1.034615650412751053e+00 -1.918956028759795929e-01 -1.218945435811874978e+00 -4.561453443848300648e-01 5.373621739281510962e-02 1.114156900051232357e+00 -2.001269885811129967e+00 -9.171124109950490322e-01 -1.056914852021071383e-01 -9.039730898672762027e-01 -3.485663539093041829e-01 7.265470202986814563e-01 5.967141437852764296e-01 4.163301621219528958e-01 -3.115472452375873252e-02 1.183660691600079584e+00 1.408226437619179539e+00 -1.022742260591496422e+00 3.122012133446881443e-01 8.865423639802724187e-01 1.475210018179789584e+00 1.754784067095989331e+00 -7.669533326619825120e-01 5.390027917600355156e-01 -3.938756901500140711e-02 -2.041079562711475837e-01 4.955096145040332467e-01 -2.035772522146811758e-01 7.288631715413123047e-01 1.201278802365840948e+00 5.188624998384901849e-03 -1.009178531003364521e+00 -5.874737914102081682e-01 9.055786125060801828e-01 -1.160024014174841689e+00 6.100401675565271242e-01 8.545182115422271518e-02 4.271915710302464086e-01 -1.270256927622098075e+00 -2.525478471302129879e+00
-4.752342558240246762e-01 9.235830660366298739e-01 -9.143205570093502210e-01 5.607808854811801025e-01 3.463641405866582645e-01 1.858741655452311736e-01 8.796931522293927053e-01 -4.449440412171785653e-01 9.888326804639063772e-01 -1.061636707167729066e+00 6.488712226460583432e-01 -1.146534203715953382e+00 -8.411390858486003097e-01 -3.246163936100187053e-01 1.366363155730029311e+00 2.211062731607192078e-01 -1.962804824401606973e+00 6.882708424090669963e-01 -1.020585855785612672e+00 6.942405342814939040e-01 4.595842844430008678e-01 1.353812148326396070e+00 -2.837404643858699171e-01 -8.951839641145331594e-01 1.639470560732548376e+00 1.051456133550527500e-01 -1.386718778329640300e-01 1.196355532003148037e+00 -4.581138578939832895e-01 -1.318031414878949814e+00 1.862835514118622512e-02 1.655194144821322988e+00 -1.932294203373767227e-01 4.191544742526914780e-01 4.033754989043615846e-01 -7.524092816076362045e-01 -2.691427503700537516e-01 1.441751260283573588e+00 1.454981480877764743e-01 1.181090848036699059e+00 1.198327932255891098e-01 1.620588232815836749e+00 1.382584932900560726e-01 5.216548729612674462e-01 -1.618368148109639693e+00 9.686181754827378754e-01 4.365134428662826860e-01 -1.075957464121482937e-01
1.116795482637770176e+00 2.042948299230370246e+00 1.937178965486398008e-01 -1.794258613824229798e+00 6.257251930026200837e-01 4.609765432260308216e-01 2.773175696185544048e+00 1.023895838237423472e+00 -1.886883116610712063e+00 -9.492752354266091874e-01 3.344406274108492338e-01 -8.197338599153984606e-02 1.345853122653661582e-01 -6.494034706848346161e-01 1.265455162961697799e-01 9.844851737722387641e-02 5.154904780281480692e-01 6.770496632009890270e-01 6.188371776225191079e-01 1.113030052192367086e-01 -4.945409251731655575e-01 1.211845471914424044e+00 -1.165202332042924560e+00 6.353478821577169811e-01 4.647983172980661992e-01 -1.043812339963039904e+00 -3.569974326089463412e-01 -1.347942452417728032e-01 1.808325135598312983e+00 5.865076383902954049e-01 3.633572246491509339e-01 1.896788975530441901e+00 -4.751839603711037197e-01 9.456504114016986984e-01 -9.877421209683300007e-02 1.055662569269409934e+00 1.514225510146489428e+00 -2.605676574308737337e-01 7.955276877593295271e-02 1.816253614099671454e+00 9.163808144535786626e-01 2.058267120044932064e+00 6.221843157198656549e-01 -9.968722828998118068e-02 -5.661903561664175522e-01 -6.853534742005508162e-01 3.788710541785667019e-02 -8.705019072712828487e-01
1.840662043782199664e-01 5.532386622460967462e-01 -3.624004172317651373e-01 1.039041395286918329e-01 -1.206522254423612939e+00 5.828211214780357891e-02 1.150750277929674770e+00 1.508594858103443848e+00 1.052144885404898478e+00 4.710756542048339379e-01 -7.295327171531210686e-01 3.035361521388635353e-01 -6.163082669815849179e-01 -3.608125810589752902e-01 -7.279598053600232488e-01 -5.606983126505822312e-01 1.600283146572927695e+00 5.902256598472794824e-01 -5.189950799537292880e-01 2.694530275301042277e+00 -6.595146735884631628e-01 -8.502164681780183253e-01 2.749308701931074128e-01 -7.088184182392190946e-01 -9.926728937797825170e-01 2.789410622203709195e-02 -2.096827546778480489e+00 -1.529419044289910823e-01 1.518049017543596557e+00 -1.821298152884418098e+00 1.835906798407909157e+00 4.104204355410817073e-01 -3.172793202634663356e-01 1.862405639964826776e+00 2.638945187995420660e-01 7.862954432252101944e-02 6.301951676717545414e-01 -6.059927540821413716e-01 -3.078991501545881859e-01 -1.697688117037488842e-01 2.474217455756527739e-01 2.219730138316978962e+00 2.026154978140348284e+00 6.967353495977375299e-01 -1.637849555573035909e+00 -2.207412304440541095e-01 -1.900741827527737460e+00 -2.282895066756091829e-01
-2.412536103290901401e+00 -5.289785916596058402e-02 -2.599191913139459853e+00 -2.372010159621008807e+00 1.274798355399276550e+00 1.139861367287422045e+00 6.508707468428114318e-01 7.835223052981411529e-01 6.701950827016638079e-02 1.405210149153139021e+00 -4.349054770730493430e-02 -5.319617489652292974e-01 5.820520843326528748e-01 5.007037301088848036e-01 6.232668674078911675e-01 1.410020374644019477e-02 1.675568616776374364e+00 4.625981264277641558e-01 1.306217327679545903e+00 2.735280944919133983e+00 7.502155984889319340e-01 -6.086034660908413718e-01 3.130363587770449985e-01 1.457960868459801773e+00 1.571544787659702846e+00 -7.534777316352919696e-01 3.670673251997645659e-02 6.070879927420113065e-01 5.122053329631670593e-01 7.579870178139637149e-01 -7.200468372405658402e-01 2.632957211370009265e+00 -2.980139573551823240e-01 -6.486823539064867639e-01 7.516096744404109353e-01 5.216591057733035997e-02 5.787572350647682828e-01 -2.162669248222432117e+00 -4.956018354619118327e-02 -5.687722290307175577e-01 6.316081981427061898e-01 6.599233602717793357e-01 -2.770153401273922067e-01 1.192019115304713273e-01 9.468318597354925537e-01 3.540077210528664309e-01 8.083001727713404749e-01 -4.219853303449251358e-01
-4.482106390565928633e-01 -1.826705602884211910e+00 1.872714802328249561e-03 -9.169770584055887408e-01 5.870613882735691291e-01 -6.818770519672869013e-02 1.046547162563765010e+00 -4.512337699776560740e-01 -5.618590941732660715e-01 7.829945150247116237e-01 1.564883680844233682e+00 -2.748429414091697609e-01 2.599986590563074240e-01 -2.900301302245187340e-01 -4.229087743801122207e-02 -1.044625768153372825e+00 6.430157664180655708e-01 -1.335964136974184369e+00 -1.349694171320896308e+00 3.167402103314561623e-01 3.032909834222866641e-01 -9.980941944628317630e-01 8.655614154322531784e-01 2.251694309446223841e+00 3.542534455213445233e-01 -1.234096276764117504e-02 -8.638052830493139211e-01 2.283864598838681870e-01 -1.675530688784011346e+00 -2.350677193622253969e-01 -1.983132247501258938e+00 9.473546344035244093e-01 -9.513167129120487786e-01 8.193501723411131810e-01 -1.494754824902997603e+00 1.145732340497344903e-01 1.026301763132242195e+00 -9.578271156292790245e-01 -5.456097909043634564e-01 2.231629349537205542e-01 -1.461962297853140136e+00 1.948841257931745730e-01 -5.856385882603690751e-01 -1.704661526955593809e+00 -9.448277042634480871e-01 1.446659571340979111e+00 -2.108727591804047119e+00 -2.461992623305444272e-01
-9.684595133496548547e-01 1.135238984244758276e-01 1.586833371354436778e-02 -1.048864020049887991e+00 -8.038616585509982260e-01 -8.979177533111049048e-01 -8.190489588027238810e-01 1.440131721579296642e-01 -7.944158694166199020e-01 3.073277715051237480e-01 1.135366790062802167e+00 6.370253322333740975e-02 -6.950603531259447188e-02 -7.265661613978174893e-01 -1.326645405275186373e+00 -5.571576339130767108e-01 -1.010232174215087042e+00 5.192294325766654006e-02 -1.343475704619096822e+00 1.848218869322210689e-01 -3.371740727047612407e-01 -8.209679024833050898e-01 -1.661174405170798618e+00 -1.732724418575537051e+00 1.142648704015961192e+00 1.909404787437301021e-01 -1.794252191764805104e+00 3.611747491833328660e-01 -1.004812865771846697e+00 2.145857828137767986e-01 -3.373712031427348879e-01 6.780943776572775361e-01 8.666010263284098514e-01 2.571547100948449849e+00 1.605476916444132707e+00 -1.129905217460269062e+00 -3.355654824254901691e-01 8.237005772896913713e-01 1.911104133695527674e+00 6.226432375091681681e-01 4.972597227386571506e-01 1.215475060298407017e+00 9.564152827672526280e-01 2.577798253665330441e-01 -2.366209887002040713e+00 -1.529024733093413690e+00 -9.122062765953370400e-01 -1.011834117841218905e+00
-8.499583406967694543e-01 7.141780560395274979e-02 -8.563563371090772425e-02 -2.130007710178018598e+00 9.420579694055204456e-01 2.199868870034523471e+00 1.988398369397371024e+00 -5.970960032055564470e-01 -5.057659878768118178e-01 -1.138176821902075808e+00 1.596422694545564236e-01 2.462245882769751759e+00 -5.938944591968309261e-01 9.745419414763534238e-01 1.812676905856741849e-01 -5.955867132543336828e-02 1.273627262699929208e+00 -4.398770878088086866e-01 -4.420713778431941132e-01 -1.137343061524138665e+00 -4.836269135229674943e-01 -7.310442574606057509e-01 1.466842336546019254e+00 3.416469397178670264e-01 4.001987576927632517e-01 8.223752207390083724e-01 -9.226908374696768389e-01 -2.770587132895625970e+00 1.893037351819621072e+00 -1.804589396865938222e-03 3.382522920870690841e-01 9.250196340862919531e-01 2.206186523207219530e+00 1.640747959654971888e+00 5.894666224238106489e-01 1.007971569957178071e+00 -4.417670283875795717e-02 1.412352692198103332e+00 8.407578531949498613e-02 3.090203210520976462e-01 -3.804648623615284331e-01 1.680347502399859305e+00 6.364287821072831530e-01 -7.886773188332876217e-01 5.057491457107005095e-01 8.162580502752010414e-01 -5.527881512539133402e-01 2.232289177089758977e-02
-1.659452370911651542e+00 1.256412795968221197e+00 -6.517380302205295628e-01 -9.498331002114079880e-01 1.731153634987327550e+00 1.552072254852199240e+00 9.384504084315585526e-02 -4.360705399843773922e-01 1.255664008197907355e+00 -1.039504505866459400e-01 1.346584650460254551e+00 -2.284329507647830937e+00 1.802702078785064277e+00 -1.327880452522001153e+00 -1.047526531169929997e+00 -9.495579911378243532e-01 6.651655142608821347e-02 1.296178275169558081e+00 1.782723597909376512e+00 2.129781975225967017e+00 -5.295603787986030014e-02 -1.046048757713417821e-01 -1.586551161277295341e+00 5.120584228768441104e-01 -1.009461337929617120e+00 -8.726388695300436593e-01 6.334413323017304975e-01 -8.172049578987209406e-01 -7.160109958793704488e-01 -1.877469765366716892e-01 -1.590250831903292431e-02 -3.431783230440406396e-02 8.889346633454342506e-01 9.726978079907058761e-02 -5.363391028413101447e-01 -6.705892977595218074e-01 -1.345115147011441969e+00 2.992255717480256649e-01 -3.348005198038941227e-02 1.155239101609059960e+00 3.272186927495839281e-01 -2.506384076820368234e-01 2.424676087379536160e-01 1.709843896167363431e+00 -2.978802320824650712e-02 -1.329659319322733513e+00 -2.494222266481363803e+00 -4.020571977610372660e-01
-4.842379658209786109e-01 -9.902295034376535909e-01 6.506994171570891217e-01 -1.364682505825604464e+00 1.950310238949925223e-01 2.859770722597206882e-01 -5.282648767578423943e-01 -2.079730724206153347e+00 -1.346611074556761434e+00 3.692372226901552423e-01 8.712401683946080500e-01 -5.578826365126009490e-01 1.295686324654774291e+00 -5.479208146588782080e-01 1.130798957570508412e+00 -2.580130731494520102e+00 -1.634291344875034691e+00 -2.214793133160342542e+00 4.886432379074450161e-01 -1.438058095402368730e+00 1.028778493018145390e+00 9.621586729112332481e-01 7.622432450603005005e-01 -1.218733031669506778e-01 4.699859897690223942e-01 -1.994220822428623141e-01 6.422899553097570768e-01 1.456115700910184385e-01 -1.999213154938219938e+00 7.762537296858297298e-01 -1.429860295586474032e-02 -1.082768122480456813e-01 1.250231126041847940e+00 2.283688303871968195e+00 -5.374881093373359287e-01 1.356857615124300309e-01 -1.412320432854788255e+00 1.082503623447669705e+00 -1.031720238461785843e+00 4.422445828436118997e-01 9.824546480930619330e-01 6.459600132483436785e-02 8.169992479884874426e-01 -2.323185708076419831e-01 8.502730854154793017e-01 2.638649474603596556e-02 -4.217971296212323362e-01 -1.339553894409821533e+00
8.371869406369419897e-02 -6.075105939195880878e-02 1.198410482825683188e+00 -8.458209785378099088e-01 1.230418528727622168e-01 1.086977582723085645e+00 -4.388927472263704499e-01 -1.235762722928680502e+00 4.968713641597911068e-01 3.188602099840361359e-01 1.319839882482864324e+00 3.879185748166055214e-01 -6.030204495280097055e-01 -3.328795107543478515e-01 6.071687779775437610e-01 -2.323935794502684171e+00 8.847911769745437915e-01 -4.705633405389412771e-01 -4.397461524176925901e-02 -3.317612705415827201e-01 9.960337515304936717e-01 7.061477117915462842e-02 -5.107645980343123587e-02 -1.083665072471335700e+00 7.980013078324663667e-01 -8.950494546373329863e-01 -2.306912019046706841e-01 -5.231573677203477102e-03 2.821484158974143952e+00 -1.274134745701930305e+00 -3.919304929593577236e-01 1.175771983205141868e+00 1.726165301470766966e+00 -1.255320809926799841e+00 -3.948378945502177273e-01 1.477008291288574693e+00 -1.139018413836563548e+00 1.930878535167571908e+00 -1.264042492481259661e+00 -5.982033974193803338e-01 6.093887110451341460e-01 -8.298082257277816787e-01 4.882730675092206707e-01 5.897157483852991655e-01 1.134123143249489596e+00 4.432895600914822931e-01 -1.460701301332852031e+00 -8.670469910667719660e-01
4.300315689187659829e-01 1.201982846979456759e-01 -3.152859352538909810e-01 1.993036550674497920e-01 -6.971847214847256557e-01 -7.939074151151079839e-01 2.279432158373059902e+00 -1.483067778289268501e+00 2.322110274566022148e-01 1.928396752085845545e-01 7.112556271739540747e-01 6.293251517253245497e-01 8.744935304293557365e-01 1.022047473345742141e-01 -3.138376643914511099e-01 -1.866413727854426607e+00 5.835440883986570126e-01 -6.093257335461117474e-01 -8.654639764680297498e-01 -3.996083613315240535e-01 1.746940317973549595e-01 1.469512920768752062e+00 2.244575266871995822e+00 -3.580168183893245870e-01 -3.478542188160828719e+00 3.723568196249291695e-01 1.070241845055665886e+00 -1.511597711189956783e+00 -7.460789712748662206e-01 -2.185640980426785673e-01 -1.784382569716967515e+00 7.971979434968436973e-01 -1.280043721392760125e-01 6.606157011285818115e-01 3.231782181726120667e-02 1.258067352416966989e+00 3.453573346989766146e-02 -5.380901148065803108e-01 1.318342253934211117e+00 3.121542236118955982e-01 1.076927039126576613e+00 -1.260077237539259487e+00 3.167790131215263982e-01 1.415192229658201351e+00 9.129231120983819503e-01 -1.467552825220133639e-01 2.516257167012723173e+00 1.507584942040076648e-01
1.453682308765003872e-01 4.603958297082365037e-01 1.311445249057019979e-01 1.512095933770805312e+00 1.104192340567039743e+00 -1.256093333383549782e+00 8.757950680206946226e-01 -1.198067363011978026e+00 1.450609006998896611e+00 -2.394986169799724784e+00 -1.636438203710135930e+00 1.065734429217819024e+00 -1.021516102961238515e+00 3.102925746722282052e-01 2.066972618752645818e+00 -8.133978872566344220e-01 7.349732869290991344e-01 9.586318933641090334e-01 -8.990066158605677371e-01 1.136237063338637165e+00 1.068708924444115027e+00 2.645610525150566272e-01 -1.164804006483635801e+00 -1.983425240470402695e+00 -2.774681206346554241e-01 -2.236381414317404337e-01 4.467198821275564224e-02 -5.284437291237824574e-01 2.326433320686720208e-01 9.559711258369225639e-01 -7.968495125851093874e-01 3.507934864513848616e-01 9.504584058665624391e-02 -4.998849328342695464e-01 1.067441302108503631e+00 1.468395521053651454e-01 4.622695346810176686e-01 -3.908890540858506735e-01 1.356769769801110304e+00 -5.745030534657844523e-01 4.452825881422175364e-02 -6.715327422672907609e-01 7.481271335970368641e-01 4.994534317970767967e-01 -6.139983651568742262e-01 9.944618464926029411e-01 1.300161101362783844e+00 1.474011093219243507e-01
1.074482824283487403e+00 1.582804818537470348e+00 -1.501949612302695636e+00 -1.067297974594978882e+00 5.199426630247383496e-01 -9.264738276379806958e-01 3.626129301970089647e-01 6.603867045395436230e-01 3.345447369022578887e-01 3.558542799381040900e-01 -1.019823856766864933e-01 -8.802003802838233026e-01 -4.428529069021599042e-04 -1.489431886593937659e-01 -2.977770172741799337e-01 -2.745769631305886804e+00 1.582191671223169616e+00 3.243721973362552746e-01 -1.885129864436011049e+00 -4.319264903711861892e-01 -6.338146922062357080e-02 -2.655214139071765400e-01 1.475790387477009746e+00 -1.715390617660279782e+00 -7.450383306839036823e-02 -1.013813455125069929e+00 -4.896196924147646623e-01 4.020149384160944250e-01 -7.028268093265340744e-01 -4.203711507256417956e-01 -1.824929948153772408e+00 1.382730082797395843e+00 -2.504173294524292270e-01 -5.865459613542093331e-01 5.794947087966377530e-02 4.993872027967069527e-01 -4.815562753596873136e-01 -1.107987266110120050e-01 1.530004099168935650e+00 9.753563205293567240e-01 5.547805933633169762e-01 -5.673921825800881669e-01 4.826983903231905071e-01 1.136819661067767884e+00 1.521046309140489994e+00 2.297179214281995160e-02 -2.095483859483527125e-02 6.459183898830311854e-01
-2.132734717949456293e-01 -1.483039218273089488e-01 1.553779402166067580e+00 1.634866925898811885e-01 8.098760451885785860e-01 1.606464822054691988e+00 1.632149038241896610e+00 -1.041416166620326544e+00 2.508707657484801623e-01 4.210540854900747809e-01 1.574484224525321219e+00 4.493466178763155239e-01 3.750018941583019294e-01 1.701465519597367138e+00 4.046271695329526352e-01 2.484059093248455058e-02 7.596479428657775257e-01 -5.235316677446867628e-02 -5.449124884407859915e-01 4.544315603616810861e-01 2.402251523211012263e-01 -7.666630325912808797e-01 3.149065041119887831e-01 -1.174313742416064565e+00 -1.388076407538475054e+00 -1.115613446281552568e+00 4.355670174726907762e-01 -1.326614621485747714e+00 9.474309568822540939e-01 7.212965924358181180e-01 4.787539080304732964e-01 1.704662476764275958e-01 -8.303289569976216589e-01 -1.246670444134162725e+00 -4.835016834041910294e-01 -6.633327480265431841e-01 4.006143269537461998e-02 5.572065688339671308e-01 -1.049788501876556396e-01 1.703952861676705455e+00 -2.914247942415482129e-01 -2.475660220575946813e+00 7.113757534373419400e-01 -3.961535947299553162e-01 2.136137856158858206e+00 -4.944162786571865698e-01 -4.362619616067670014e-01 4.960996180103350861e-01
-4.189202374237234183e-01 -4.182678624709625925e-01 -8.899912482692172722e-01 6.661050404488377819e-02 8.879260226612519791e-01 -7.652366453874365204e-01 2.575631088284033865e+00 4.553725515536465873e-01 -6.609845956243179388e-02 7.903979082438404580e-02 2.384162517124150504e+00 -6.393913972125071510e-01 1.136366577750486773e+00 -6.747768877308257807e-01 -4.897809597353702804e-01 -6.483334106933513752e-01 -1.829383109611455727e-01 -3.034429913941569801e-01 -2.319411017268955544e-01 1.813129762011304533e-02 1.308692205532107300e+00 1.070552283155915330e+00 2.771917952631298698e-01 -1.262198143529899896e+00 -1.939177551529170512e-02 2.795332416133495812e-01 -8.751958959997100385e-01 6.902394255634846099e-01 7.157592878782559342e-02 -1.060536336102515742e+00 7.210851062810431922e-02 -5.650624410800958453e-01 3.828359764223863149e-01 2.069541250336092819e+00 7.076444900559883955e-01 2.236094706988763114e+00 1.027271775067535975e+00 7.497055429675437699e-01 -7.155704930243570461e-01 -1.421509163816208343e-01 -3.212899180580507386e-01 -8.060513238634382793e-02 -1.498961427856668749e+00 6.546844914844094365e-01 5.410388040267710696e-01 1.068550325778616639e+00 1.419142366797389920e+00 5.232562438620222967e-01
2.632998398923546368e+00 7.376231854010403821e-02 1.471043065260994709e+00 2.651375254420516026e-01 1.181416282894891118e-01 1.028000333177573333e+00 -1.364924657682893283e-01 -9.179874354987406226e-01 1.466561968009103545e+00 -1.552280439430954839e+00 2.795114942911033351e-01 -8.370978823903078014e-01 -1.045942788509724553e+00 -7.506620863735942450e-02 1.747804041618472026e-01 2.503020930628379048e-01 -7.372870383734518585e-02 2.612622618514377770e-02 -7.466996811743509483e-04 8.763838884154248055e-01 -1.678742632394476297e+00 4.987457340037120823e-01 1.610966574223608561e+00 -9.908063518105215683e-01 6.440990134211315166e-01 3.966864964318775888e-01 9.896767912586467153e-01 -8.501355265769650060e-01 -6.392379283421519842e-01 8.405477011083100081e-01 -1.555590332531940234e+00 1.272358972430070789e+00 1.920966004753127176e+00 2.071182124361997112e-01 -1.749278269163424326e+00 5.156393359502803309e-01 9.987673877870727468e-01 -1.350348494219712370e+00 -4.694685143725049192e-01 9.290408443143122197e-02 -8.126130945156208041e-01 1.196954662040954354e+00 6.104428301999849094e-01 -2.814819990302622088e+00 1.314362867443714000e+00 -8.786675734380512415e-01 9.391815364503686148e-01 -7.974446368901896287e-01
2.045782833818584390e+00 -3.415185595676989982e-01 -9.508485186477685369e-01 -5.392765358677217291e-01 9.595696103718767134e-01 1.881398971470229498e+00 -2.597382053770913579e-01 -2.135015252434474320e+00 -4.955646574758267864e-01 -1.555706394787696789e+00 -3.048505604657870460e+00 9.721991539125888204e-01 -1.517016524422977630e+00 -2.388960619079564474e+00 1.308389711811592360e+00 -2.884084185602378003e-01 -9.584142057698939732e-02 -6.033156006718345399e-01 -2.152528585477758494e+00 -1.221076838187291846e+00 2.752158485760143769e+00 -9.787825317254675861e-01 5.595362452546483178e-02 -1.029615030531919745e-01 -1.608472873150818439e+00 6.409116166134317671e-01 -1.044023969192490409e+00 -7.974170191256522155e-01 -2.281529762634300074e+00 -6.934888708987149708e-02 1.713464058354963626e+00 -4.612782113091409286e-01 -1.357684833062689167e+00 -8.424616164791057793e-01 1.506957489975566000e+00 -1.062849165099215565e+00 -1.551965500764110439e+00 -1.620865770366479719e+00 -1.962496206362304360e-02 1.108371193347307715e+00 5.761026480449180642e-01 -1.913486270969695646e-01 -2.763951900344367996e-01 -1.502837457506648045e-01 -3.523433696919628377e-01 -8.619468820165925305e-01 1.171436886685410794e+00 -1.141084089550198133e+00
9.403600149665699570e-01 -1.186871354846338544e+00 4.372806014028403077e-01 -2.174615732446719463e+00 -4.092449355678809408e-01 -9.728302659090305449e-01 -2.306834609712398176e-01 7.634176574783275715e-01 2.379846635881108785e-01 -5.668497700868205952e-02 1.897377791306653627e+00 -5.321036781409101968e-01 -9.724282110448226879e-01 -4.742433912623509884e-01 -5.476843421159425240e-01 -7.950295633544688378e-01 9.661724209949619224e-01 -7.650082055132396697e-01 7.479374146127055756e-01 -6.229464483098234862e-01 2.196788770212124708e-01 5.629136010702900927e-01 1.348833354855561772e+00 -4.737048406531222944e-01 -7.583329203910600391e-01 -2.960456320086420900e-01 6.107802096117136842e-02 -9.231877245669740939e-02 -1.930527772397300446e+00 1.769351737616017550e-01 -7.301373127953282305e-01 -2.165563509738291648e-01 -2.749518397773056400e+00 -1.032445744649879371e+00 1.675976819086905933e-01 1.246656418405216238e+00 -1.325636288326630163e+00 -1.232884386059300841e+00 -1.073779346988811501e+00 1.752553552685007232e-01 2.104642836724283927e-01 -4.359865129706890219e-01 -1.449720653023342187e+00 -4.144219180196433844e-02 -7.329231060742577020e-01 5.797323207018392210e-01 6.300815026888910708e-01 -5.492120731536767053e-01
-1.043729549312139571e-01 -1.304965262379891078e+00 -1.390219532029538740e+00 4.925021137830968843e-01 -8.042832649450550875e-01 6.327644845903632187e-02 2.903410056589124655e-01 -7.781947191338931535e-01 -2.620613509134868679e-01 9.226279239731910442e-02 9.761269065322975003e-02 -5.166414981291035380e-01 1.189229817595348848e+00 7.851139616965846502e-01 1.863233059490297938e-01 3.859240579519432890e-01 3.920152864590409347e-01 -2.652258077835278338e-01 -1.633776434856001603e-01 2.463895673119274599e-01 -1.041748108789113392e-01 3.227596258755616732e-01 -1.591404071218834315e-01 1.159671882994931513e+00 -1.096993779910027778e+00 -1.255452977038505225e+00 -7.245005095398846517e-01 1.686136607845515778e+00 4.093447990948141380e-01 -1.318700525052402206e+00 3.207299423932289950e-01 -2.828205700138333167e-01 -1.123963074035557952e+00 1.592323643617358675e+00 9.314990195111236826e-01 -2.575789216833206940e-01 1.681488638794043755e+00 2.197944421832452241e-02 1.740682562419262336e+00 -8.950658683308309049e-01 -3.823460014938578344e-01 1.309263364231183058e+00 2.075708150123293516e-01 -8.782177342658231689e-01 1.948345307968929019e+00 1.333353261790653832e+00 -2.955196194026464829e-01 -1.895402956181510445e+00
-1.143606656711725345e-01 -1.216424979992746902e+00 -8.332964269400217061e-01 -3.015591099353872040e-01 1.791122542660956718e-01 -2.949052467931559396e-01 4.899225812804217650e-01 9.286786324663850456e-01 8.959970660632947670e-01 -3.549044000929000298e-01 1.865248138636953712e+00 1.411618113606712299e+00 -2.955464925687551481e-01 7.403840538567043605e-01 -1.758981474469639039e+00 -1.868284461895635351e+00 1.054651586634835825e+00 -1.732593757508738230e+00 2.404854743463116229e-01 -3.398272999181238818e-01 -3.887885830348312144e-01 1.575120380457349700e+00 7.945633978516825069e-01 -6.088499583713599117e-01 -2.331864700624564912e-01 6.066737648649315195e-01 1.397164766014140413e+00 7.428937319552970653e-01 3.183660492501019235e-01 -8.783494733638170793e-01 -3.220382096041209952e-01 -2.948247740362754388e-01 -1.906927419081799746e+00 7.186208167385649270e-01 -1.198960789906400981e+00 -1.061735473661180817e+00 -1.026390824927647799e-01 2.163485201192028862e-01 4.804322828505788734e-01 1.555190371663189575e-01 4.592714489439371772e-01 1.047620264829499520e-01 8.666678977495942959e-01 1.178616255666329993e+00 -9.547939911748677400e-01 -2.642856119389365155e-01 8.749258448179356717e-01 5.458099450420663690e-01
3.421967206749822465e-01 7.772508376597133707e-03 1.569579609436143164e+00 4.508195732037455494e-01 1.199522311298555355e+00 7.421320933103291440e-01 -2.269399609544256791e+00 -9.885316493862198461e-01 2.980707462322423895e-01 -8.178663297022746859e-01 1.161313038052950830e+00 8.603158648503025363e-01 -2.202542184696305583e-01 -1.818143455643518980e+00 1.241947313604754077e+00 -3.700617347765104981e-01 9.363370445199908909e-02 1.364810184966124829e-01 2.859946353296524135e-01 1.861072643135773585e+00 1.855353290936068433e-01 7.262008979441186840e-01 7.117364217884399880e-01 1.299299879927493739e+00 6.455469729327835415e-02 -2.320966405703238367e-01 -8.722194728681955667e-01 -1.528739866058996810e+00 2.373012906029867974e-01 -6.134109109985987907e-01 7.293081462771707768e-01 -1.612931984342018454e+00 8.194788814601897675e-01 -4.816213372272612481e-01 -7.929496212578063252e-02 6.058703834851316694e-01 5.082074321817150464e-01 7.739532969618756475e-01 1.334019474479848588e+00 -4.569236267013693231e-01 -7.291128013512511163e-01 -9.206978884019612064e-01 7.172040451440450104e-01 -1.788960473096959714e+00 1.675594209982417260e-01 5.065121399924154000e-01 8.290141427833795928e-01 -6.127095151069309464e-01
-8.732246747305515422e-01 -1.204148406006547489e+00 -1.223082061246303809e+00 -1.681040333443932333e+00 -3.041274062807954870e+00 -1.393897383251877065e+00 5.176020624163435446e-01 3.074875345451798525e-01 7.651201045208083640e-01 6.830372145235549253e-01 -1.246528472222855122e+00 -6.895957606536906592e-01 -7.738366279325109565e-01 1.412181645649149553e-01 -2.027599369976466337e-01 -4.036393601066042280e-01 -2.220159450096954590e+00 2.201772653180558592e+00 1.428190913329886014e+00 -1.590835942539803316e+00 5.449225921651080773e-01 4.279604200040576512e-01 4.776136292017937324e-01 1.277841152203500030e+00 3.828492943878076260e-01 -3.810335877321440745e-01 5.436339103155057861e-01 -2.902224281282769769e-01 -1.509391169821998391e+00 -9.842981200616269799e-01 9.252127168129329338e-01 -2.515245386468664135e-01 -3.482666930755948798e-01 2.034189133830844209e+00 3.568968794013930856e-01 5.594862358412802106e-01 -8.689718595851735339e-01 6.846074902807312013e-01 -6.918707893320610314e-01 -4.051015811335287320e-01 -7.274618078837616908e-01 -9.753300577808382554e-01 6.411999153079820379e-01 9.003681160321511667e-01 -2.042620559119085577e+00 2.355029942760239470e-01 1.472559588115989415e+00 -2.059155900846958875e+00
-8.820653692300196580e-01 6.345113776258314298e-01 3.937790313180795088e-01 5.509552967582823785e-02 -2.798547903575916984e-01 8.321691144695934073e-01 -4.814302446711452022e-01 -2.620464355215899599e-01 -2.635364951094307240e-02 -5.184477621507985745e-01 1.358425371190538966e+00 -1.704849045038187905e+00 3.736132238390522942e-02 9.657806540487626212e-02 3.512896864991043588e-01 -5.992803825846751975e-01 -1.692041685144549668e-01 1.386712493332177054e+00 -1.294542032108522700e-01 8.415498898420813445e-01 4.361001606708551082e-01 6.738674135458934122e-01 2.193614630341609306e-01 -1.307048146811100819e+00 8.506947970249986168e-01 1.562213083915217071e-01 4.168333275099976865e-01 5.665613318743746296e-01 1.497761641659528742e+00 7.434890354595650175e-01 2.136016878561831867e+00 2.987973168711381966e-01 -1.402691958549809215e+00 -1.581412700657187642e-01 -6.572855280539896539e-01 -1.214897971983077252e+00 -8.969674547180650492e-01 3.313085905590713032e-01 -1.183123822462095243e+00 -8.462258330572024478e-01 1.843517404353837985e-02 -6.166487033132437290e-01 9.235726215223356850e-02 1.990233366652310210e+00 -5.056186871822538897e-01 3.333158285345103611e-01 -7.061067860523194684e-01 7.650034066260360532e-01
-4.262547593500334853e-01 1.810946766180980827e+00 1.945910843052788552e-01 3.619226294488513962e-01 -3.372865166199048165e-02 -5.265913896513303438e-01 4.206842195886733582e-01 -3.209109254198029837e-01 -1.664464028187418176e-01 -2.113710206411376635e+00 -2.807149046490778344e-01 -6.248566958010415978e-02 1.072304548932111468e+00 3.897216849747064493e-04 7.125575613140081588e-01 -9.392655585914450045e-01 -1.421134193961944403e+00 -1.134726363580078168e+00 2.161282133889031454e-01 -1.067363785528459230e+00 3.052113660368581671e-01 7.830605677776871776e-01 1.550890697398198403e+00 -9.927154463998494327e-01 1.344546510007301077e+00 -1.751876993682551120e+00 8.868255871839347826e-01 1.072316191913421202e+00 8.405143848705070031e-01 -5.083819170032152224e-01 4.047925666745836315e-01 1.118050035643277207e+00 8.881705480961046839e-02 -1.968908223880542430e+00 -5.578853726431498572e-01 -1.058758019717571663e+00 -2.503227572182730176e-01 -3.036514565785727870e-01 -1.051434220727003988e+00 -5.914687473138222629e-01 -4.028705563400719059e-01 7.177855870680155403e-01 -8.709914790617866442e-01 -8.232097929358109800e-01 6.551235551993138673e-01 5.647028890621800246e-01 -3.138001834433333803e-01 2.509291100680476894e-01
1.261141429735063157e-01 -4.808338132098127771e-01 -2.809522892830563223e-01 7.510783961385850138e-02 -3.763297541164584148e-01 8.003993632906343247e-01 -2.851061617370028722e-01 2.604124810996938377e-01 -8.938657047184713766e-01 -1.172544661141698086e+00 -2.388397056628172033e-01 -6.034710293287139926e-01 -4.069591725334700816e-01 4.321951126891204198e-01 -3.426700657346599121e-01 -4.069579399835989153e-01 -6.110598071378839924e-01 -1.373875567778906293e+00 8.067234910945428883e-01 -7.635031454160609021e-01 -4.766934942292451183e-01 -2.558478331868496713e-01 -1.718429373754062794e+00 -1.754947829179450414e-01 4.314984314788410380e-01 4.188340092127777053e-02 6.679355631331785892e-01 -5.514643723850649604e-01 4.417173204305051559e-01 -1.440508378124544908e+00 3.903864584000618643e-01 1.064090422024755567e+00 8.698592269134652888e-01 -8.949075416872336319e-01 6.826340942283578572e-01 -1.449894639897703508e+00 -1.642493891054463750e+00 -9.137300304779636395e-01 2.696360265331259054e-01 -3.192452812886656943e-01 1.604265228001098720e+00 1.209057811600905197e+00 1.472582053992170348e+00 1.414330870066575541e+00 -1.025424165807098664e-01 -9.253178785987392629e-01 9.870752771129284175e-01 -9.422294377316628999e-01
-1.430576959448029761e+00 -2.074933106762956447e-01 8.773576539985659117e-01 -4.416292268886689576e-01 2.122186094413054946e-01 -1.783006808530376075e+00 5.030343403437684824e-01 -7.827823220615008903e-01 -1.481466811925846727e+00 -1.442696176342466385e+00 1.233235501245047577e-01 1.841137863712290768e-01 -1.093255761424521300e+00 -1.074569283352210469e+00 -5.941367531638411803e-01 -7.683712202558179438e-01 1.517211915757421710e-02 2.905307594223704992e+00 2.375295372262762605e-01 8.882427311726451835e-01 1.618537382502294841e+00 -2.913367449060783043e-01 -1.119960913379320910e+00 6.780406595190502372e-01 1.463496132226556889e-01 -1.165997197112006889e+00 -1.328443001998390161e+00 1.194915700152326066e+00 8.398290297235965207e-01 -4.695306824510215304e-01 1.847304122824161121e+00 -4.732835084485941812e-01 1.494426707806851551e-01 -5.057911250361045719e-01 -4.688389199300918575e-01 -9.331514108144117747e-01 -3.012518010623997933e-01 4.158310074089689445e-01 -4.407111329104161923e-01 -4.579762365365912941e-02 2.775304354549771535e+00 6.716735005418493498e-02 1.539788276223768848e-01 -1.018067776438418948e+00 1.343303022685125914e+00 -7.243462390863660838e-01 -1.542944055790843372e+00 -1.963756934537994825e+00
-1.072174296874590427e+00 -4.661317615204279008e-01 -7.668919504017661648e-01 -5.915795145658880871e-01 -4.377468194673970747e-01 -1.954783945232350995e+00 -4.571663005642973010e-01 -2.014931562941797705e-01 6.782427159942522321e-01 -1.917846080101939243e+00 7.499381807910248110e-01 6.767680022827682329e-01 8.822170538818568941e-01 3.623175684909929473e-02 8.144334486000881501e-01 3.795715705007743912e-01 1.112562940862823258e+00 2.467979940688709573e-01 -1.774483988277288482e+00 -1.316934435437373541e+00 1.055712845389824350e+00 9.677937564499144996e-01 1.050648558165693247e-01 2.266553720983907616e-01 -5.777965269302851592e-01 -9.423454673977920137e-01 1.171058647909815731e+00 -7.190889740685117715e-02 1.918648084044154878e+00 -4.384472054720929823e-01 1.863053229651798204e-01 -8.266815354641552371e-01 5.349304979002761362e-01 3.022208736421124753e-01 -4.423461229689283902e-01 -4.305017400289526397e-01 -1.667877332474387186e+00 2.860601135888248270e-01 -1.662435795837891583e-01 6.162481959033292434e-01 -3.448830774601541194e-01 1.559009246866457810e+00 1.376767179756948511e+00 -1.449128784433367345e+00 8.132576167977223491e-01 8.799367574767588129e-01 -1.585505515659375808e+00 2.429136672411179365e+00
-7.376774025622448994e-01 4.161294156750916517e-01 5.812904690358505072e-02 -5.986395755490269144e-01 1.735994854948677002e-01 -1.306361293590309280e+00 5.485161770800998093e-01 -4.826551043391368312e-01 3.813255245584681319e-01 1.585113651079924191e+00 -1.009149630793452657e+00 9.342577582519896451e-01 4.506327519122623193e-01 1.471873311308469490e-01 -1.206408834919682871e+00 -1.625427121591159207e-01 -1.876641125288805334e+00 -1.060098008114522372e+00 3.273929842934359957e-01 8.870469388733820404e-01 3.579715555377621095e-01 -6.976051911324226973e-02 -1.456884657286010354e+00 2.803043478583054984e-02 -2.652613473253939702e-01 -3.184421677925498018e-01 -2.738195003932072158e+00 -1.079022241357483702e+00 -1.250540436376649522e-01 -1.399271803907384593e+00 -8.143867045862211995e-01 -2.436135354373994977e-01 -2.377778394238535764e+00 -1.716564491280135440e+00 -1.555933250039965576e-01 6.554230769771928200e-01 2.087450934304955208e-01 5.348668487064933696e-01 -9.882041673595292064e-01 -2.733755939071892405e-01 2.809638731675789813e+00 -2.169012022705185949e-01 -5.827067451191605407e-01 -4.595241821617839229e-01 1.445389824130366863e-03 2.079442871214285393e+00 1.341890356329757061e+00 -7.855306513706820093e-01
-1.881666443315889836e+00 1.107077945165151567e+00 -2.525554065492711664e-01 -1.896791482779794924e+00 -7.433124953310145111e-01 -6.976362364577759489e-01 8.109259429016651977e-01 1.734228160130317220e-01 -4.148908925872168418e-01 -1.833822722061714483e+00 5.091955122589393312e-01 5.244190920374690590e-01 1.698881297416591774e-01 1.470631048572492161e-01 6.095859976137762981e-01 -8.536150478415747145e-01 6.351401327950484399e-02 5.250763501094491553e-02 1.485953040856151652e+00 2.020781256019397176e+00 1.091771120898385572e+00 3.959570619356965193e-01 -4.268439963133914827e-01 7.443114692642778529e-02 9.975061533605334985e-01 4.168385043428548542e-01 3.427656650152740569e-01 -3.650718255629577524e-01 2.183742761315752845e-01 8.236536916149523879e-01 5.593838596699300947e-01 -5.445268151386913891e-01 -2.036301500711974188e-01 2.131251179940108820e+00 -1.005315932645515914e-01 1.188647222761444633e+00 -1.215106121351533508e+00 1.139257834739171305e+00 9.614694284316031014e-01 -7.245641020726850678e-02 1.757573043260599391e-02 1.314544572550025769e+00 -1.057321081900015836e+00 4.137321799240088471e-01 -1.171202901123758355e+00 1.202091661611222051e+00 -1.453567207936059091e+00 -3.536790007879460074e-01
1.902632141724851234e-01 7.065189793776515126e-01 -4.530916927444275655e-01 3.837657532626483348e-01 -6.004577213162497901e-02 -1.837879187459432462e+00 2.477750583112972471e+00 4.221990083245256709e-01 1.203620026485928030e+00 -5.003231043310734094e-01 1.505082339244330880e+00 6.064307054899309435e-01 3.661788088253715157e-01 -1.967137561170971549e-01 -2.660341772346300551e-02 4.584001464629751110e-01 1.037072329784682445e+00 1.174371263113151098e+00 -5.806711612971499070e-01 -1.264749596537432685e+00 1.715896137848781644e-01 -1.507171132781051082e-01 -1.244326174301450871e+00 7.962121685021972262e-01 -4.770842464922397941e-01 -2.773050253961199196e+00 -2.884948242354971604e-01 1.079006382025478050e+00 7.483914884185818295e-01 1.724570944664071348e+00 1.990066492693234601e-01 -1.747767705171335284e-01 1.105690632247193772e+00 3.973182965250025012e-01 -2.074018380285063412e-01 -5.768459061878628003e-01 1.857079459062977778e+00 -5.697476566203629918e-03 -1.009684208914202408e+00 8.022014592006336819e-01 2.680526316693156441e-01 6.419119243796700403e-01 -5.639642095843151459e-01 8.420986777469791074e-01 -1.497360132230920016e+00 3.756177330118170010e-01 -8.195700053938225205e-01 -1.794730945209351169e+00
-1.194218755358143147e+00 1.448829489365296430e+00 -7.988234324516199636e-02 -1.202937357916367356e+00 1.271289895304816009e-01 2.295043367261994927e-01 2.816695623674996263e+00 -2.260348944114171366e-01 1.427991562603096787e+00 2.496993511029935164e-02 1.524395911858440034e+00 4.303197905908022758e-01 -7.434642306114569443e-01 1.190709938611733687e+00 9.009876972692806296e-01 -2.467212921150830907e-01 8.006726019112221371e-01 -5.451347460365959519e-01 -1.835070866948341484e-01 2.683780867250177060e+00 1.549293125716080466e+00 7.128439566084814327e-01 -1.021498248891970634e-01 -6.846593082197753866e-01 -6.438134075026893388e-01 -9.363785900611935054e-01 4.732229958654047275e-01 -5.070743149216897505e-01 7.591010563730474781e-01 1.271459466541524364e-01 -1.402368441651732800e+00 -6.334246332716760020e-02 -1.429243266963940717e-01 1.807419732009086122e+00 5.269892612048510117e-01 -7.940464957345343411e-01 -7.006593968487092594e-01 9.892225644337403201e-02 6.975068405023437945e-02 1.523475518018624131e+00 9.215756947488955575e-01 3.819880654700437694e-01 1.847457606599460567e+00 -5.873796130002196386e-02 5.627752681411085645e-01 -9.469979015151430701e-01 -1.394773536211803222e+00 -5.611862531415575672e-01
5.662760845139869215e-01 -2.438649605060075332e-01 -1.309294065614671876e+00 -4.703847638148717786e-02 5.143236765494563212e-01 9.315906198465019328e-01 1.556320078817474695e+00 -1.916126075602749557e-01 -1.193305582277252475e+00 -3.969071881241689193e-01 8.144084893535010750e-01 -2.586586050823452831e-01 7.503693457600869865e-02 -4.576422139800761513e-01 -9.962144132238858196e-01 7.451984916991445385e-01 -2.101672460344731874e+00 1.583996126166151708e+00 2.078235295960274009e-01 6.566546611643729880e-01 2.181915853255780746e+00 4.050526832529366406e-01 -3.100687853233804248e+00 9.495472215573488306e-01 1.171200557101494510e+00 -8.429330234760702423e-01 -6.163667497175447929e-01 -1.338562866315881950e+00 4.901348520737564551e-01 1.440652040435979053e+00 -2.365862278806762919e+00 1.161568279666658654e+00 -7.990818693093910685e-01 1.121866016295886004e+00 6.636183192235354245e-01 1.246292407145927816e+00 -7.068631796834240477e-02 -4.259852850637499966e-01 -3.611204230059136822e-01 1.326077212397841931e+00 1.663492112051164762e-01 1.479917513154268782e+00 -2.062748688058493318e+00 -1.580113620983482514e+00 -2.031616443661895810e-01 3.275128243118425320e-01 -2.119052544937392035e+00 -2.114473234901012300e-01
-4.872617666318009855e-01 9.876099339662686161e-01 7.731802458838543668e-01 2.091835538548961204e-01 2.501642517592966630e+00 1.686760857567675131e+00 1.549332738039401747e+00 2.623507921291685085e-01 9.539050440251795049e-02 1.117547775322649040e+00 1.669304829776619217e-02 5.562781683746215178e-01 -4.701238983250228820e-01 3.642700972456975883e-01 -4.199761053053440718e-01 1.278574339648521851e+00 -9.536544120258318991e-01 6.638429083091712535e-01 7.289791451121271360e-01 2.239349633202673218e+00 1.020590301436746339e+00 1.205990833384092298e+00 1.665547807442953276e+00 -1.319183019444012395e+00 -1.029555329850144751e+00 -2.262347004509545290e+00 -1.758579997524118088e+00 9.221799609522531860e-01 8.022717641149297307e-01 4.862935105486049236e-01 9.353981730158824615e-01 5.043736203840316623e-01 1.635330340952742656e+00 1.833571763322305648e+00 1.474286351496397085e+00 1.386931479510949750e+00 -2.074144692345078478e-01 -8.681660969743838774e-02 1.033281363200678982e+00 -3.744345293450461742e-01 -1.085560014268987405e+00 2.215010787410733040e-01 -4.859771325330266567e-01 4.281055311110953387e-01 -1.026753524210095581e+00 -1.759487386968267841e-01 -1.837554758651530395e+00 8.794645091860550656e-02
-1.498779445742282945e+00 7.427721540463625427e-01 1.247214321577045509e-01 1.371219788850542853e+00 -3.663436012897938188e-01 -1.096658972642021279e+00 6.670902867897873234e-01 5.101368268081929447e-01 3.299607870457340053e-01 8.519366462648036986e-01 -7.911304844767846900e-01 -3.987865146185987086e-01 1.898855755064991158e+00 -1.131447932494468844e+00 3.837319986958563911e-01 -4.769255620211297342e-01 -8.806754194179879924e-01 1.856488149798510401e+00 -1.583157886620040200e+00 -1.988944286436482300e-01 1.200200398171977767e+00 -3.844163975712910908e-01 2.402838789023868937e+00 8.612385592224853781e-01 8.924130113172779044e-01 -1.617618151422169914e+00 -1.154646276427471197e+00 7.346310503366513256e-01 1.630143322465604561e+00 1.229761966805272833e+00 -1.373991583231918279e-01 7.193051800706659060e-01 6.928282293158395388e-01 -1.084265170928770117e-01 -3.946818631766723651e-01 -5.021932153501997842e-01 7.432044343164414535e-01 -2.231637270443975307e+00 -1.199890527892590431e+00 1.119266061045051996e+00 4.150750729841192199e-01 1.808256975617543061e+00 -9.273591475286936392e-01 -3.276348778198266420e-01 -1.960572855006533999e+00 1.323224527913048787e+00 2.891466978097231300e-01 6.947434240630433189e-02
1.208328989952075272e+00 3.821961187626285450e-01 5.967924518619045493e-01 -7.368757288238000358e-01 -6.190148771903031255e-01 1.167034248527960116e+00 2.788734540299524500e+00 -2.947248766919337459e+00 -4.981476184902318693e-01 -8.550321691379958455e-01 9.537420944637495790e-01 5.769831432210689171e-01 -3.920649522814614873e-01 5.304315517295440374e-01 -3.096429311567343023e-01 -2.102826096200434980e-01 1.358128720454472749e+00 -6.957318676075006092e-01 -5.802625701349375387e-01 -2.490797324186093953e-01 -2.498980408311867740e-01 1.761055969132449550e-01 1.454461692180391674e+00 1.406407601165034826e+00 -1.380154234249964251e-01 -4.396541853466904293e-01 -1.879397880792993192e+00 -7.040289833766013583e-01 -6.557417491484968108e-01 1.032640404117167732e+00 -4.897500942856396478e-01 2.152702376226512282e+00 1.002289928325382107e+00 -1.423075189749471559e+00 -9.842643285815219634e-02 -2.086545077253253222e+00 7.572654874226761867e-01 1.849197510992095506e+00 1.335550115570626750e-01 8.580080158474414631e-01 -8.342188784871509277e-01 2.853777039340791855e-01 4.657985721913913135e-01 -1.225968824649697586e+00 -1.305970711378568350e+00 -1.203112308408475384e+00 2.151290619234482282e+00 -8.675122653304627729e-01
1.205116720780746054e+00 -9.512931911732402934e-01 -1.876450046847111697e+00 -6.026050032004234280e-01 1.151806107954419955e+00 -2.208774439578681803e-01 -8.215346689810859582e-01 -1.876063042240965428e+00 -4.305175932573703235e-01 -1.177815024708452896e+00 -1.090328616300836106e+00 6.500351149748011537e-01 1.707713942949195540e-01 -1.780025567077923476e+00 1.202797857652033731e+00 -4.776256093095761490e-01 2.098102928733220907e+00 -1.328301567319380760e+00 -7.401291959992357672e-01 5.400013261213884030e-01 1.162692689122658996e+00 -9.594708151919117967e-01 7.108578680790972326e-01 -1.309330169200370486e+00 -5.486713424232896319e-01 -2.485870638785515840e+00 -1.173107246444802382e-02 -6.170943376697939353e-01 -4.619066810571868520e-01 -2.472630233778466968e-01 1.601982123248776313e-01 -5.660900413881410076e-01 6.271485182131061320e-01 -1.935516211595453395e+00 1.954682186525860954e-01 -6.983843665806015455e-01 5.431704963954627763e-01 -4.628865526445378187e-01 1.029034691675315277e-01 5.916958152778407642e-01 8.619961240070398434e-01 4.049615868183690792e-01 2.901926889554934039e-02 1.006982785900041089e+00 -2.213377255694167545e+00 8.959618000277599359e-01 -1.706955629267052632e-01 -2.048803340216828861e+00
5.360265178661206553e-01 1.600206917383321326e+00 4.887208398822484590e-01 5.869734760993233769e-01 -7.493668659502074336e-02 -6.066177851857155190e-01 5.399983051606019879e-01 -1.651915772965394158e+00 2.025137892236999360e+00 3.705929401023815295e-01 1.188821204364028938e+00 7.395738755398630904e-01 -1.737047889898579167e-01 7.681684713804891596e-01 5.205499214879660830e-01 7.146252134236098508e-01 8.474153635578227650e-01 1.708591247695095960e-01 -3.418758091585623049e-01 3.786223471356480186e-01 -3.577628905852444641e-01 3.340461309328098261e-01 1.651298957445928250e+00 -3.087658525869845568e-03 1.638094097593207010e+00 6.859034007381893672e-02 9.141640358862181959e-01 -1.163930175235523334e+00 -1.907940742685970470e+00 2.978207685134884319e-01 -6.245707084929558173e-01 -1.905326038570663183e+00 1.854545257927761259e+00 -1.520373397582404085e+00 9.416149164058510435e-01 -9.999113084899888815e-01 3.876864210791151066e-01 3.113391462522155928e-01 -8.780086475278944258e-01 -9.038726912145222947e-02 7.641907296589655063e-01 7.956712535292587152e-01 -1.677242543697771981e-01 -8.992565189995987973e-01 -4.921760198721917279e-01 -5.641255634000392344e-02 -3.097099356768624467e-01 -7.385758352516463843e-01
-2.384334649034235643e+00 -4.735225626160599610e-01 1.728237778491066301e-01 -2.568113248061102194e+00 6.644726471718929162e-01 1.697231820889115284e+00 3.873470299420715968e-01 -3.101734817888224804e-01 -7.891887174961485785e-02 1.204131701215937378e+00 -1.440362168787855612e+00 7.164076608828786608e-01 3.319833438326562081e-01 5.124560613549457994e-02 2.886178395823036369e-01 -3.334864177879742764e-01 1.065454474392821149e+00 2.001850890571428288e-01 5.673429977449666595e-01 -8.518236625601378620e-01 -3.108406169894580851e-01 -5.112822325773731524e-01 6.019136833061623504e-01 1.170483646030748170e+00 8.063804716364968428e-01 -9.321207375862688993e-01 -1.181083981255989457e+00 -6.489550994536905648e-01 -6.834187224937211536e-01 -1.113708765892145403e+00 -3.224123339932710941e+00 3.370898019282736469e-01 1.729901574437660683e+00 9.592912355072154007e-01 -8.114866882902400658e-01 -8.613441407274866624e-01 -2.094769288047724221e+00 1.441640353751051096e-01 1.852845465994085394e+00 -1.208427909024035740e+00 1.112457837840321040e-01 -1.685048269126038223e-01 -7.856745374670405235e-01 -4.058801029593851473e-01 6.542188030557727352e-01 1.625509186680641260e+00 8.094794242011253971e-01 -7.240611519316610956e-01
4.675983327113908961e-01 -1.377321711437597296e+00 4.327969135495945419e-01 3.415823819576693787e-01 1.417809113144823163e+00 -7.606913427697223895e-01 2.166986830645068363e+00 -2.373504779030020551e+00 1.724350200239620046e+00 -3.086569014038006986e-01 1.718753036432422832e+00 -1.936538741036085476e+00 -1.721714183876260629e-01 1.282708007779703507e+00 9.918635775088247009e-01 -1.671391663113313664e+00 -1.932418402617471984e-02 5.346688254857584477e-01 4.620854738329129852e-01 -6.773116168657866698e-01 -1.781577419150196073e+00 2.185625791128988027e+00 5.246843920656253379e-01 -1.845694613007819174e-01 -2.471122767852000024e+00 -6.706023313387051710e-01 1.819394105627481217e-01 -1.310273312479755536e-01 8.606030263372176359e-01 2.002703400414407309e-01 -1.293779547099578986e+00 -1.627426721613157934e+00 -4.453898429366733303e-01 2.370646106739549841e-01 -8.897875210706561733e-01 1.952682360778083215e+00 7.626336234610400222e-01 3.804747781387812222e-01 2.618524867994988514e-01 -2.044742064268706638e+00 1.638780682658772969e+00 -5.006780186348114975e-02 -1.402524742796712465e+00 -6.370709237722919083e-01 7.350104164138311358e-01 1.084949581609710723e-01 1.853650034291274507e+00 -1.280426677395850810e+00
-5.866041103163148751e-01 2.952458057954274184e-01 -5.572471388621245136e-01 -6.841140434396079106e-01 -1.131763919879812175e+00 7.649877630174061194e-01 1.103875493014209397e+00 -1.406035745830562164e-02 -9.195140306205430436e-01 -4.390515867780102055e-01 1.180638855510982133e+00 1.567209310514160903e+00 1.208827361253852928e+00 -7.983035411686600913e-01 1.396749303166012757e+00 -2.731632442001551420e-01 1.189182472984061434e+00 -1.314600650946163629e+00 2.425344124555962599e-01 -2.870681800733523859e-01 4.986201026311939399e-01 -1.387664904224446827e-01 1.947403774279790056e+00 1.316720911839229791e+00 1.120168525005272420e+00 3.535460554717343440e-01 -1.407906571436613741e-01 -1.346936510042882507e+00 2.818593076027587352e-01 9.863475945926705180e-01 9.729507388812871360e-01 -1.602837525619193126e+00 7.248907274853392257e-01 -8.210443816470640588e-01 7.130857469670570659e-01 -2.164888498481293055e+00 -6.187085129978892040e-01 5.466175987936362501e-01 2.358496305641090696e-01 -6.765631520865184045e-02 -1.227527532015294076e+00 -6.723928676432815443e-01 -1.517672020287835988e+00 1.929614896289756132e+00 -2.949549818981359595e-01 1.215839090626965158e+00 -1.007972374577117636e+00 7.507643773965460010e-01
-2.569772521997212497e-02 2.131510589321325422e-01 5.671098018289852938e-01 -3.043206661212330064e-02 1.838477868822776251e-01 4.680398136963808686e-01 5.423250867570018618e-01 6.343491655993315215e-01 -2.193237907604591808e+00 -1.017367280919640571e+00 -7.523832861527411930e-01 1.062269873431110012e+00 1.570511308093898162e+00 5.812239616433959588e-01 2.124305933584693384e-01 -1.107467999882880028e+00 -3.872956086025445277e-01 -1.030374193236560876e+00 6.800796032603223518e-01 1.155450442123030497e-01 -1.410191011849200704e+00 -2.033028065982257770e-01 2.731289203929507803e-01 8.686049104905940732e-02 -1.080988924725036604e+00 4.525130928725366597e-01 5.338397464785734625e-01 -1.059426554500639384e+00 -2.558850737405616194e+00 -1.404668949376911335e+00 -2.071062389736492426e-01 -4.796826045148166462e-01 -1.657852269859313166e-01 -1.813739978340955794e+00 1.672886589504173939e-03 -7.137610155514999555e-01 2.893064458414115192e-01 2.960171569318975279e-02 8.551989051896602412e-01 5.777431313302001659e-01 -1.892853851372776841e+00 -6.392783276908430290e-01 7.492810661772610903e-01 -2.067148703531146992e-01 -5.717482852216131395e-01 1.188393032565810525e+00 1.083477089589422127e+00 -1.136764613715502525e+00
7.263542974765038185e-01 8.378590719358559591e-01 -2.622944479895029102e-01 1.673914314147334839e-02 9.736113039520722934e-01 -1.833390351358505033e+00 -7.357281778272366513e-01 2.413349349088991236e+00 9.200159453917700070e-01 5.107890645909533012e-01 3.802257483716593445e-01 -7.879780398050909573e-01 6.209356263958565325e-01 1.568923844716201499e+00 2.471345237948207707e+00 -6.342046751490562073e-01 5.595797602529494208e-01 1.807973008315266750e+00 5.185550314445322995e-01 -1.020638996733004067e+00 3.697976745340227911e-01 5.403539625431529325e-01 2.241167856478214204e-01 -2.291935857345905325e-01 -8.931954656103021639e-01 1.505213563788335929e+00 2.649635695241742694e-01 -5.796058482561491365e-01 -3.385535622943987577e-01 -1.300785293787705132e+00 -1.566314349669599482e+00 -5.481147312424813345e-01 -4.113841382031965810e-02 1.982964133489384162e+00 -5.072593810516322632e-01 5.115465811996289247e-01 -6.692555768107842917e-01 3.464411801860748374e-01 1.587213565433072959e-01 -1.186549133446431759e+00 -1.219022542747494109e+00 9.253218131506929511e-01 1.161200304669053329e+00 -2.979773978102648879e-01 -3.064254010899307157e-01 -8.711959425368087651e-01 3.971670280214720239e-01 4.734383359805260372e-01
-1.236826825703527311e+00 -9.436424712792821357e-01 4.624298294812646537e-01 2.514213060149007029e-01 4.890155066977034358e-03 -1.587325023259020584e+00 6.972891141035296725e-01 2.314757899784749107e+00 7.401000442170033722e-01 2.521688056412824674e-01 -1.169476306611050009e-01 3.804534222010906852e-01 5.421731320439365787e-02 5.911657364774926954e-02 1.685839005997938012e+00 -1.072691628485718196e+00 5.686838204291366078e-02 -1.806055428301066135e+00 -5.330777316067717431e-01 -2.195352377681240863e-01 2.665841608388023198e-01 -1.821891742071537923e+00 1.009663672398121159e+00 -3.469701384276701051e-01 -3.465224980638652308e-02 5.160650880803986373e-01 -1.001359448555473319e+00 1.072330135534678153e+00 -2.159254484545781727e-01 -9.225870137352019107e-01 -1.494125653318197910e-01 3.786709557501104495e-01 -2.250102963320654403e+00 2.018610856982702706e-01 2.271076311547061133e-01 8.478236023979468516e-01 -5.983197038555531089e-01 -1.219089930127177146e+00 1.697317297197012298e+00 -1.126098871504773280e+00 1.394191298651803246e+00 -9.263251811265789115e-01 1.653430364439514300e+00 1.799101571582468750e+00 7.174143751060266805e-01 -1.232010007015082342e+00 5.084638281409190608e-01 2.335265088920963905e-01
-5.883806840334437904e-01 1.143740323269673009e+00 1.132671760776114145e-01 -6.684268482876908335e-01 -8.396870736373699406e-01 -1.097331562181780518e+00 -3.054731954718070130e-01 1.692083766835318914e-01 -5.247873253901339519e-01 1.286208934777016255e+00 1.650926816643647488e+00 1.540750146545580623e+00 6.033923773303001559e-01 8.436533081797992217e-01 -4.473203474131689505e-01 -1.040838115475632097e+00 -7.097310631242370604e-01 5.713126283640850289e-01 -1.287447677121060563e+00 1.680619959641854733e+00 9.305127073361167955e-01 1.156225203122609319e-01 -1.676625044672094056e+00 -3.847003364494575028e-01 -1.141460974150731555e+00 -8.664458215636211547e-02 -1.520003190136846483e+00 1.651482501321319962e-01 -4.237903422694094813e-01 -4.615180172308641082e-01 -1.995367166713738039e+00 -4.842666201828021294e-02 3.755531942942219037e-01 -7.222176553789783071e-02 5.497691565801594571e-01 1.554090789755800672e-01 1.279198401676445940e+00 -8.718465987692490538e-02 -2.729973960714917047e-01 -1.017941259849908464e+00 -6.229600575417412189e-01 1.993754712714729815e-01 -3.424589303263040341e-01 1.344543607710136701e+00 1.549639182574567897e+00 8.027999918934280998e-01 1.449585336428500959e+00 9.344941023982379635e-02
-1.258907335794415383e+00 -2.266590650046689248e-01 1.759670826010865108e+00 1.736448422461999430e-01 8.004895316557390783e-02 2.027200017768805207e+00 -1.591791355807946062e-01 9.792356545387734257e-02 8.794162269214901295e-01 -5.506324177226089578e-01 1.375219860584069032e-01 -9.238210987474086977e-01 -3.139055131507357266e-01 -6.493168458412106325e-01 3.043075135183835878e-01 1.857174056223666325e-01 1.910925578878196474e-01 3.827177825690356583e-01 -9.419544330004456789e-01 1.715064775777770945e-01 1.097377768140807897e+00 5.434759912718887254e-01 -1.562946296885637132e+00 -1.247084011835311257e+00 1.467395567214018204e-01 2.281789286958614493e+00 1.811264209516359580e+00 -7.815304452511508959e-01 2.765822390568508649e+00 -2.211944495966757518e-01 3.371259226225725159e-01 -1.011433690588967815e+00 -3.584530293858570471e-01 -1.396248716677670698e+00 -1.242292456499450637e+00 -3.149480517282026576e-02 1.938705583742112548e+00 -2.587309394224159842e+00 5.597169380106813419e-01 1.673303088429020091e-01 -4.601419102865113575e-01 9.295445389886726473e-02 -1.346174675502095353e+00 6.986001463611125617e-01 -1.312672370805336275e+00 1.557499711226290329e-01 1.197242617371594431e+00 -7.569763697590031759e-01
-6.423196771108135028e-01 1.484641715045753152e+00 8.161876271538792693e-01 -3.648633607852030947e-01 3.500489869812934557e-02 7.991616701902518605e-01 -1.223935847438504476e+00 1.181293463349302186e+00 -1.014241198064141924e+00 1.912571693504941051e+00 -8.516590679029987232e-01 -1.419082810749837442e+00 1.502415735723328760e+00 1.823573929233670843e-01 -3.653010094578136302e-01 -1.894396289248839071e+00 -1.515834423648382279e+00 -1.750142237836914250e+00 5.276788925267947850e-01 7.548741824935667477e-01 3.130381087022431896e-01 1.817884088211238147e+00 7.621133969449928047e-01 8.050060478886619242e-01 7.133098586947909103e-01 -2.043364674962010685e+00 -9.429849837993253825e-01 -7.721048611779039728e-02 3.135219209655388806e-01 1.724781914362700341e+00 2.661632671749816659e+00 -1.045468648868468353e+00 1.532859535902314052e+00 -1.050549822121786547e-02 1.620068642347331223e-01 -1.805507742947625838e+00 3.269282052869154076e-01 4.119680754567480174e-01 1.315350182591005668e+00 -8.790370820865125445e-01 1.966941225107032148e-02 8.072721239958016159e-01 -3.141864863303388544e-01 -5.534238918839076149e-01 5.957723154344456429e-01 1.614441704326945448e+00 4.694916119445178837e-01 -1.185274265599863153e+00
8.391502565111771950e-02 -8.256067141292203759e-01 6.085518232984189479e-01 1.644793891256270679e-01 -9.919118685145701664e-02 5.365114566381563588e-01 1.219752497428710392e+00 6.836236404761697472e-01 -5.887323959883895563e-01 -8.174565110928773137e-01 -1.596167275241131112e+00 8.307327137684796803e-01 -9.582101015266493160e-01 -1.994289223445788184e-01 -1.214359398908729570e+00 4.272535816304157685e-01 6.212805791952537016e-01 -1.326976155292986403e+00 5.556922041160284875e-01 -2.514496842849279989e+00 -3.976083718811011802e-02 -5.300467515982236755e-01 1.690776343373628920e+00 7.019198402297049943e-01 -7.413418307286373521e-01 -2.739425317926375003e-02 5.007420850210464458e-01 2.906612927513018141e-01 1.486032287731784862e+00 -2.941160344026444995e-01 -9.956002819972037399e-01 -2.627680981817362982e-01 6.633385053250081542e-01 -1.675088432543551109e+00 -7.182237372050297441e-01 5.947879549901127216e-01 -1.191015895702731031e+00 -3.248813457827940399e-01 -1.050735203139564700e+00 -6.484391251317664917e-01 -5.455966358122685822e-01 -2.206400969939600609e-01 -5.403644333074644202e-01 -2.408189781705236676e-01 -1.614166280709704360e+00 -1.305899701800361745e+00 4.956042134939973032e-01 5.397632737577605644e-01
2.065421701122885700e+00 8.047969706734715567e-01 9.864153183763603172e-01 -1.405107612675633000e+00 -8.063118473980950274e-01 4.520701261191221315e-02 -3.960874080220564974e-01 3.571354902328318093e-01 7.275413344715664365e-02 8.949577719736778736e-02 1.249070976268013000e+00 3.080686670044460174e-01 6.435730457533297422e-01 2.014401831945508814e+00 -3.806205951993268943e-01 -1.168067961786244613e+00 1.617125825042511122e+00 -2.176817040530646397e-01 3.440653728463996530e-01 7.265893256138433731e-01 -1.644767831864938912e-01 -1.011939556811845886e+00 -7.039654752345568811e-01 6.610017381266598546e-01 -3.348905872421553687e-01 -1.885043057362812968e+00 1.179453583287886742e+00 -1.846097828796842366e+00 1.556358954402544237e+00 -1.479717483529666033e+00 2.558717079098356550e-01 -5.499261689736407721e-01 4.987732103229512992e-01 5.534162041886121486e-01 -1.487192354703146924e+00 5.443299220836482766e-01 2.007808794474195579e+00 -3.053398474807831331e-01 2.121208767345855728e-01 -4.485128921490410397e-02 1.044172682004135710e+00 -3.905768269655484071e-01 -4.365022555533178972e-01 -2.035495559398444940e-02 -2.213537736261080302e-01 1.603078575099311232e-01 5.533295337452150131e-03 4.787267484945958440e-01
-2.168735757141909914e+00 -2.190809406557041594e+00 3.597605887640480116e-02 9.021731079814094834e-01 1.456864365711776577e+00 4.940092839938770575e-01 -3.097944143105217485e+00 4.022131455017624035e-01 2.503386818378046552e+00 8.882205778921977712e-01 -2.800355471695861187e-01 6.763681040546379863e-01 3.747054972960792707e-01 4.623175769877948399e-02 -1.564190535071735555e+00 -7.263895066860107663e-01 -7.486918723131023023e-01 -1.189947639085123798e+00 9.532782767256021694e-01 -2.160786212010096463e+00 3.695534360860044387e-01 7.859409451390605428e-01 -1.780611664947745698e+00 4.879613416886290356e-01 1.134209813003678180e+00 -1.249951089375719970e+00 5.823155104877231203e-02 -8.231069359567828592e-01 2.316142962020181217e-01 1.699318296191326239e+00 8.718060642613094657e-01 3.049503930109654926e-01 -2.931650967899619986e-01 -8.689485672815060457e-01 -6.939998795204297410e-01 7.624120937029539302e-01 -4.065191338603392768e-01 1.548143540984999289e+00 -3.218325634859405260e-01 -7.165795913525526695e-01 -7.225101215357899731e-01 9.117787373366463832e-01 6.986591902360853902e-03 -1.311355014780589245e+00 5.019892467985715978e-01 -2.497373620556577745e-01 -9.626811527433359883e-01 -9.925179482269787246e-02
-2.186385947967525167e-01 -1.934225738309701903e+00 -7.366525229146547726e-01 -6.332195750715223781e-01 4.870552033472866915e-01 -1.843766555962036979e-01 -8.274603454966771299e-01 9.055483145850569404e-02 -1.229410052297598810e+00 2.474441791667930657e-02 1.540061466951786695e+00 -1.685434078564744254e-01 1.812783540744419719e+00 7.910683973943900549e-01 -5.020881784994216668e-01 6.415842328912233494e-01 2.360051272224784891e-01 5.856286003589754319e-02 -1.039930302135968265e+00 1.151754585869843917e+00 1.600001250222979621e-01 -1.006918706494294602e+00 3.949211946121327088e-01 2.545503339717695712e-01 5.651283595674639892e-01 -3.875998798403308410e-01 -6.833358081603387868e-01 1.581241124429837996e-01 1.178367886851535262e+00 -6.510325544970601008e-01 1.250666339451764530e+00 -5.625858895129379755e-01 4.768390311893038191e-01 -5.195321345549049757e-02 8.055852685411090119e-01 8.301671422969955985e-03 -3.987869131746310525e-01 1.711355865723226177e+00 3.446494063216298254e-01 -3.386128726408776934e-01 1.649439366978125099e+00 -3.011817420424204306e-01 -6.543526172267528640e-01 6.151531642754221735e-02 5.594145669286942901e-01 -2.800075663067660869e+00 -1.127977622484956699e+00 1.795243133337236285e+00
8.380369328928682915e-01 2.524415862251306208e+00 1.008668685425085920e+00 1.613509483356317942e-01 -8.386522305094262775e-01 -7.682523161483245655e-02 2.323878314729009575e-01 9.691357414066045228e-01 1.457154203262516212e+00 -9.325542516102378610e-01 9.897053418086961818e-01 5.485451401321680409e-01 3.445756770287012882e-01 -8.306180059258286841e-01 8.501864802050789205e-01 4.720840958404949605e-02 -7.385850764857513351e-01 7.371724144707039184e-01 2.129249111995059340e-01 1.608846017292084596e-01 1.773788999252657428e+00 8.475032855692796740e-01 -2.940016064180605571e-01 -9.002965708379364607e-01 -1.133087233639926916e+00 -2.413879884529048225e-01 -8.514505058185494191e-01 6.154337975976930109e-01 -6.112198716272714272e-01 7.037652920439204651e-01 -3.157621945033822070e-02 1.507448235093584943e+00 -6.696570184075237853e-01 4.323856031470472150e-01 -7.656575985584923583e-02 1.324954630400364541e+00 2.296319715699855490e-01 1.277560172949240958e+00 -1.090467728212311416e+00 -1.084993920210917340e+00 -2.179347935695743477e+00 8.990072626524223676e-01 -1.130496127329624553e-02 -9.511168009206572016e-01 7.678112885368891805e-01 4.180303845400272778e-01 -6.183218033977611050e-01 -4.225127727636372454e-01
9.103479276891526251e-01 -3.917608041663263596e-01 8.986990642368527515e-01 -2.719792329397625608e-01 6.350923010564129001e-01 -7.391283386769256225e-01 -2.450130083291262584e-01 -5.793236682390626724e-01 5.684561084177319756e-01 1.269673364282441375e+00 1.931514146830348166e-01 -1.300007212482750862e+00 -4.317477294447881753e-01 -6.115169214185631891e-02 1.362006188524667039e-01 9.882356331770004720e-01 -9.554284529542497184e-01 -8.644565568169622349e-02 1.608719326667519933e+00 6.440650485821775018e-01 -7.194844353957514649e-01 -1.080592246882305041e+00 7.428103403705867969e-01 9.108025274347389955e-01 1.149446950537425849e+00 1.495446769248856889e+00 -5.963382385547039144e-01 -2.684161438602326033e-01 -1.478014774146352572e-01 8.253270468784796865e-01 1.683454696423553720e+00 1.287204761748495241e-01 1.019168894449445778e-01 2.400270510068824581e-01 -2.828154949898569637e+00 4.754109206079115690e-01 3.581276400146147232e-01 6.978794868007894836e-01 -1.610470220379164874e-01 -1.179496215078871924e+00 1.381152600527386864e+00 -1.080589817934522134e+00 -4.933212002756371395e-01 3.436608023489581831e-01 -1.063852764894255509e+00 1.157991894159401181e+00 6.781502229177619467e-01 -1.237025602672934266e+00
-9.542526927651875379e-01 -9.860628263841679786e-01 9.197662514038782433e-01 -3.275076960651153168e-01 3.712660275063660587e-01 3.456902016385829945e-01 -6.450130418676276456e-01 -7.235261221623925376e-01 1.617830632764110765e+00 1.150051186792752533e+00 -1.385391885840101089e+00 -4.957894781204557622e-01 -1.001508823827611749e+00 -6.208750742819683088e-01 -6.138255305392307237e-01 3.177704423165436665e-01 -7.620412075343812042e-01 1.055918640325064217e+00 -1.696060838775125923e+00 2.325080054215634129e-01 1.342904211131304537e+00 -7.579349761750867609e-01 -4.557771184128264208e-01 -1.282878806476638600e-01 3.045139786089277045e-01 -6.619821866763827556e-01 -1.603828489175614935e+00 6.985175490704479406e-01 8.726053099970884075e-01 -3.857081933623874304e-01 3.097327568763396516e-02 4.095775049098779874e-01 7.761088245322628199e-01 6.389542803210616073e-01 -3.160802224050151543e-01 7.652835851646975218e-01 -1.456067410997457845e+00 7.184514851762658916e-01 2.936586020617841519e-02 2.819119299790706634e-01 6.789710171170409980e-01 2.098753215234306357e-01 -2.004365096681349101e+00 5.532138262120888106e-01 6.427124051985823039e-01 -1.660081955464147441e-01 3.641211332353512520e-02 5.239238201115435922e-01
-1.006281254627265781e-01 2.126058456303212274e-01 -6.809447986165084732e-01 -1.112467224412351907e+00 -1.529377428530954708e+00 -1.004259117001537360e+00 5.520610398943551766e-01 -1.556763573550878632e-01 -9.823761156030416108e-01 -1.064760241381528916e+00 -7.262641001054306877e-02 1.757500422017510111e+00 1.363791054600430375e+00 1.973799373571765159e-01 -2.033168874453121777e+00 1.086293173984330951e-01 -6.590708364603001801e-01 8.090322558614257975e-01 -2.647816693900084672e+00 1.323683116129361848e+00 -1.866028149551529403e+00 8.008554163652837898e-01 -1.866718239118652534e+00 -7.851126217151305209e-02 8.410087175649846314e-01 1.782593943908185874e-01 -1.043932943764288163e-01 -5.104823356188845640e-01 9.362330282382769209e-01 1.463492108283048765e-01 -1.862233468580767881e-01 1.010533721654487405e+00 -7.974150516537774624e-01 -4.028485171215217542e-01 2.818164410082699134e-01 -1.309056390624312227e+00 -4.251523796352949525e-01 -5.720813877523555080e-01 8.191195632175643504e-02 -3.720850355155391753e-01 2.687671606991860473e-01 4.332989538798917017e-01 1.665904728821392122e-01 1.402053267125965563e+00 2.828895308135495057e-01 4.181473650537365083e-02 -4.978453597345010029e-01 -9.050588562131967052e-01
-6.323585440294872129e-01 -1.208554141126664483e+00 1.063305782786009734e+00 1.101678883325991398e+00 2.028770286292842229e-01 1.673431278548187073e+00 2.516147891115109309e-02 4.889891770336120547e-01 2.273839392333146803e-01 -1.560367417918343547e+00 -1.421533546266123826e+00 7.077756353861022198e-01 -2.995125186366072723e-01 1.193191071712690898e-01 2.157379954896310459e-01 3.660939445788394253e-01 1.266943360427585930e+00 -7.525159054780482526e-01 5.465331263727074562e-01 4.539123621685721144e-01 1.194940430260620579e+00 -6.897652163277518955e-01 -2.488814746988944893e-01 -6.472002389846132075e-01 -3.969089476834661845e-01 4.487028695285334434e-01 -1.187080650024576078e+00 1.219093383551291598e+00 9.652545644721216567e-01 -1.300006517114774107e+00 1.742627313002581280e-01 2.387656076331105215e+00 -6.713603183976994682e-02 4.010340660292396331e-01 -3.104529641842617704e-01 -1.218729556244930290e+00 1.586238449307629139e+00 -5.417613601947204316e-01 -6.067818867353513834e-01 1.213041596630676455e+00 -1.872995208570625625e+00 -3.097871051899284134e-01 -1.283414726375937231e+00 1.270569529967153555e+00 -5.972534525067617617e-01 -1.809946062361052155e+00 -4.171231943053070323e-01 5.446720907860845839e-01
-1.857571306156450497e+00 -3.076399095681205398e-01 1.435165920631785996e-01 -6.125312019996065338e-01 -9.264130983270099651e-02 -1.353630067610121834e+00 -7.754405975227067482e-02 -2.546340371636123034e+00 -7.168720072733139048e-01 -3.328965032363015442e-01 8.193752968817004101e-01 -1.053135148793946374e-01 -6.350779166666116471e-02 1.109220067282225219e+00 1.316400798181666776e+00 -3.918958152017835150e-01 -1.138802306812759957e+00 1.751212796585354114e-01 -1.577143767910884398e+00 -5.999420850862799970e-01 -5.726976512866115421e-01 6.616717016385349759e-02 -1.253564748591000866e+00 2.221968247501943772e+00 -3.462237034600335051e-01 -1.402137700244008855e-01 -1.240495739669654096e+00 -1.060472845756138094e+00 3.013500629468850445e-01 1.990621551781763809e+00 1.800914662709925063e+00 3.806375171823468406e-01 7.293366137666180971e-02 1.061389238398709578e+00 7.643888108213354737e-01 -2.825349949499968427e-01 -2.477779038915410570e-02 -9.947140454863727665e-01 1.347454627926579773e-01 2.722694047668406392e-01 1.174325602132154200e+00 4.761768533569197270e-01 -1.222063186845391725e+00 1.542757227748889237e+00 1.217221473546186594e+00 6.518705130166702055e-01 -2.755178406314990336e-01 8.856627368048217708e-01
1.237880441195071679e-01 1.206871777907973620e+00 4.375080126209924258e-01 7.510986597203670456e-01 1.862270660896635788e-01 -5.593762143015641453e-01 -6.455057560569824604e-01 6.638709181109616608e-01 -7.463370992982680530e-02 3.247637991714878436e-01 5.792205234108306344e-01 1.946569354273034735e-01 -1.595010602789466381e+00 -2.036300366866887479e-01 3.892724901365386958e-01 1.824354404031440335e+00 1.489638668592129234e+00 1.393457928112616262e+00 -4.078183555416813877e-01 1.391734253684671963e+00 9.100258003773686877e-01 -9.822779714005259732e-01 -2.414672146573900502e+00 1.271671602117862010e+00 -7.607037474382470910e-01 -3.443576851466945699e-01 9.753948483749774745e-02 -1.335549848005112894e+00 -6.438340780007719699e-01 -4.411001885400549494e-01 3.331446179908618133e-01 1.566347791128646749e+00 -1.044839987838892981e+00 -2.942262380246262188e-01 -6.639943158812164903e-01 -5.644978471755905947e-01 1.153871422089079779e+00 6.874147362025383179e-02 1.966623477647222729e-01 1.969832252741281708e+00 -3.179955918277722060e-01 2.310605657029491500e+00 -1.497393898097392206e-01 -2.354442519864651528e-01 -1.087534371684189871e+00 -5.260876875914003437e-01 -7.894820878112538409e-01 9.278870795670741689e-01
4.124115476002496172e-01 -1.458829647176707218e-03 3.621422747405048659e-01 -1.129438528112377105e+00 4.505465956480437795e-01 2.179531215175134137e-02 1.272944567734590471e-01 2.109907573576741413e+00 -3.628041915177996346e-01 -6.265765412277906066e-01 1.626220448362788729e-01 -5.371458202915195823e-01 -3.755069090511173879e-01 1.168961852217066388e+00 1.798657819146786130e-01 9.110242753191399867e-01 1.392407448340440945e+00 3.189194042655841832e-01 8.553914617418236777e-01 -1.084415233670131817e+00 -7.925452134180045460e-01 3.073371072481989597e-02 -6.041990609354849218e-01 6.079701162164504735e-01 -1.394313808611217675e+00 -5.842050809441288184e-01 7.910284770753891470e-01 2.642090265865996823e+00 1.294519002588176759e+00 -5.817085048428565219e-01 3.840267290214922635e-01 2.304680666153762658e+00 6.669149785322447954e-01 -9.669788124657759942e-01 7.286580178844318523e-01 -3.279178075315372642e-01 8.849956843631342496e-01 1.505151476091471041e+00 -9.797875855119458910e-01 -7.167327663861339238e-01 -2.422809003298611041e-01 1.413459512969639509e-01 -1.214094049972506806e+00 1.729511296267711995e-01 -7.080618753246023522e-02 -2.281452267828798508e+00 -1.136850821342387352e+00 -1.368004980586401131e-01
-1.001724485749844185e+00 -1.342023801939646599e-01 -1.354045167917505399e+00 -6.580142627795144694e-01 -1.222583141463107870e+00 -4.389350532331701138e-01 6.337901571091578701e-01 -3.072517067554489389e-01 -5.054849256121406453e-01 -2.296710471456405500e+00 2.791632316576433959e-01 3.833365970510126397e-01 4.851982831328684465e-01 2.772435653150002732e-01 5.132697952216743742e-01 2.491770636421217489e-01 1.661764555425840229e+00 -6.082350579329044438e-01 -1.669545712948092175e+00 1.266933763572032634e-02 1.190977510031530739e+00 -1.061513868421093632e+00 1.589109135260137196e+00 -6.556008913030900720e-01 8.985883278786687134e-01 -1.157291332454535082e+00 -5.177607709250859891e-01 -1.533921093809654135e+00 -1.182801471788849312e+00 1.248747972589354660e+00 -1.353769633076758350e+00 1.599192844638445798e+00 4.757746465173261496e-01 1.422865190234981203e-01 8.293157119812474276e-01 1.970898092746024011e+00 -1.896366557110422457e+00 -1.201400821642352873e-01 -4.776976064540970346e-01 -1.231710324877244522e+00 -1.720965662889115455e+00 -1.496661404567998899e+00 5.939034333039870939e-01 1.839068122314541642e-01 -9.973237107816385061e-01 -2.637165131565216702e-01 -2.951211235402261823e-01 -1.115319600013163992e+00
-2.030028713347862279e+00 1.270768574367888926e+00 3.188037096543739901e-01 -1.294375291862024380e-01 -3.188514882662281669e-01 -1.069839436297343127e+00 1.012967133060702407e+00 -1.903914130896294354e+00 5.252443377737534558e-01 4.613799902768762617e-01 4.405357257058556963e-01 -1.945601258590187177e+00 -1.228754627129916788e+00 5.811189929545881316e-01 7.582096425254553074e-02 8.406297771282029707e-01 -6.097743671635922347e-01 -1.211260992844227641e-01 3.250440148543452534e-01 3.394231782765874117e-01 9.684587626570091423e-01 -1.641596127397558114e+00 9.462079655585099724e-02 9.744273894685520077e-01 -9.479873214984916308e-01 -1.012460591855885550e+00 -1.922951158904215641e+00 1.325347652405021170e-01 4.493235270236763390e-01 1.423328065485399918e+00 7.464007460464719967e-01 7.397675216097068240e-01 1.904884561477520943e+00 2.337525209068592069e+00 3.199520144804590127e-01 -5.079285599965663867e-01 1.794967816730750565e+00 -1.482031341643984312e+00 4.667502642761429121e-01 -1.421412464304934176e-01 -1.039166969551536424e+00 -1.083422946969279065e-02 2.265342955430155528e-02 6.924151422557206503e-01 1.666017228037764975e+00 4.151853258321859808e-01 9.044192722462540690e-01 -1.682420424040888263e-01
5.570837028703176652e-02 1.449986533275738676e+00 3.741086521186095526e-01 1.903412070067245221e+00 1.314891455201748771e+00 2.029357753930191688e+00 9.953845171235128353e-01 -1.933387429071927732e-01 1.994763453834934586e+00 -8.194964741318051527e-01 8.998921648616678981e-01 -2.357897114465035138e+00 1.104839927605410388e+00 -8.290201779121756376e-01 1.480494659585441797e+00 7.787778562288962814e-01 2.273922055267685316e-01 -5.847040846070836739e-01 -5.775206586106859108e-01 -2.200189971360375085e-01 -6.883396799558464396e-01 -3.134076656093577884e-01 7.970940406912768728e-01 -3.612988398212749197e-01 -3.937998085344604493e-01 -9.032280598379781589e-01 -1.880866235658989583e+00 3.915307315066852700e-01 5.409993315271512948e-01 5.635462283665913091e-02 7.596483796998481086e-01 1.876371168784881416e+00 3.343563608797123776e-01 -5.298707701234042222e-01 1.746239590857823765e-01 -7.299077749637383761e-01 1.030299349937048747e+00 -1.077270653606692719e+00 -1.911406771577409458e+00 -4.527631510335940468e-01 -2.724658865744353786e-01 9.206606582978747733e-02 -1.391534316425176998e+00 3.606702916207395471e-01 -1.359536834168839636e+00 -2.325524222950839034e-03 -1.945268371422328724e-01 -1.891420265730975103e+00
-4.867060746015075545e-01 -3.277473787255391624e-01 -1.690017315786771945e+00 -5.451117508660445754e-01 1.127058008786478549e+00 7.229662063329058697e-01 -4.713366482980504424e-01 -1.128106157119854513e+00 2.334932500996997451e+00 1.991062144763871888e+00 9.569593922257957352e-01 -1.407814874193936416e-01 2.471658741361772105e+00 5.040189863939918691e-02 -6.447610441145578131e-01 1.731530563258407041e+00 -1.133270877594524162e+00 2.332141453062276659e-01 -8.646467872695328127e-01 -1.093423484267821877e+00 -4.653236898228227392e-01 -2.172071930483424396e+00 -3.624282460462151523e-01 -1.026853030933731592e+00 -2.556800917828574993e-01 6.007084285913358856e-01 -4.754777311297039288e-01 8.059356471542185041e-01 -7.236186261520688445e-02 -1.209012240063725319e+00 -3.481974181996931872e-01 -5.202757209710494601e-01 2.907922749209901792e+00 -2.271246584400128388e-01 3.751782625354495998e-02 8.714744653934455298e-01 9.869372019178980215e-01 -6.392463352307998781e-01 -4.617885842701719423e-01 1.063558600697320111e+00 -2.593872987265247065e+00 -2.357166469714282009e+00 7.468569398982397023e-02 1.469263386278620409e+00 3.681657898218614333e-01 2.470430400743178101e+00 -3.343964990964997108e-01 -1.023069124616585057e+00
2.085463085254865567e-01 -9.019842046723598461e-01 1.441879315341609402e+00 2.913627006923513174e-01 -5.057469700240966315e-01 2.976528450866732456e+00 -1.252349222613845958e+00 -2.392431530644220761e+00 3.051729957071412369e-01 -6.748315201447664391e-01 -3.412078890746264581e-01 -7.034894683960668527e-01 -1.985527604622841169e+00 6.817001982827094464e-01 -1.346121041004995078e-01 -6.499286823064552576e-02 7.134140345641277747e-01 9.160882564873190637e-01 -8.027142779727992616e-01 9.336185446044272807e-01 -9.059414233145420825e-01 -1.042309229835407969e+00 2.800356276053879157e-01 5.719663829434835645e-01 2.708538044205008322e-01 1.609910363423171509e+00 8.037796016583138581e-01 -6.674418973475472472e-02 -2.456671074592315485e+00 3.190339216768789399e-01 -6.390395970067556108e-01 5.994386650048424414e-01 -8.613677933719262603e-01 4.167189765634368159e-01 1.174720702224701263e+00 -3.489593435862328730e-01 1.779452990444944371e-01 6.121088835634341807e-01 1.764787731489646072e+00 -1.147788384038613607e+00 4.312139449889516030e-01 2.962476374378328892e-01 1.760332137673374486e+00 -4.231071596788820721e-01 -1.247699574253354093e+00 -2.819236714416272632e-02 -7.400902546835612661e-01 -5.834229029023164925e-02
8.097006717072791071e-01 2.157455866814385725e+00 4.463648172114199064e-01 1.021847573877719961e+00 -7.338108078638913012e-01 3.784981600362437026e-01 3.373704988416290074e-01 -6.635556958700890018e-01 -9.711993375655604277e-01 8.052345047935648426e-01 8.818317312022885268e-01 1.596290276368045047e-01 -4.185422997740560064e-02 -1.240650262240883261e+00 1.128505551570164522e+00 -2.030956988853862999e+00 2.058105157529067419e+00 -2.568732161803825575e-01 -1.065318686705779783e+00 -5.951560167712105498e-01 -8.349873646728669385e-01 2.006544863365173459e+00 4.507302291344716383e-01 -7.223598108525991490e-01 1.922621482042095320e-01 -6.888635623048688927e-01 -5.647454566167627865e-01 -2.651182514082996100e+00 -2.236525689261412708e+00 -2.324131576448263292e+00 2.579487766148426675e-01 -5.125255196117848300e-01 1.344233151056025921e+00 1.880306856847023367e+00 3.716352152508120565e-01 -9.283258174248180949e-02 8.948875501078632499e-01 3.686726031478541055e-01 1.131443211935942106e+00 4.925617686557330899e-01 3.662531836066613283e-02 -9.801383236619189976e-01 1.148794473682149819e+00 3.095190621388971053e+00 8.086444680338119584e-01 -7.457069236034181703e-01 1.456906069490910394e+00 -4.036944780123039034e-01
-4.254087194784683668e-01 -1.644517229254336133e-01 -1.143183267223033095e+00 -2.805237667549097605e-02 3.798136148170285775e-01 -8.231723521750690387e-02 9.309899966936376892e-01 -2.106186166397590487e+00 -2.298031599456058782e-01 -1.069291252488452137e+00 7.507429195003217925e-01 3.013083754740469855e-01 -1.306797002770723859e+00 -1.224914562555360797e+00 3.800301292331297875e-01 -1.521948279291527095e+00 -1.191055949490903987e-01 -6.647461444979367862e-01 -1.519657506710707429e+00 1.141128617960031288e+00 -2.189336145331848005e-01 -4.418244685110262471e-01 -1.179052793650257891e-01 7.163612255310973509e-02 2.855777506469669991e-01 -3.079736463195717130e-02 -1.234113615601739378e+00 -1.879868910431188089e+00 1.642525846399663703e+00 -1.296933880425871655e+00 -8.468418992893611552e-01 -9.825883157647907762e-02 -2.931398415026165716e-01 -1.521295905207132204e+00 -1.262521982472247506e-01 2.191998223306428351e+00 -9.623582857659105372e-01 -1.468461555439871669e-01 7.154577106882873405e-01 5.038228699269361455e-01 -2.863329025075277978e-01 -1.226126793980776952e+00 -3.021608284357802932e-01 -6.734122892429420526e-01 -1.155613904890749888e+00 6.207263207462587751e-01 -4.362986795847538790e-01 -4.821443856026122465e-01
-1.085210735866896314e+00 -1.436269197626463212e+00 2.371771787786053354e-01 8.370095429367727657e-01 1.234266772055001127e+00 9.153297358038565701e-01 6.951964748721750631e-02 -1.029701767127247036e+00 -6.519361323654281337e-01 7.428282894113233947e-01 1.926949050820930542e-01 9.217921231314494257e-01 1.018774567424009236e-01 -1.813964441755719081e-01 -1.513268872271609888e+00 -1.072802199975570137e+00 1.195649338597252420e+00 -1.681924103027203410e+00 -1.647536022411594914e+00 -7.801292186100185211e-02 5.012463899221223373e-01 4.294922197552590581e-02 5.303945605278139741e-01 2.058389906730072827e+00 -3.180391560465637979e-01 8.498291213722289905e-01 4.081639542338488802e-02 -1.297628211441222090e+00 3.540852179722103754e-01 1.393943531058718266e+00 2.770112647108015080e-01 6.752494056570401693e-01 9.654142974896837703e-01 -2.906591626310862583e-02 4.616073045640796124e-01 -1.626201697201597351e+00 2.106160898183988994e+00 -3.820388294131737972e-01 -2.219217413133987904e+00 -1.829509611782432765e+00 1.331077931400872050e+00 -2.223156172699158328e-01 -9.847509235193530053e-01 3.143344860454809209e-01 -1.437479923649227276e+00 1.460401516527298549e+00 1.161031887200524026e-01 2.575385183462352567e-01
1.296280897972760027e+00 6.374008544490554762e-01 4.705801662309852529e-01 -1.002864057272057519e+00 -7.379347518637630055e-02 -5.026812058573545960e-02 -1.312637865752612543e+00 -9.373108203812003936e-01 -8.776708515714047865e-01 -1.896981571350044582e-01 -5.178645782226181105e-01 1.564753336218137336e-01 1.710899267955592551e+00 -5.164308683876221995e-01 1.407796912230751873e+00 -1.847752909412351929e+00 7.058497062242160558e-01 -1.535869454792040179e+00 -1.117384673908529136e+00 -1.018540050586409063e+00 8.818892008095670088e-01 4.819198222586300040e-01 -8.524393227163403752e-01 9.204472525160075635e-01 -2.652122678359511432e-01 -2.580473554486095722e-01 -2.352323545854186904e-01 -1.002177293989592322e+00 -9.339725101712561539e-01 -3.156718327180410011e-01 -1.066991636419589717e+00 5.420196156927674647e-01 1.644401714324877917e+00 -8.945095458557551504e-01 -7.889516865336695939e-02 -3.047109534801243913e-01 2.965744723589572862e-01 -1.503291698161934198e+00 6.436967627853497353e-02 -1.299915488329243640e+00 -1.554658903896557476e+00 1.427766193531300118e-02 3.770449019337530211e-02 -8.384903903102488565e-01 1.689716435841205344e+00 2.835929876744198719e-01 -1.185936532745789362e+00 -4.213015911389123014e-02
3.535100452137512200e-02 -2.453657597168381610e-01 -4.990507261687782137e-01 7.560596673984844029e-01 8.121184793934352886e-01 2.639580124868419198e-01 -5.111575523198623738e-01 7.456272181996359549e-01 3.024697117507654465e+00 6.543174607370771945e-02 5.104089486089557343e-02 -8.715549707985292827e-02 -1.883197455049784308e+00 5.062055642338417760e-01 -1.206057530627019148e+00 1.717415504230214163e+00 1.702698658693271028e-01 -6.865264595985581808e-01 6.163462121388563197e-02 5.939883186558736483e-01 4.675479462062632208e-01 -2.602135364842740328e-01 -9.372677441456656044e-01 -4.279382815199366252e-01 -9.058552848814004355e-01 -5.702306891496992103e-01 9.934256782426721388e-01 -2.762306118222727092e-01 -8.581788697360777374e-02 -1.747512612065830195e+00 -7.229175513897435623e-01 1.792321187168944563e-01 -1.218889056174997931e-01 -1.399648463126345332e-01 7.075244459441036859e-01 6.188059830722644206e-01 2.912904375819432290e-01 -9.897343360977303162e-01 8.149680980714999468e-01 1.275613912162809394e+00 -3.042382116097546718e-01 7.495121826548903909e-01 6.525678670751426658e-02 6.730419600126585911e-01 4.536435344394541547e-01 -1.883457446809754521e-01 1.114622720441819315e+00 -2.178731380748656132e+00
-2.096954855755706060e+00 -3.962399951067711590e-01 -8.289653736589779054e-02 4.240226701035306744e-01 2.036094541492321497e+00 3.666745565228789472e-01 2.292495308157544986e-01 2.514438890178110952e+00 -1.345223622658630047e+00 1.889874335689074036e-01 3.304646504889809933e-01 2.593874336813979387e-01 4.913891763988974537e-01 -4.036705729759690886e-01 7.872415105987731754e-02 -1.187452018391845110e+00 -3.929334658711530759e-01 7.712806805927113762e-01 -7.703840373893091620e-01 1.918156267293988915e-01 -8.632707837588816657e-01 -1.190018991940658299e+00 -1.900544680608933223e+00 1.343632103380927589e-01 -1.672383557283981803e+00 2.102014309813248286e-02 -2.514080560784011098e-01 -1.432674696291569960e+00 -9.241313038468250418e-02 -4.214277342584223374e-01 -1.741401136825322382e+00 -8.026385495788036506e-01 2.214578759225990012e+00 1.578976948674940983e+00 -1.626281221870269578e+00 7.671578620854425656e-01 2.312136433818698933e-01 -2.941628358087211570e-01 -4.737584462104494354e-01 1.202619040402168847e-02 4.824389321878354009e-01 8.838638208476889968e-01 1.632374187514440855e+00 -4.973631753322485527e-01 -1.534835661862253176e+00 1.049956814231567670e-01 1.207227601958488883e+00 1.308300598031110429e+00
-1.069148473461771637e-01 5.718492041413455462e-01 7.466106234840871880e-02 -1.608412757367395640e+00 -6.986191526577774091e-01 -2.217138785607446760e-01 7.910137641466373770e-01 -1.157673842696458483e-02 1.787115598955924201e+00 4.961754528171409273e-01 1.367427786400895462e+00 3.074971093557720726e-03 9.956242116528272179e-01 -3.309756007075590478e-01 -1.521062225867203965e+00 -1.777823972756751747e+00 1.758551031125490605e+00 6.607824463741489573e-01 1.078191585248502005e+00 2.696521430560400723e-01 -4.336967708401263111e-01 3.478766341807741358e-01 9.224130888112747062e-01 -2.469787699889829824e+00 -1.937921265755894185e-01 8.893821520918986090e-02 1.174036280407910471e-01 -6.498948532836271719e-01 -6.226247068422870873e-02 -1.479577551438590710e+00 -5.787869308839759253e-01 -7.928630906538879364e-01 8.592575949484456688e-01 1.158476905454295380e+00 3.379551750258289466e-01 -4.460207452894570657e-01 -1.351935906427112477e-01 2.423621382831646007e-02 1.034686888960799633e+00 1.392929904259974538e+00 -9.459915665559133213e-01 -1.006455924655349499e+00 -4.671832502453029390e-01 1.196256341240762078e+00 -6.696929245170563094e-01 -1.550651514971805034e-01 5.106384956399873110e-01 5.696570656900068474e-01
-6.528967892116861460e-01 1.638671140287248640e-01 1.279351354123667017e-01 -6.744367305476572927e-01 -8.432284489103689662e-01 1.260807135594107953e+00 9.955161897573467922e-01 1.098678739654391334e+00 5.749089464087756562e-01 -4.136672886774446223e-01 -6.699176308084403564e-01 4.612193793095011318e-01 5.454769072151788301e-02 -5.379309298260332994e-01 1.873540507398839235e-03 3.727228508550026881e-02 2.129759974530346156e+00 -2.612907075010521218e+00 -1.229961887493883355e-01 1.509969569516742327e+00 -2.466419020212922419e-01 8.007500879365516688e-01 8.233789661727747289e-01 9.596339647961746877e-01 8.193590434277372436e-01 6.407923402240051081e-02 -3.556722180398643185e-01 -3.238875146385260528e-01 3.174742430309660524e-01 -8.697647659516795082e-01 -1.903081379833840847e-01 -5.616734477672343795e-01 8.807965752084644384e-01 -1.765441208999539158e-01 2.073478810533290417e+00 4.856315298899708810e-01 1.908792058975709471e+00 1.438808244330455066e+00 -1.632544259723087254e+00 -6.309185674703456925e-01 6.485415874345035192e-01 -2.509765167271264530e-01 -1.469465070569421772e-01 -9.574101758203338308e-01 -1.032380408577013187e+00 9.798501637788155083e-01 -3.104002665485446344e-01 2.004644946982932829e+00
7.298624626529606196e-01 5.537733061514543698e-01 -3.105541968830216160e+00 -1.761992777688976552e-01 3.457466442668384321e-01 7.024799760535721527e-02 -6.295408002463800945e-02 7.756054210515250791e-02 4.146331327612968187e-01 -1.173760239432859231e+00 7.745366958616378694e-01 4.905165878601308593e-02 3.090876101605629089e-01 -4.753246913019161801e-01 -1.623259159045876032e+00 2.412032877851006674e-01 -4.110832968471019866e-01 6.231674879510236131e-01 4.547941066774955146e-03 -2.598959766403143370e-02 -3.750912970775507338e-01 1.118105900532985197e+00 1.005900378707255349e+00 1.075192806961945857e+00 4.543796910889031926e-01 1.626837444519428022e+00 6.649684253113415933e-01 -1.850474688051655603e+00 -7.266730693598245916e-02 5.860260849353945423e-01 -4.380556816160016687e-02 3.305785064306729915e-01 1.794382059585724054e+00 9.133403565734550533e-02 2.061430055581136678e+00 -5.482864284292582324e-01 6.568638245182529811e-01 5.604029877478932109e-01 8.812525318848898337e-01 1.342108192321805671e+00 9.180635712707503338e-01 3.787676176615841217e-01 2.522431977780620338e-01 6.359630281271667629e-01 -1.579187021283885439e+00 1.287062141499963452e+00 7.651940124918108488e-01 1.359884023533286967e+00
-9.287361774961382377e-01 -2.785114272919980150e-01 -1.643789159425136925e-01 2.352334936560336320e-01 1.348992532254670307e+00 7.590726183936180593e-01 1.291398715582541823e-01 -1.072083853165130662e+00 -2.191088239493464360e-02 1.904519945761125321e-02 -1.515750523571343655e-02 -1.402941772865141656e-01 5.178357761961294159e-01 1.373106802594129761e+00 -8.721991965866972008e-01 1.400978836583044278e-02 4.669716397625908177e-01 -1.119056155240762962e-01 -2.590900253522543384e-01 1.788086399246921199e-01 -6.842885454055579464e-01 -4.281850838958612959e-01 6.423643230063860177e-01 1.625678904157163429e-01 -1.763782302146219783e+00 -1.932285316351772808e-01 -9.248901740878696653e-01 8.466988100089654079e-01 6.612586748165811823e-01 1.082103888230037780e+00 1.299220476106394573e+00 -4.689981663628484676e-01 -1.320358097217964932e+00 -8.872323521007959846e-01 -6.196486803367179386e-01 1.687121711063061247e-01 6.340738142383662845e-01 -8.762369300546416495e-01 -3.796020310569900857e-01 1.638008029680902089e+00 7.999686534654433245e-01 3.132098758334887822e+00 -1.390385473243644476e+00 -1.165312151504374283e+00 1.266414193518142106e+00 -2.044694808114305984e-01 7.359259682527983237e-01 -5.592785400414694852e-01
-5.910865889722006772e-01 -1.683304923915175753e-03 -4.834698987989131669e-01 -1.441145388114744685e+00 8.311581588043481794e-01 -2.635017078885999897e+00 1.861355043295044087e+00 2.521986033715514219e-01 1.765445655402373415e+00 -7.735428763938865249e-01 -2.890785710554039656e-01 -3.573514827721655518e-01 3.129007885154705404e-01 5.563168699052393196e-01 -8.099094592539259896e-01 5.910731616070321603e-01 -5.968702597757984396e-01 1.374786624649083189e+00 -4.746797531762070310e-01 1.974090247437708445e+00 -7.119496140032403053e-01 1.745433698788333654e+00 7.809079817077048125e-01 -1.010021295650852802e-01 2.427656348414865273e-01 -7.089824637266137763e-01 -1.470015027515767791e-01 -1.447891562278739302e-02 1.208228683318777419e+00 2.596075197502679899e+00 -3.387833227884883835e-01 8.788253099244398570e-01 -6.045558446444544431e-01 9.633113745571826314e-01 2.560809984750705981e-02 -7.923809353445987469e-02 1.917299064275177933e+00 -5.152571750111670790e-01 7.955583508864062514e-01 5.193258320046286736e-01 4.393033207404796192e-01 -7.003863087889754535e-01 -1.399033546009900986e-01 2.909207794400661129e-01 -7.273564736870032910e-01 -7.180184349017550982e-01 1.651703692053412054e+00 2.042114334829972788e-01
-9.777660843271615554e-02 1.406961767637668059e-01 -1.713641784808807467e+00 1.443040862193574414e+00 -8.703729038519766870e-02 -1.864904570312810594e-01 5.829177721383946853e-01 -2.034889773578436034e-01 -4.112247556244746360e-01 2.140899229958280470e-01 -1.404402652119725037e-01 3.216816489826672121e-01 -4.843161300216195508e-01 -1.197027260907292501e+00 1.165316662369920930e+00 5.881835819285797795e-01 4.486952844543643133e-03 7.539944394885467194e-01 -1.446677945285595568e+00 -3.936100932207428627e-01 -1.648905285094551587e+00 -4.854533896343032340e-01 1.096877207018526423e+00 -4.916096349364104667e-01 -5.886682120820891928e-01 1.618861626562110523e+00 6.247978250375861853e-01 1.489378803910196003e-01 -1.126295610394194707e-01 9.443165765426690950e-01 -4.456787298553602783e-01 1.668134536126924250e-01 4.465293101496718986e-01 -2.826579008310068919e-01 9.545049238420590457e-03 1.417488815016584747e+00 5.164951640428006030e-01 -8.063068574727866311e-01 -1.306702590785003837e+00 -3.568544631113276799e-01 2.205508819916691454e+00 -1.256923241617818432e+00 7.382716391782241372e-01 -6.238426699114867358e-01 -3.916773180037491642e-01 -6.981030290622008971e-01 1.966038310056639760e-01 5.136783935288045111e-01
6.238641179844587326e-01 5.445619616632468851e-01 -2.556056591924022570e+00 5.695091800423899286e-01 7.061021709979066197e-01 -1.244870873587865079e+00 -1.580948995452281514e-01 -1.376663439898865970e+00 1.867189677184449614e+00 -3.788478464075629160e-01 -6.929768355310674810e-01 1.278248953179688785e+00 -1.160872842071506206e+00 -2.504628438720055139e-01 -6.860930244764420483e-01 1.575998666810213000e-01 7.416578869823684528e-01 -1.388798993369262158e+00 -3.264431847923899843e-01 -7.354863081338434139e-01 -5.768986143588898940e-01 1.644224986935785671e+00 1.683415844697164765e+00 1.331564717189390734e+00 7.524847609664303549e-02 -1.110297156317044953e+00 1.128870126481586578e+00 1.736266081857552601e+00 -1.316833734353034524e-01 1.094249057531456293e+00 3.716801459335707797e-02 8.604355758842162638e-01 -1.021004327698807224e+00 2.019092062761448592e+00 -1.207675319904865541e+00 1.314168858086636194e+00 -2.178303954504705320e-01 -6.149555092100610354e-01 3.973991140844091996e-01 -6.181392054549118553e-01 -9.890276835456177085e-02 1.032050143429338762e+00 -4.142752010309489474e-01 5.176449179751887453e-01 -6.660454843764549437e-01 -9.360630961159221997e-02 5.382845156514807217e-01 -8.918124322886628041e-01
9.580011442452930348e-01 -1.805620069647852155e+00 -1.687342113438726976e+00 -1.577836695315844029e+00 8.397321797351549044e-01 -7.191152250896448717e-01 7.294855575010207316e-01 -1.377878342967685243e-01 -5.721851853892574447e-01 1.518021588393390520e+00 9.251911261083443083e-01 -7.238735212278478715e-01 -9.328318485587125952e-01 -8.569436275884212417e-01 -1.366276523964720546e+00 -3.603341364582745860e-03 -4.795007465692499027e-01 3.216945790805475713e+00 2.489756279752731311e-02 -1.271130683241079362e+00 4.870702789586384140e-01 2.498870308341661628e-01 2.672370458787138303e-01 -8.486990310174069574e-01 6.801388124210437924e-01 -1.592437745355900214e-01 -1.507432907122387145e-01 -1.684915077557390950e-01 1.672709756873452802e+00 -8.610921829360373980e-01 -1.095283557229397298e+00 -3.997807166392260969e-01 4.217344519754394616e-01 -1.071996115356486312e+00 1.329281968708478257e+00 -3.463499768300096204e-01 7.459692760491780650e-01 8.662134345212567366e-02 -1.238259016766044690e-01 -5.810905293281755091e-01 -9.012485689389287957e-02 -4.516779629781187411e-01 1.559068150554102861e+00 -2.784064192538112104e-01 -9.999673803462210131e-01 1.573482843279694121e+00 -1.121240412462940261e+00 -4.479489618857616651e-01
6.074184290606267078e-01 -5.967628057279874554e-01 -5.200555725023721099e-01 -8.866776886173283190e-02 -1.584476574574003704e+00 -5.842068043789178100e-01 1.077784762849205880e+00 1.053656386652792376e+00 -3.038602425894288972e-01 8.784468786346386615e-01 6.091892809334676917e-01 1.340034225643945920e+00 -1.761286027231375936e-02 1.403944663312034713e+00 5.130213903937178577e-01 -7.164092018084355917e-01 -1.536383279659216061e+00 -8.264443455956908824e-02 5.599122721218317000e-01 9.513296018239796314e-01 1.297731332550944083e+00 3.988918706154755411e-01 4.361228559314368758e-02 4.324375930698247661e-01 -1.331956960911047982e+00 -1.086020511333286809e+00 5.490869078090416799e-01 1.954917160860543124e+00 1.394030337950334097e-01 2.009875742608340676e+00 -8.966628726617135170e-01 6.907723388752781135e-01 -5.887334421981051946e-01 -1.689715641491725151e+00 -1.465073091938926764e+00 -1.128067912948352181e+00 -6.142456492551012781e-02 1.086342504610256776e-01 -5.719971776189454182e-01 -2.282249811967648201e-01 8.534179799323539095e-01 -1.283148313647473504e+00 9.651895015332577765e-01 9.934221305335196872e-01 1.144939946197363279e+00 -7.374352079551377281e-01 3.880102164908055817e-01 2.385926165600233517e+00
-8.128755261304837498e-01 -2.800474711742684947e-02 5.518888014765678252e-01 -1.479993225935271717e+00 -8.839681753715304957e-01 -1.110551531980496165e+00 -1.855613873054207802e-02 -5.738822581239780840e-01 -9.754376291591085879e-01 -1.252075397212672470e-01 -4.307358637672337176e-01 -1.747007299045075346e+00 1.557961703400697340e-01 -2.195763759450194974e-01 1.216564350248408477e+00 4.023679850941077052e-01 -6.473451999984844996e-01 5.218399055195620528e-01 -6.391767783366093525e-01 -2.478805752267203011e-01 1.114252742576185229e+00 3.124991614722635869e-01 -8.067361063611527827e-01 -3.213216466750815403e+00 7.400497068822622371e-01 -8.506557117102552246e-01 -2.999075210200569774e+00 -6.181242718066315422e-01 8.337047199755007743e-01 -5.198849143339122625e-01 -5.585098645188618649e-01 9.533279349853498452e-01 -5.088301189492767662e-01 -1.919761973086590912e+00 -3.017988116021167594e-02 8.885549990988558799e-02 -7.292292570103455773e-01 5.191613323479465913e-01 3.897433945325856630e-01 2.174133480428651399e+00 3.322324267137602982e-01 1.658085724021761909e+00 1.802740216800529094e-01 1.134520824405829131e+00 -6.306225803234677407e-02 -8.475156010030880926e-01 2.118991088074369866e+00 2.190408346718761390e+00
1.854209147951098313e-01 2.792574683962781301e-01 -1.732660174336852488e-01 -4.815282424378280468e-01 -9.169523765719925779e-01 1.246559855408468476e+00 -5.144643163878082071e-01 7.494564967056903670e-01 -2.436110426941146823e-01 4.744451082136217357e-01 -2.181745361024033658e-01 8.495139388791019819e-01 1.219201095416767577e+00 -1.588834369162396565e-02 -4.820297250077985596e-01 -1.574012915256775558e-02 1.516164267566993129e-01 -2.461924306746421820e+00 -8.268964872383305353e-01 5.354857825596910370e-01 1.546827611885386589e-01 -8.530546110211191246e-01 -2.124921128164631412e+00 -4.707141253206399006e-02 -1.439253118131178233e-01 -1.246662822256466630e+00 -1.542355628988167471e+00 2.222758141316726554e+00 -4.874003516466818287e-02 -3.014726545878835262e-01 -2.809224806113095885e-01 -1.582989944145486438e+00 1.324383965332891266e+00 7.141611627697215248e-01 1.009786609728669404e+00 3.895160960664077465e-01 -3.419815297078930283e-01 2.569840230294477557e-02 -1.173166233607180642e+00 -5.418931398818140899e-01 -5.996463567004128858e-01 1.289771305197490170e+00 -5.141611287243090522e-02 8.162846970764456866e-01 2.084921775531656252e+00 -1.246272290188749743e+00 6.390508914581947142e-01 3.220124209488025580e-01
-1.041971343959703811e+00 2.151512191272538566e+00 -3.467987451974763879e-01 1.007373090934723381e+00 9.099233315897212182e-02 -1.107116303762226917e+00 1.819687645383827546e+00 4.070646030146587435e-01 -5.141406399554157014e-01 -7.019738925910496974e-01 -3.901958637289021370e-01 -1.422231536519769746e+00 -1.123668342086233451e+00 -7.900661069193433139e-01 1.183455816575714081e+00 4.647769406517455182e-01 -5.345647998593455741e-01 -6.264137929278315031e-01 -7.745669282912129305e-02 -5.385337988595744196e-01 3.898867548440803077e-01 -1.460454841743721310e+00 5.376143721205102199e-01 -2.421671005690108347e-02 1.268255992571846846e+00 8.717628035921560770e-01 1.133651596428523867e+00 7.784631906843973992e-01 -1.497211540300812938e-01 -7.735308850220683485e-01 3.951666241586903605e-01 4.093351695041525518e-01 1.285132380183772405e+00 1.082202573646702699e-02 1.801523021849080752e+00 -1.182712686708219108e-02 1.409354464051745914e+00 -2.760582607617445908e-02 -1.409328919309978501e+00 -1.695795538059462926e+00 1.057549831042872368e+00 1.389676598776707017e+00 3.553010903244202545e-02 -1.252380297209895188e+00 -1.727674985642210892e+00 -4.674043847840576166e-02 1.933243507693040153e-01 -6.019401397216986860e-01
9.066831892156264061e-01 -4.897636443573795684e-01 -2.065692457381589076e-01 6.753534382676609216e-01 2.319823122129230253e+00 -3.959005242477462577e-02 1.539786042592103499e+00 -1.903958166185636625e+00 6.575230424109070881e-01 1.752209093500099180e-01 8.190827136180213186e-01 -2.303618822477962347e+00 -6.213082196223745912e-01 7.030095321632353622e-01 -1.000011991857434390e+00 1.057033486669261668e+00 -2.454650918609115440e+00 2.658331517429621815e-01 2.785029195362818608e-02 1.151402774617924819e-02 -1.909419501008490672e+00 -5.667714454736535457e-01 5.385430504733484947e-01 -7.463309106985143160e-01 -2.535236371334638125e-02 -8.835258355394870478e-02 3.612685299725789667e-01 -7.397040206907826709e-01 -1.037810853524201438e-01 7.567059717242410333e-01 1.690021236829559292e+00 1.240990919124540071e+00 -1.506346889973892544e+00 -3.202311161598681566e-01 6.637281605330357104e-02 4.290572069390963250e-01 -1.838108732525000510e+00 -9.875653687375954282e-02 3.775649139041273861e-01 -3.186461195890210041e-01 -3.855633396727354834e-01 -2.188536374486547142e-01 -1.882020776734623313e+00 -1.200125573336268126e+00 9.949062561306484254e-01 -2.625464781680105220e-01 3.795272909127994643e-02 1.613849736025385617e-01
1.166135982246688352e+00 -1.089691938100184609e+00 4.681584728513320526e-01 8.571537647195485166e-01 -4.169296602649465999e-01 6.914617026553249168e-01 -9.384765960441853183e-01 1.519190980166520211e+00 -1.977754382147530743e-01 1.245863071302573677e-01 5.047259657748260908e-01 1.788297580452179458e+00 -5.189144369260340062e-01 8.379685001061685234e-01 -5.632046711050213705e-01 -2.490424234343308285e+00 -2.627291922501547861e-01 1.940402128469153498e+00 -3.549315966093470887e-01 -2.132221814510573132e-01 -6.972483014678487745e-01 1.182132378795231364e+00 2.003830198038071900e-02 2.340707915540795325e-01 3.256414029132558702e-02 9.803459047751286182e-01 -2.788594005243770838e-02 -1.591739733150210556e+00 -4.891134026219963182e-01 -6.782628414451394860e-01 4.120921485872862111e-01 9.131888705182646948e-01 -1.066912842497737657e+00 -1.613081995086447673e+00 1.674545212458214971e-01 -3.567067528702043688e-01 1.089593420841914684e+00 -8.968799046517441642e-01 -4.698546344408217612e-01 -8.062713376083585626e-02 1.502410790322074252e+00 -6.429103737796627582e-01 -4.063424860012826434e-01 -4.309712355596802547e-01 -1.001047748034222806e+00 3.610824385009951398e-01 -8.735166456246921118e-01 -5.913304213003263143e-01
-1.225353440471815131e-01 -5.352789169729192942e-01 -1.409092152025835265e+00 -1.216515688850581478e+00 -5.565788856801944240e-01 -2.235488226363492537e+00 3.771502264359502532e-01 -8.650586930309893674e-01 -3.742185340903773638e-01 5.161860994933089586e-01 1.453565471679151955e+00 1.225623269264169091e+00 2.209797231293076702e+00 3.202477895322118628e-02 -6.157224925534152682e-01 3.394235533496779977e-01 -7.021551883981659303e-01 -1.235376122365110518e+00 -9.250506056965145385e-01 6.705203162720132504e-01 -1.170306383105064851e+00 -9.022756011492194528e-01 2.601320184101538202e-01 1.042046147551960011e+00 1.940630643165583535e+00 3.401961033315033939e-02 -5.187433304228058484e-01 1.961689071963058362e-01 2.903629376829609310e+00 1.193641605600011424e+00 -1.555101398294461978e-01 1.255673826503391766e+00 1.097825246893636031e+00 -4.072697858423934281e-01 -2.684856577458374916e-01 8.833036952691711852e-01 2.735464528312869792e+00 1.376549097598817051e-01 4.064532407816103254e-01 5.726714292461392297e-01 -1.024160125376443631e+00 -6.664064095741935034e-01 -2.513978695131913743e-01 -1.050026864442101943e-01 -9.921085128633411188e-01 -9.053573105484871153e-01 8.355155227373681909e-03 -3.514673033649422934e-02
-1.442779617567135242e+00 3.201326366238637644e-01 5.786762134555135662e-01 1.669441284537141745e-01 3.051237360564722917e-02 -8.751098855697995171e-01 7.823777116388513919e-02 5.793398245742030772e-01 1.390945241603821048e+00 8.150159074286065231e-01 5.539003308509351520e-01 1.005500682661829348e+00 7.610875263388461320e-01 -6.967536442785770001e-01 -3.167783367029503028e-01 5.562763758212313503e-01 -7.017247169068450141e-01 -1.718762991859060563e+00 3.561082607739115558e-01 2.898916200283602196e-01 -8.862660079955907433e-01 1.614872106374004357e+00 -2.551799071731881141e-01 3.968188260029103520e-01 8.320779492954148981e-01 8.933321307067174089e-02 -1.675416007321838929e+00 -3.630991861161459444e-01 -5.398316164875950340e-01 5.189923384126869932e-01 2.135612093428253533e-01 1.191232163750272299e+00 3.490120483509915328e-01 4.373316161987402667e-02 -6.852353745675336949e-01 -1.378396469656867129e+00 -8.566055446649106786e-01 1.705232231755425154e+00 -4.024301521309666119e-01 -6.506191181347936725e-01 -9.647195573471772923e-01 8.258369960000724319e-01 -1.386013897786454008e+00 1.430755701562279048e-01 4.829073894557983637e-01 9.648493176582296771e-01 -5.684665819589764801e-01 6.386707536526501361e-01
-1.963192913002657969e+00 -5.120058245984638878e-01 -8.140033438632177099e-01 1.440666305505836409e+00 1.089941463427767987e+00 3.963465619989463007e-01 5.541038332119129217e-01 -1.020632497596751093e-01 5.391476303717681606e-01 -1.086000457812984710e+00 -2.367505080722680788e-01 -1.401726605154060890e+00 4.878494159121664064e-01 1.787924919067712323e-02 -9.106090322804121229e-01 1.751597264519490160e+00 2.225843401114402653e-01 -1.493157010654598271e-01 -3.520574460459187649e-01 1.418830633684450282e+00 -2.470251050126526793e-01 -1.076218572671692186e+00 3.005334021859725757e-01 4.779797733164280471e-01 3.927161690009136619e-01 -1.037771802525472520e+00 -3.332956126443838984e-01 -1.754635238744813586e-01 1.595262526198672814e+00 -4.279119284641828558e-01 -9.079055435277672004e-01 -3.493507410824374104e-01 -3.882052054518604911e-01 -1.274271915958124224e-01 -4.807662534409939403e-01 -6.027011179740353608e-01 8.494442950022474959e-01 8.472247997465680580e-01 2.059484232459265207e-01 -1.345269571708431755e+00 -4.590241058330114532e-01 -1.615652367908209097e-01 -7.348505411661395703e-01 -1.232892365408231772e+00 3.742415852491624562e-01 6.963366682796900964e-01 -6.486172390532234378e-01 -9.509588567252111879e-01
-6.085745454060289550e-01 -7.351140107262302825e-01 -2.132620156677454137e-01 6.559856067310498862e-01 1.289713012072899012e+00 5.081016011111181285e-01 2.169524782357120429e+00 1.678575174390485980e+00 -6.095813265094404132e-01 -4.903952544617406484e-01 -1.740241154477503993e-01 1.856569534418645584e-01 9.178145506829882283e-01 -1.379367431941755373e-01 -1.035904774175084447e-02 2.066412884942395722e-01 1.830836058953874579e+00 -1.067694513878745477e+00 -1.301416165863915342e-01 -1.850210361657806113e-01 -1.996349529849542837e+00 -9.250936439124222144e-01 1.897050321494020697e-01 -5.342583172686737880e-01 2.892247358832634729e-01 -3.517638161338597635e-01 -1.212369627317794407e+00 -2.663754063080248646e-01 -1.470364192462815689e+00 -1.415754764257028508e+00 1.726180750438263800e+00 1.345557733937781553e+00 8.022672059251423349e-01 1.925677449704603361e-01 -1.321298398725329060e-01 9.684248611564097442e-02 -1.524024782397253919e+00 2.522266217085928491e-02 2.303157747676888301e-01 1.089428059149203154e+00 -1.938779263986813772e+00 -3.955266912086334297e-01 1.040834181388997637e+00 1.251342875322867476e+00 1.718320829812812756e-01 1.110772756674040185e+00 -1.003022927849398949e+00 1.479725038246469060e+00
6.278435410501681524e-01 2.524558890520327559e-01 7.085747474438757187e-01 -7.468084382053526982e-01 1.059155630369404744e+00 -9.499405889704380934e-01 8.145450420466736341e-02 -2.074402250428210248e+00 -3.543003074449138090e-01 -1.660387042034068061e+00 -1.176031962657354324e+00 5.968541142542146440e-03 -7.851291904604073002e-01 -1.912640995665985388e-01 -1.606684052376586846e-01 -1.320628061100999284e+00 3.952461312296449703e-01 5.521757829445301802e-01 -6.412669710867279216e-01 -2.462596017715196761e-01 1.745475129247766377e+00 7.255714409869761239e-01 -1.884844263707694534e+00 -1.029885224342275696e-01 7.693824800514819096e-01 -2.385466346474566790e-01 5.332160350473764965e-02 5.382648893521888578e-01 4.014319532140036562e-01 1.383842392653470144e-01 -1.488132549971433960e+00 -4.992905552686514592e-01 -7.053899602564451810e-01 1.247469957114567762e+00 8.784908233557582324e-01 -2.230477755513896876e-01 -8.598608802476702673e-01 -7.306364931927322726e-01 -3.487403137177365609e-01 1.238448159804068194e+00 -7.163857446816375429e-02 -5.506198400439494822e-01 2.285249614592033129e+00 1.494988599513208838e+00 4.245929328113995371e-01 -9.229210957899565415e-02 -9.421389198809432264e-01 -2.925750070329086738e-01
-1.235445909087811989e-01 6.039200836024430918e-01 2.957081685894833889e+00 7.509542283265078222e-01 1.949862565426465189e+00 5.834272505754540816e-01 6.263136786111574983e-01 4.620110535725230894e-01 -8.766751945827545578e-01 -9.136350452854158366e-01 7.674751878096082447e-02 -5.619316947479292557e-01 2.848744907186604447e+00 -7.824521893001238348e-01 -2.264071378595299944e+00 -2.575703391515871132e-01 -1.301415593909818647e+00 -4.091256242099304274e-01 2.779070809616869808e-01 -1.435413120653602270e+00 1.031064160429103316e+00 -1.339320459438792632e+00 -6.289311427312617164e-01 3.609354082937114017e-01 1.223950062198514210e+00 -1.684041743844821415e+00 2.735435486698931801e-02 -1.314884242538683967e+00 -3.444011952885237537e-01 1.686141040308667627e+00 -1.349226774888384384e+00 9.471047099557864390e-01 1.559216955299174145e+00 -2.119276615142274001e-01 1.046534425399711754e+00 6.664095039253350450e-01 -1.470957655838559752e+00 3.934884678502298394e-01 -1.524849968908895959e-01 -8.375357419454777796e-02 -1.712987011632729206e-01 -1.133316505529516904e+00 -5.670271739155450241e-01 1.136714941793553146e+00 -1.172357026047970763e+00 1.604005794103102067e+00 -1.057423436695762664e+00 1.166915467649427329e+00
1.431517557075089875e-01 4.774424597323124325e-02 1.375851169734139789e+00 -8.434403247048518626e-01 -7.436087489307097176e-01 1.451388536758685399e-01 7.766256042445747187e-01 7.339376050156123377e-01 -5.122157778153891422e-02 -1.095705444366409598e+00 2.194605653522343935e+00 -2.150769153949481233e-02 -1.276558943961193959e+00 7.543683299855466484e-02 -9.757101893938734394e-01 -8.272073084882267668e-01 -5.360730495308705379e-01 -5.407307229923310476e-01 -8.034654310454905080e-01 1.414276294216417762e-01 2.204680272163745680e-01 1.029678089935567087e+00 9.821662457646247457e-01 -3.782150954917901653e-01 1.414572650210291549e+00 3.184787289021370205e-01 -1.817145027284074565e+00 -1.221242302375908695e+00 -1.363694832079462405e+00 2.198850085421874212e+00 -1.589723794816166658e+00 4.782277964954490673e-02 8.697992383127912674e-01 6.686780851862319519e-01 -2.275148255592729818e+00 -3.478770127625097075e+00 9.751158053038772033e-01 2.034047301088441007e+00 5.338538911667870535e-01 2.047570244319532884e-01 -3.078716056989018734e-01 1.319797062849108749e-01 -9.263709179236284674e-02 2.022269297441279257e-01 -3.239753877508937396e-01 -9.379226365728030590e-01 -5.276668683080059097e-01 -1.622057664659673826e+00
-5.064304684848153215e-01 -1.277153361310232382e+00 3.859229754346073515e-01 -2.910538012920854678e-01 4.698901384107043167e-01 -1.034652415985228169e+00 -1.868930487177368760e-01 -3.867749704424973123e-01 3.303688767245116509e-01 -1.726516060193666213e+00 1.888895996341219519e+00 -2.014117547147492804e+00 1.293339587618491882e+00 -1.882062753528105592e+00 1.256989346896125292e+00 5.688107061142271270e-01 3.025031122002853623e-01 -1.384298077634408930e+00 -1.617076481295041779e+00 2.762125206815319381e-02 -1.794905314675981245e+00 8.266201237959471815e-01 -1.559200213796742229e+00 9.376546026908144649e-01 -1.949758808472939198e-01 -1.129184416362884191e-01 -3.351753564753094938e-01 6.037310610505932651e-01 -4.854026723617146377e-01 -7.747104067411697548e-01 -2.236840822390364636e-01 -7.061313922574847801e-01 3.593905665214581213e-01 4.400794619152996190e-01 1.046563822294358514e-01 -1.360789801740349414e-01 -6.532114128329256086e-01 3.807185092865527087e-01 2.006834163264144266e-01 1.368284080684338599e+00 -1.717670186523868325e-01 4.644550273108689065e-01 -3.639124233243778983e-01 7.275912093929405300e-01 -6.096993251590918650e-01 -3.079295116407377852e-01 -1.215111010237315492e+00 -6.528917394100407501e-01
-1.262100251564456155e+00 -2.572825826016473250e-01 -6.394551729973279031e-01 -6.409236179521778931e-01 1.762823140770640729e+00 -1.818369140797412742e+00 1.026238214291609774e+00 -1.526102941277778902e+00 -9.051806864903075844e-01 6.310402644803450034e-01 4.086137271740509780e-01 9.156037396534120187e-01 -1.082562666945936058e+00 3.933826179557496916e-01 -7.282670727458919746e-01 -4.934177797546507316e-01 4.080291346320703838e-02 6.745666890457069353e-01 -9.028259322672849141e-01 -1.749880618639173324e+00 1.299678251782695915e+00 -3.200844576501435945e-01 6.041307715236696185e-02 -1.446512901521299077e-01 -1.068626921181355105e-01 -1.313514356143596018e+00 5.066840885802059713e-01 -7.825889366745270026e-01 -5.162258582064561674e-01 3.448098740498486414e-01 1.270584535796841497e+00 -9.404473812646430009e-01 -5.368760299958739157e-01 -1.592819776083470584e+00 1.081837110179264094e+00 7.141043245377963755e-01 5.053189873870980175e-01 -1.146470375106695139e+00 4.229974489340266319e-01 4.071317400140490039e-01 -2.040504759729760309e+00 -7.215272865419127823e-01 4.262238707410939687e-01 7.707008852086666417e-01 -5.778892273432394422e-01 -4.557127847262380516e-01 1.564455018894852500e+00 2.997720090791498038e-01
-7.149492114250839414e-01 -6.317179973403992399e-01 -2.778658013970628643e-02 -1.035853355311349588e+00 -2.055301686199939235e-02 -9.899725793255405026e-01 1.586376681100086117e+00 -1.802320468690908672e+00 2.423880272578183170e+00 -1.441342141023588264e+00 2.357084053843148952e-01 -1.143677207303559706e+00 1.582441164222243346e+00 -3.182671719077253325e+00 6.579702759314323135e-01 -6.705448355356630197e-01 9.099419643913537747e-01 -3.560049793394547968e-01 -2.395254779274251344e+00 -6.761399181301979144e-01 -1.104779858311532914e+00 -1.089511500570027991e+00 1.785632399443621399e+00 3.802464420655326527e-01 1.089661477354076036e+00 -4.352661998142998145e-01 -3.687178642222845304e-01 2.799330900065518435e+00 8.868306943406214504e-01 -2.700872189366108622e-01 1.115987064282723207e+00 -8.703072766011425987e-01 1.864002054032740219e+00 2.222843691220652840e+00 2.090521454618393393e-01 4.090982571773811305e-01 1.146245542631657788e+00 1.690841669514416834e+00 6.766522065989245549e-01 7.237037962757592036e-01 -2.722417012116887802e-01 -6.995531402411732103e-01 5.388839739581491317e-01 -6.507916746607443903e-01 1.973092576124754194e-01 1.420078020469712321e+00 -5.845652256537868796e-01 1.011650924169412269e+00
-9.619570996478695735e-01 2.576162919507158366e-01 5.204404588112633290e-01 4.843308274302308980e-02 3.753605624126385987e-01 -8.545055255667974858e-01 8.034939045600338059e-02 -1.076853183603412312e+00 -1.328789532640877624e+00 -6.820347194967419924e-01 1.142633565113395200e+00 -3.845858102227115577e-02 7.890013483849970255e-01 -3.500083439780366512e-01 -2.548458687114468546e+00 3.312795880807000160e-01 1.317690175027247390e+00 4.244301278670561395e-01 -2.111807319948294792e-01 -7.906952309087721398e-01 7.792826059053281629e-01 -1.270926782313664516e+00 9.360129124960518965e-01 -1.398405961234157280e+00 1.554422898938119690e+00 -1.778995667497233590e+00 6.978114803390830234e-01 -1.735327937610363858e+00 -3.210729111243885714e-01 -1.573525452060279051e+00 -2.193534721306867219e+00 2.745235521423637914e-01 1.142653940634107856e+00 1.018515167594780391e-01 -1.024429818666253988e-01 -2.580972488940405651e-01 4.492033317493246969e-01 5.573729763002761572e-01 -5.593169264341570773e-02 -7.360677337300872702e-01 -2.990340559717898361e-01 -2.293342346444207092e+00 1.290156860024039009e-01 9.546231670927231294e-02 7.432046162061535233e-01 -4.288795441145424325e-01 -5.945870815856649783e-01 -1.986811969995944782e+00
-7.906136058878293627e-01 1.107975244974677365e+00 7.266343927208977760e-02 3.806840326579391531e-01 -1.544139150180822817e+00 1.407673838061054283e+00 -4.367665715980045271e-01 -5.666338447467206274e-01 9.069653225726053147e-01 3.238307146890603283e-01 -9.413796213104757005e-01 -8.476315386738515478e-01 -1.803992162239931585e-01 3.840184310544070279e-01 -1.102321380220283809e+00 -1.107580719758612275e+00 -7.273758676003995172e-01 5.834864906021371977e-01 1.126929558768485634e-01 1.785718261197730694e-01 9.046068027031198833e-01 5.636093307183550616e-01 -5.757083097471598077e-01 -2.284738994693746028e-01 3.895767312734430554e-01 1.673593557422375089e-01 -1.681623011402054058e+00 3.010905307487937721e-01 -1.474745358418011243e+00 -1.698559761988557015e-01 2.253291655188197906e-01 -4.391276660669176102e-01 -6.545808508123112102e-01 -2.674674259768417439e+00 -6.980102589308621042e-01 -1.502721051920862916e+00 7.864970959550202645e-01 9.041674929204353284e-02 8.436999150041433193e-01 -5.249765877788075130e-01 -8.923276268603509420e-01 8.392916176188071065e-01 1.168920796835192899e+00 -1.466554831883215559e+00 8.837834262489790982e-01 -1.034824623808267230e+00 -5.942712186302911981e-01 -8.184251735032591624e-01
1.039227977943099290e+00 4.926150341276097633e-01 5.042797665865609291e-01 2.160766038854712079e+00 6.278567062251289022e-01 6.352666104149704562e-01 -6.206031743697726366e-01 -2.116927214788740130e+00 -4.346674468970984639e-01 6.147635747845926479e-01 5.628731539040711107e-01 1.834281636172279573e+00 1.651207575981528120e+00 -8.801012927459048729e-01 6.157266810822631387e-01 -8.164196655502934385e-01 9.763035680854410536e-01 -2.687921325164695507e-01 -1.613663062772294099e+00 -3.204518292243022648e-01 7.495016816326843800e-01 -2.806149111889348458e+00 8.779792521006082318e-01 -1.711546440384845852e-02 -1.101489274059193890e-01 -1.977986212000031774e+00 -9.121482931803673866e-01 -1.475404045498848626e+00 5.827359942679670723e-01 -1.482643495034193348e+00 -1.064186986864247508e+00 -4.373686996421617956e-01 1.547357886306834240e+00 3.482750938148428954e-01 -7.581431736483080774e-01 8.304739666858116376e-01 8.891267237630120501e-01 9.390546560945802756e-01 4.001733680080221678e-01 4.206181787108105863e-01 5.358883631034038197e-01 4.093833529500027352e-02 4.201905164778364510e-01 -8.821476729494467373e-01 -2.170428467410800144e-01 1.703361618486975315e+00 -2.653230269055712576e+00 2.267328162563840566e-01
5.151864175540475932e-01 5.150112260480809168e-01 -8.627458746728206007e-01 6.687416723901040694e-01 1.489127192672909050e+00 6.351269246774070287e-02 -2.319410139891983358e-01 -8.900960940632471341e-02 -1.954316332782492616e+00 -7.950058914794340126e-01 1.571297442820637658e+00 -3.067043762264662909e-01 7.090432546138419889e-01 1.348264382438651099e+00 9.673816250213953527e-01 1.668026405060876738e-01 -1.209068814987291907e+00 7.096179537521699610e-01 4.725223673562128357e-01 1.266903482471173348e+00 1.074716421302638336e+00 -9.547400976770148429e-01 1.973170633636009086e+00 -6.946599518125698425e-02 1.593097966730578907e-01 8.666557618101119465e-01 -1.284349539097445203e-01 1.826377193838128798e+00 5.514173147575125444e-01 -3.723200335438364150e-01 -1.481840537322223206e+00 1.379652439145011344e+00 -2.740069013521251873e-01 -1.282154829181416433e+00 1.560138231893404837e-01 2.992501747688229297e-01 1.081450037956094956e+00 4.528518114408974227e-01 -1.997681072815219935e-02 2.113127228430987936e-01 2.018441562618145113e+00 7.198280062445586713e-01 -6.296918224849170631e-01 1.383118070581805699e-02 5.342048767583960078e-01 -6.502844872715455304e-01 -7.789754840739826491e-02 -7.216545687826495525e-01
2.455280789014256497e-03 1.558830074017028444e+00 -3.562239475694694568e-01 -1.307646340489873882e-01 -6.312075379966798350e-01 -6.195736998204421919e-01 1.228165188771337846e+00 -5.417276367996576303e-02 -2.161456246893131983e+00 1.303127188964847971e-01 -4.691774114145832453e-01 -1.031793288512831364e+00 -7.095991170512999657e-01 -4.591532387814160066e-01 -3.895947917244350078e-01 2.202964457225152217e-01 2.373497050614541137e-01 -2.275396991554369808e-01 1.418719587770807811e-01 -7.132633107319019672e-01 -1.913427607001448649e+00 -6.968848365725301974e-01 -1.578367092686497664e+00 1.328473877161423289e+00 3.643983013954393280e-01 -7.088688436546802807e-01 -1.947004066426493152e-01 5.584705104842181689e-02 4.559987534981741475e-01 -4.765489358201719927e-01 6.192701724551071818e-01 -1.893147122935735227e-01 -1.349909915669256666e+00 -2.714801885317290053e-01 -3.674589507596855154e-02 7.896041120252204892e-02 4.957957744037946868e-01 -5.128677556555684136e-01 -7.966876241413699544e-01 2.309822659803426603e+00 -6.421873921013838693e-01 6.620786065154012912e-01 -1.278265008729794427e+00 6.586288828317519994e-02 1.584331645051233917e+00 1.143438415827692456e+00 4.928862214411238590e-02 -9.489558424825071947e-01
4.692705511103067995e-01 -3.113755103826613135e-01 1.111163341644026303e+00 2.681179148968932946e-01 5.548804110970761982e-02 4.791151533913841076e-01 -1.371586592348435607e+00 1.556979070251740094e+00 7.254097510721487785e-01 -8.376480156980878888e-01 9.295226868495479744e-01 7.255093821724879488e-01 -3.227903332865431074e-01 1.546722335836769213e+00 2.437979073160851107e-01 -4.042276015669641898e-01 -7.133756541704064369e-02 -5.320269054910333750e-01 -5.424589201856303555e-01 7.331284179924543176e-01 1.201259534085243885e-01 1.513176275577103082e-02 7.395863818033042714e-01 -7.879303317175899712e-01 5.529580804089441193e-01 2.995526139226569184e-01 -7.896006749007128400e-01 5.831324510621327395e-01 -1.485525418985230273e+00 3.648718323107198458e-01 -1.889374712343464102e+00 1.186799762322813673e-01 9.630879803095279135e-01 1.697221056735076783e-01 -1.364561752026820507e+00 -7.872841921778175323e-01 3.302982803376638965e-01 -1.403649126653071511e+00 1.115221468516006897e+00 -1.488229213087172820e+00 -7.149661040282929703e-01 -1.838546839201027572e+00 -9.508229396092998664e-01 -5.036399041588343062e-01 5.190535128497462125e-01 5.411026417462694305e-01 6.931552984069121459e-01 -3.240821237379875042e-01
1.221303954788978574e+00 -1.349172313947273993e+00 -9.560069080746134984e-02 -1.416557349840673163e+00 -2.054406787811561941e+00 3.499968917977201027e-02 -1.901440115869863723e+00 -5.934460324281499721e-01 -5.227552360388982855e-01 -1.039162252876577819e+00 3.679396195547002812e-01 5.508271720468820298e-01 1.912005025323822160e-01 1.039234293506445361e+00 2.217378563020359739e+00 1.720874154442156301e-01 -4.908898749663929695e-01 -5.524644746816242957e-01 -1.221849454130710111e+00 -8.464350888978047216e-01 -9.414479774730492023e-01 -1.384545432298819545e+00 1.590394741978149173e-01 -8.463864472320510313e-01 -1.522619611909316939e+00 1.500320809464026350e+00 1.384471166894349348e-01 3.738474126295338595e-01 -1.355225354530196769e-01 -1.243226498878350489e-01 -1.938494019465828000e+00 5.686761429120791300e-01 -5.902445710730104544e-02 2.531701902447758279e-02 1.565560628570834778e+00 -6.493480481144463523e-01 1.292643527693412286e+00 -1.900818486577710686e+00 -3.727606481285338780e-01 4.773433585604325846e-01 1.575737630161306191e+00 8.675335665977551569e-01 -3.806237204430157339e-01 1.009301693456422733e+00 -4.136190246334453535e-01 -5.641042611844886423e-01 -4.880524435877620776e-02 3.087319375851076408e-01
-1.088178463361831438e+00 -1.916181986217429634e+00 2.119492945269486894e-01 -5.115828448689231818e-03 1.163036533215808577e+00 3.854741696848313359e-01 1.535794462699480167e+00 1.231072798541869240e+00 4.260201730266064413e-01 -6.862684471096477390e-01 -3.921452106379889613e-01 -7.664733690527184562e-01 -5.671440058688335950e-02 -1.273441279491271727e+00 -6.061796676314656906e-01 2.263797953336299795e-01 -1.686711284721733373e+00 -9.060904084449217244e-01 -6.688635171803604118e-01 -1.728604064769099224e-01 2.781848026840422206e-01 8.627826959440428878e-01 4.509904488561178315e-01 4.663588324559331810e-01 -9.826103256977375411e-01 -9.119642698568146688e-01 -4.903866197317278131e-01 2.310376311499442892e+00 -1.896086404774894596e-01 3.250098985964986475e-01 3.181096208036061079e-01 -1.880358243876150900e-02 3.906310046748856513e-01 -1.483388930074450718e+00 -3.948513782769487723e-01 -5.443865467559769744e-01 1.146747393015091543e+00 2.544891785646346882e+00 -7.660830746957593418e-02 -1.118094279876126196e+00 4.471624314893006824e-01 2.592231295671953897e-03 -8.111999076840287204e-01 -2.375134811117917411e-01 8.483606346881610305e-01 -1.280326475885200876e+00 3.281491783171061605e-01 1.526502322733547912e+00
6.500003498472394226e-01 1.470188654146683538e+00 7.408229989095428403e-01 2.210569582962567392e-01 6.359856130062293555e-01 1.121452704216949314e+00 -5.752814411038908310e-02 4.101824889084486614e-01 -2.669108878886943814e-01 -8.178517123273080225e-01 2.419042921644490030e-01 -7.212108228345567307e-01 -6.119045769477340219e-02 -2.098277901650049682e+00 1.083673442546750687e+00 -1.422484342363419474e+00 -7.194119036730429739e-01 6.582495489134072564e-01 -1.448988239108904397e+00 -5.005564459515362552e-01 1.329025821127703511e+00 -2.793356971150967039e-01 -2.347926434860859723e-01 8.983700205984833376e-02 -6.480677969276701367e-01 7.447966066755361547e-01 3.540024755355776764e-01 -1.651918402390019913e-01 6.880307635720469550e-01 -2.921009218993485534e-01 3.161577547416462575e-01 -3.963940517956188181e-01 -2.064390129742781799e+00 1.818364644818825537e+00 7.170991597599629674e-01 3.971579477575233608e-02 -1.070554891814437803e-01 1.279951895610730028e-01 -1.847206240838091817e-01 -3.866013600006641959e-01 -2.859395617622168650e+00 -5.340050019595351527e-01 -1.024325589662048036e-01 1.698506101838997417e-01 -8.482599799807113428e-01 -1.140399490577304054e+00 -1.072134399894124179e+00 5.033573270823399337e-01
-4.975098902896225583e-01 -1.726935002149409426e+00 -2.584537066639822189e+00 1.064373754608159972e+00 1.632500192533010430e-01 -9.856051495551290120e-01 -1.471700464439714973e-01 -2.045392247076104564e+00 6.292741319234830266e-01 -4.303651750138476340e-02 -7.237659853213858074e-01 1.311166174306394261e+00 -1.778319415271300830e-01 -1.224589203250163738e+00 2.996129579495068057e-02 -2.644349931665497186e-02 -9.362857250684261112e-01 -5.388922520777968822e-02 2.777668948680882544e-01 -4.701539532687144529e-01 -6.309733564607473699e-01 2.492863409305630662e-01 -1.663192231850758374e+00 -8.086957926911250150e-01 5.926383691467570353e-02 -4.966039707734432040e-01 -5.823463280988123714e-01 -4.298340181251480430e-01 9.624173890119059882e-01 1.896897654159547475e+00 5.226781272694696057e-01 -1.755456874495711084e+00 4.186300823367720275e-02 1.482998442330849542e+00 9.222566243943933761e-01 3.233855049937715553e-01 3.396246588318995591e-02 1.094135069078787881e+00 -1.335582847334240375e+00 2.487582283372430092e-01 6.725273878769822966e-01 3.240506460144099675e-03 -1.469084723853258945e-01 -2.921493117356080416e-01 -2.368358343382635234e-01 9.022871920150189462e-01 -1.091874044179110603e+00 -1.954300132239885412e+00
7.160317466567733824e-01 -5.685380247525292363e-01 2.083107006434350428e-01 -1.233329167445256669e+00 4.006328596078519433e-01 -2.485116198321495606e-01 5.925709140550738940e-01 -7.019618865484030801e-01 -5.047371083144451542e-02 5.309895595662643686e-01 4.297193785671284960e-01 -1.035720932477778966e+00 1.201683105903312287e-01 -2.942440262874145285e-01 -3.352140826540103702e-01 -2.599165208686182726e-01 -1.779393672166559748e+00 -5.826213022935511354e-01 2.231084030939770313e-01 4.950740470379977505e-03 -3.225384654944655205e-01 1.727448224465073734e+00 -8.279792720785115190e-01 -4.796495964898910003e-02 -1.447688661766578289e+00 -1.337845627173527507e+00 -6.956785149841026028e-01 -6.296917005978899251e-01 -1.827568125726055204e+00 -9.918111220194465449e-01 5.234813460902864035e-01 -7.527007471130607863e-01 2.206264140932567841e-01 1.107162229090894012e+00 -1.198786371501938230e+00 -1.230000820049396593e+00 5.327079177233956520e-01 -7.402111641451276647e-01 4.217533091952561097e-01 -1.504579615597048559e+00 2.265755125336396392e-01 -1.401675643427458207e+00 5.961351280464840530e-01 -2.981408377979498092e-01 -1.868706210794453537e-01 1.101307625917181454e+00 3.909439737620058475e-01 -1.513916280489340016e+00
-1.018773230420297438e+00 1.560886598714711138e+00 4.777439995071774415e-01 -1.009437688230820473e+00 7.359668004048394163e-01 1.501908945903418280e+00 1.858377563117975084e+00 5.798191874041930260e-01 7.819452906553274740e-01 8.202683564873977096e-01 4.874285334381088242e-01 1.125342053461010128e+00 -9.270255064823375024e-01 6.359212432973281315e-01 5.954512836595421410e-01 8.682603685130999005e-02 -6.029369250508170852e-01 -1.009965205309067277e-01 -4.415912742928468915e-01 -2.368896283393017166e-01 -1.404404162611519791e+00 1.182722593086865670e+00 1.310562170441635477e+00 4.629798012849773436e-01 1.277516602726797679e+00 1.412218308566458858e-01 6.207668314696874745e-01 -1.109724430155462516e+00 -1.885012352239851252e-01 9.229310920386668560e-01 1.478287529613631635e-01 -6.945205362925860326e-02 -2.220760740369224218e-01 9.156779502345977484e-01 6.261612416293891314e-01 -7.924101816621029748e-01 -9.683983723291302859e-01 4.803313276473227256e-01 1.696878081709320529e+00 5.968567013633686580e-01 6.638180797627397656e-01 -1.691464033155347879e+00 -1.495706601475804032e+00 -1.431693162740959258e+00 -1.289878552527800593e-01 6.110462060530752471e-01 1.215074906256047083e+00 1.298727764602801982e-01
-1.348573010211568945e+00 1.062605242087080182e+00 4.841621361896494280e-01 -6.287646475933839074e-01 -3.175462259761737127e-01 -9.381489618817937526e-01 1.603266961625712472e+00 1.699811609680112579e+00 4.757866844225493441e-01 1.613480259466782307e+00 -1.578702412012968348e-01 1.774081524167073765e-01 -1.494137628848270172e+00 -1.355529460138231501e+00 1.023831173163537223e+00 -3.981262381732126876e-01 3.106946966305126789e+00 -7.773229943357161664e-01 1.386531257796811634e+00 -1.337741497864269213e+00 1.661446412192211675e+00 -5.088118906026262156e-01 4.224761703272833513e-01 -9.234809770583487509e-01 -4.658438267341237504e-02 -1.404330613933753025e-01 1.482987108560800626e+00 1.523423994220922228e+00 -9.116017427306616350e-01 1.227453626907974549e+00 -3.903085634396578629e-01 5.396856291236984404e-01 5.688726569667510446e-01 -9.874442881849691822e-02 -3.808620063313392090e-02 3.983952297296232403e-02 1.182743200238217440e+00 -6.529373450198134865e-01 -6.546924760431915846e-02 9.495928670363296131e-01 8.449624562602082722e-01 -4.595856184017849816e-02 -4.200933805071618843e-02 7.530645659192399810e-01 -3.822037009006257202e-01 6.104435523441336109e-01 3.633302378882594663e-01 -4.458077841440577505e-01
7.663056181910368192e-01 6.072349987984250463e-02 -7.282312251309510653e-01 -1.510571339421140635e+00 7.490336109760336036e-01 -7.196318979023189934e-03 -1.828804523543558158e+00 -2.147877408280672640e+00 6.556021130585650836e-01 7.479169156104542582e-01 1.432998092865525319e-01 -8.105909064944433196e-01 -1.422775283980882710e-01 -5.797746447958581628e-01 2.458170525191428091e+00 -1.348354377358920997e-01 -1.387371362566343302e+00 -1.197546303527367573e-01 4.122983853278856525e-01 -8.480155061995324761e-01 1.073457097176153674e+00 8.243417034652492648e-01 5.564794085181689054e-01 -6.081095471481369197e-01 -1.009923668357380455e+00 3.694225385624806957e-01 -1.221196677138317588e+00 4.861050714558265984e-01 4.252138946974710065e-01 -2.498821955139104711e-01 1.765981988535304525e+00 2.605107791736522849e-01 -1.447210672643449159e-01 1.398845970175374154e+00 4.071526971723161692e-01 4.205421205262716011e-01 1.412660995079719317e+00 3.816114523529346991e-01 -1.370950431082568477e-01 3.390505400636525946e-01 -9.690352740145909971e-01 -1.631896125918243179e+00 -1.442125380572171878e+00 -4.374564543364029001e-01 -1.450299601443204855e-01 -1.049728914147578962e+00 1.268621692797013534e+00 1.745994857354085106e-01
-2.135900969032920038e-01 -1.215659886224847108e+00 1.990734867050118373e+00 -1.366547503384348605e+00 -9.049098275001262737e-01 -7.688421209207859652e-01 -3.984337718665324074e-02 2.861829642269215213e-01 2.047386394293880182e-02 -1.592141415358902246e-01 3.548608183276732997e-01 -1.335568397476289526e+00 2.228891944199543340e-01 -4.174267571219602430e-02 4.134939180618869142e-02 1.146615771863740196e+00 -9.361040154469093544e-01 -1.994437523878629603e+00 -1.814456066769762621e-01 1.836388580178015095e+00 -3.889035495230253048e-01 1.389206986604341942e+00 1.129825740151629621e+00 5.225482114788324584e-01 -3.485952676279858498e+00 -3.968042125063998005e-01 -4.269888831803635432e-01 8.727494425111775866e-01 -1.177905641364710432e+00 -1.103518199218182505e-01 7.434485739730259946e-01 1.779481398618036614e-01 4.047894411986233676e-01 -4.459390894043290254e-01 4.514241670774982729e-01 3.969615599056628974e-01 -6.467206037973918242e-01 -3.783556237607492434e-02 5.680306234301438773e-01 3.373631044150068869e-02 2.912046160401653982e-01 -1.307293112667195834e+00 1.021664215788209207e+00 -2.114300196269738585e-01 1.759115961004838580e+00 -2.475902474853816648e-01 2.105553379984754225e-01 1.236230878958039847e+00
1.409987188946991266e+00 4.542029062306957021e-02 1.426060706623215157e+00 -4.756140692085850802e-02 1.112612639120037716e+00 -7.399505639216393815e-01 -1.369484404459272220e+00 -1.800559260071848522e+00 -9.358876364256908387e-01 -7.062256969782527705e-01 1.273922008979832432e+00 -2.661551180203776679e-01 -3.329666836038889799e-01 2.168759109004519736e+00 -2.082278653892201750e-02 -9.791772596019759911e-01 -7.149455026451138062e-01 -4.350348629920882115e-01 -1.155434709485007705e+00 -1.555770253945129751e-02 6.057737391245003877e-01 9.929933172162641597e-01 8.818264912685846307e-03 1.058785698324716584e+00 -8.217427928030583695e-02 -1.256410817760647003e-01 -1.016362123953103103e+00 4.476054815943364962e-01 8.570398443164112257e-01 3.937522887621968115e-01 -1.403178468818270019e+00 -1.198755016340987023e+00 1.570646740329124214e+00 2.821330590407175709e+00 -1.501134780696371962e+00 6.809146509741264008e-01 1.388251802914440391e+00 -2.048067814297446887e+00 2.187338148138401994e+00 3.001038772287376033e-01 1.084351956261339067e-01 -2.399124797189183811e-01 -1.233238480769626388e+00 -3.431236919554270792e-01 -8.169251638340870036e-02 -4.406360396680822356e-01 1.255723668632112933e+00 -7.416194597866145877e-01
-9.546712712714637838e-01 -2.001613460753230989e+00 -6.326979630832310075e-01 1.223038070317785442e+00 6.328306115193368941e-02 -5.074638524074395196e-01 -1.031434746952080372e+00 3.738150624296094487e-02 8.353605525539333776e-01 -8.857053087806807667e-01 1.497583672735328442e+00 5.164112007187624531e-01 -4.039961137944407255e-01 -6.933320076755777883e-01 1.094452595587541988e-01 -5.054165931890512997e-01 -5.672270714020084537e-01 -4.832316935675134983e-01 -1.533353017158458398e+00 8.671668374804361590e-02 7.137835657314440807e-01 7.751313433731092939e-01 -1.669606985936840093e+00 7.277902078153604404e-02 -3.428209957422233278e-02 2.423526768184519620e-01 3.934721672277304294e-01 -1.233788336166465438e+00 8.297999985904812581e-01 -1.972925075604815837e-01 7.354342736532712976e-01 -4.145648101868187330e-01 1.229126569910233974e-01 -2.303019377871221351e+00 -3.606838921927526531e-01 1.162213562167277336e+00 -1.454874038870799524e-01 8.588393471924306022e-01 -6.595202703814920797e-01 -1.034871485961274207e+00 -4.244836457512055072e-01 9.024382731412300407e-01 7.492326107076564545e-01 4.263133902334508840e-01 1.106535550418587865e+00 -1.961919404085609830e+00 5.909129510991941725e-01 -1.228690506689323447e+00
-2.316072080535211686e-01 2.429137412341910440e-01 -2.706483078893763494e+00 -3.096207684083776557e-01 -2.054299341193234207e-01 3.265968164364299042e-01 -1.743577481175768162e-01 2.391936385258061071e-01 -3.028998960645197247e-01 -6.179613388376417049e-01 8.680201087413238481e-01 2.087381218653154014e-01 -2.081448696343009441e+00 -1.497958784833712143e+00 5.875707380611973063e-01 -8.629335279656810131e-01 4.211624942891567525e-01 -1.095503143257811618e-01 1.141150456084212061e+00 -3.417269170415643820e-01 -3.461232212927058405e-01 -8.176344356059275786e-02 1.097202669015795218e+00 -2.618891667452928895e-01 7.905467617377914813e-01 -7.733282327112293020e-01 -2.464683603934572975e+00 -8.765508583103893692e-01 -1.054775772209545215e-01 -7.023061729081664373e-01 1.957049192597792198e+00 -4.341756494761276897e-01 7.380223662266334472e-02 -5.454146171796935283e-01 3.757425507816850585e-01 -7.687609895502901629e-03 -6.308687806258620467e-01 -9.309539912163568021e-01 -2.340769933155953733e-02 4.568065476650750023e-01 1.519888553742471782e+00 1.114443841563405480e+00 9.929104178738779041e-01 -3.370586179690600592e-01 -7.919978946333517955e-01 3.651011467757873108e-01 2.770466725176140010e-01 -1.070172087018682161e+00
-5.424514097699425358e-02 2.096475351375606533e-01 1.721719313759831005e+00 -1.556774418548052541e+00 -4.893312357326095596e-01 -3.374057601940517737e-01 -1.802056239753542011e+00 8.889245353856697340e-01 8.753529932896563226e-01 -8.124924800218706611e-02 -3.986321808006740852e-01 -9.522927683023354462e-01 -5.881358970984513768e-01 1.104998572864420714e+00 1.012043088268768765e+00 -9.388766439980753553e-01 6.211850562719638535e-01 5.464780882906141724e-01 -5.754709660751758937e-01 5.327300143847331082e-01 1.204886864375880995e+00 2.562764713240067160e-01 -5.811839278499723038e-01 6.243062261451748363e-01 -1.092710516157738621e+00 -1.725408867235398713e-01 1.061096562543069055e+00 -7.392998569193193203e-01 5.125603101346360990e-01 -3.854407989274702406e-02 1.233819605131375674e+00 1.965756287525328994e-01 3.570335355982594550e-01 6.986241115739904028e-01 -2.769128828287201194e-01 -2.209176404985477293e-01 5.376477643199731871e-01 -1.603378871158969154e+00 -3.717557072868633017e-01 1.420677758356134468e-01 3.405203896089214477e-01 1.099037532983762194e-01 6.946831144674905367e-01 -2.516803393322709914e-02 -8.158129162336643647e-01 1.308284819024046586e+00 -4.567521086344524250e-01 1.261052734210182935e+00
-1.045287194826845845e+00 3.348373805725690100e-01 4.717395463700188030e-01 1.198205495835297896e+00 1.957856577844551804e+00 -1.002327292930588865e+00 3.061199404331039209e-01 5.192445735423873998e-01 -1.578572657821721847e+00 -1.335032412333698293e+00 -7.410044616957797148e-01 1.059185582305732565e+00 5.972865922937112826e-01 7.286502948739561614e-01 1.670249001982020143e-01 1.304610696677244608e+00 1.948078087358578125e+00 1.091663767214363645e+00 6.443283303712753485e-01 -1.956826277360108834e+00 4.346592423109381653e-01 -1.474994082725687772e+00 -1.507912002776238269e+00 9.258912949666059378e-02 -1.025908328191285745e+00 -6.880155314014095858e-01 -5.133533556219999072e-01 -9.078119555676166241e-01 9.961494738103318647e-02 1.769146622351845721e+00 -4.704854900997147184e-03 8.287854420683371526e-01 1.162980498153523001e+00 8.971033411823516879e-01 1.507608684024707157e-01 -7.463762637508479791e-01 4.767660575027871106e-01 -1.330899630543941781e+00 -6.030292362402343009e-01 1.366073412052260183e+00 1.727708405345727227e+00 2.038963897054851537e-01 9.254355751232772320e-01 -9.053595650991754784e-01 -5.015705588759171440e-02 9.102315733437590373e-01 -2.156390619030164046e+00 7.534451143622823421e-01
-5.307342851068501677e-01 -5.450351829909564350e-01 1.436522029170477222e-01 -2.770162949697724253e-01 4.795438336767345322e-01 5.076618967205742683e-01 -4.125488726298058295e-01 1.318097466571608312e+00 -9.073776726824128724e-01 -3.059636945259406882e-01 1.465024513507933612e+00 6.328347674844337911e-01 -7.626279416730661342e-01 5.760815048504499408e-02 -3.992176843642646356e-01 9.429260895354018013e-01 -8.182643774108435686e-01 4.190443449978963897e-01 2.658697060864715578e+00 -3.431388851923046768e-01 1.428490035928214219e+00 6.377534705490821576e-01 1.042506935929526923e+00 8.011680508763420194e-01 -5.543555490686546960e-01 5.134536248212588638e-02 8.617231418138320276e-01 -5.772181182488838047e-01 2.582682754506017697e-01 2.434308953504152662e+00 -9.907121365197051333e-01 3.192574906949159907e-01 -1.031302091625543760e+00 -1.143441323212732869e-01 -1.299761611308453579e+00 -1.243388442730697596e+00 1.657517678365091118e+00 2.533931691228418770e-01 5.441502715785572208e-01 2.656015779713710168e-01 -1.025041578999837943e+00 -3.798411287655899526e-01 -8.606619399721125996e-01 1.984158103586938449e+00 6.155323567335069246e-01 1.777259598436159993e-01 -9.853096230071206607e-01 7.204210660851537718e-01
-6.858553870100205785e-01 -4.414639992243673400e-02 -1.281926111224376941e+00 4.796008263424026419e-01 -1.065357121105084293e+00 -5.185474074568424685e-01 -3.060528535579667975e-01 -2.187026263428115125e-01 1.464550524137544718e+00 -2.059509768113619632e+00 9.860748202217202163e-01 1.596227828905182333e+00 3.154508163569584855e-01 7.141898991310861033e-01 -4.939936026269058922e-01 3.276824296739551556e+00 9.497593580933992863e-01 2.371138316492753806e-01 9.225028023310935521e-02 -1.363531382166693451e+00 -4.105716452062935784e-01 -6.625167781578971127e-01 3.907771309041743191e-01 3.281740343340256577e-02 6.578608524909469457e-01 -7.185162487873605341e-01 -5.440691129179614505e-01 8.825617964087778544e-01 2.776589843854151418e+00 -1.781593112377369836e-01 5.314809344348790932e-01 3.518501202434827779e-01 -1.402435951125707292e-01 -1.349735368801900703e+00 5.550428764464905296e-01 -6.673461155702989922e-01 -6.779541240514362910e-01 1.270830068641810306e-01 -7.463025691615007284e-01 1.273006517745298494e+00 1.023966842698484037e+00 -3.921690004458727175e-01 -9.307175467435537808e-01 -1.133492274423256951e+00 -1.312920797534561645e-01 -7.181228329437157054e-01 -1.854732620353230166e+00 9.665772012528244250e-01
-2.620774227245964982e-01 7.803903368207792957e-01 -7.770241279053609063e-01 1.265251597038759668e+00 1.861449566229188279e-01 -2.124616596653359668e+00 -7.863063187254898390e-01 -1.109534735863248744e-01 1.260407853595650662e+00 -1.274160286460081171e+00 1.099452875925255091e+00 -6.428008875971056302e-01 5.298996601227988767e-01 2.711459611492554878e-01 7.549203313471982701e-01 -7.039040831299444578e-01 -3.868089058463946434e-02 5.595938631087808979e-01 -4.089756180950860909e-01 -1.569275191922703039e+00 -1.363786673932606552e+00 -1.436908696812376762e+00 -3.864370338723172038e-02 1.111126554937600597e+00 -7.101720877254175113e-01 -1.769235422220760690e+00 2.123934693652944003e-02 -7.371713058144679920e-01 1.809296859871231566e+00 1.640228908265959573e+00 -1.389165392299789969e+00 -9.148967296889660705e-01 -1.791786633758036262e-01 -4.411401972979472341e-01 5.186767999931593542e-02 8.792935656012857981e-01 -4.278702552939991910e-02 -1.100390701411859268e-01 5.016545683686707280e-01 -1.503093481958317934e+00 1.781574079638926777e+00 1.167995102399395746e+00 -1.200899072224406394e+00 2.048361561772891193e-01 -1.483443227636596973e+00 1.577918574044628874e-01 -2.151250110907580448e-01 -4.491868133974617483e-01
-3.273361465303068485e-01 -4.915702287765763567e-01 1.803389167770438895e-01 -5.570533769454172335e-01 -2.411779392493544893e-01 -8.438777315277479207e-01 2.111824329253585431e-01 1.326438249177988027e+00 2.674238581839682438e-01 1.745417586184471626e+00 1.278904728181858408e+00 8.216670312995250081e-01 -1.335913181449951970e-01 6.699258548105382349e-01 5.421297878898419242e-02 -4.154318022902230290e-01 -8.624593491372412046e-01 -1.394937562357155159e+00 -1.838025675800344816e+00 -2.188447926482034234e+00 -2.998714026958232415e-01 5.966317235235065741e-01 -4.446876327862886447e-01 -1.832338153266093173e-01 -5.649344898905260814e-01 -1.049712250416722448e+00 -1.281612109249085363e-01 2.103551384233314447e+00 -1.196771578349834941e+00 2.996820100590812386e-01 -9.252160537780905747e-01 -1.046245133210704781e+00 1.032129583851246979e+00 4.158229951476392072e-01 5.926551038087741335e-02 -9.420785121786590111e-01 2.184434984535327917e+00 6.311221441567311796e-01 2.063403930206625603e+00 1.690581166497998167e+00 -2.934142014267803189e-01 1.473652778014316045e+00 2.350642090474595491e+00 1.416123708395245373e+00 5.129530118870038180e-01 1.566740060826616460e-02 -6.715385408792113875e-01 1.378786223877169759e-01
-1.512292820416037520e+00 -1.457021986293294935e+00 -5.009530561611012095e-02 -5.822405363928672140e-01 1.236286499006879813e+00 3.421673729359451244e-01 -1.580827660837992241e-02 -5.055765766892448276e-01 -1.129094231203190191e+00 9.129722004238693955e-01 1.313108314678509692e-01 -1.330145113719455985e+00 -1.253275702180740858e-01 -2.294587779917213743e-01 1.567545027231332933e-01 2.259973837502917693e+00 2.579277981053164748e+00 -5.815120650693572646e-01 5.492622531781101713e-01 1.512369338107585115e+00 -3.384713091822468267e-01 -1.300741014103467652e+00 4.064783486953331137e-01 1.537213529347330798e+00 -1.629259052116379003e+00 -7.205044335028908398e-01 1.762657555559077105e+00 -6.518957214058553884e-01 -1.803148263863336265e+00 -8.649807296351078034e-02 6.702846211574509105e-01 2.448628788054851013e-01 2.204379340796217557e-01 6.886191015582675545e-01 2.502864506171451620e-01 -1.026457573257610667e+00 -6.521289910767616993e-01 -9.565929804731545527e-01 -1.016225194143175088e-02 -1.293531367770849760e+00 -1.695779795218416430e-01 7.805785754886220007e-02 -1.170320039135981927e-01 -1.890243025513061337e+00 -6.666629913241997052e-01 2.973738499391151979e-01 -1.034453521537521958e-01 -9.422800883072145472e-01
1.701917865032644972e+00 1.454386104680357006e+00 -1.186839097309237756e+00 -5.987688128530244125e-01 -5.123387701137371852e-01 8.378749271346120908e-01 -2.282673629282603311e-01 1.998565406236489650e-01 9.378765620243733059e-01 -2.565980869242090456e+00 -1.219790330304787007e+00 4.076279646507330878e-01 -1.510581733105604285e-01 -1.310608071682158648e+00 1.998119368157706341e-02 -2.067011490236900784e+00 -1.298864004325565480e+00 1.497482936601958747e-01 9.995347472366719610e-02 -3.975627745036028893e-01 8.334241159618780426e-01 7.219720468309536177e-01 9.038135627288055307e-01 1.286643404413166492e+00 1.014777761409492857e-01 -5.178378485402320708e-01 1.936422974053103596e+00 2.859571822073443959e-01 9.715466396486160949e-01 -1.894606265136981715e+00 -1.408799291282773813e+00 6.073813283212575742e-01 -7.380711099056781466e-01 1.434391531542138498e-01 5.137500456502358537e-01 2.019693126360923296e-02 -4.449247233864976891e-01 -1.909816215009487450e-01 -1.133314762624490379e+00 -4.778099220695547489e-01 7.446949889164247161e-01 6.546278322592453680e-01 9.785008611157908209e-01 2.120656686525390355e-01 5.327703851279479430e-01 1.723145963921365986e+00 -1.535676733030870433e-01 1.654918770348180690e+00
-7.609393946156278732e-01 3.338740265598658802e-02 9.552326489196352188e-01 -1.785573404444631196e+00 4.347834136686750672e-01 6.297073914704440778e-01 -2.694216632822218349e-01 1.321898243777002158e-01 -1.245628320085257812e+00 -1.880055427473000251e-01 -4.926147442298708934e-01 -1.866327242529813024e-01 2.842441987211222210e-01 -1.049482720690207760e+00 -2.357468822958752597e+00 2.967325884665685809e-01 2.889296478319678951e-01 2.458829871035065062e-01 -4.450546617339056210e-01 1.155262907453340260e+00 6.199295718415008816e-01 -3.017280980271686897e+00 1.620236675821011607e+00 7.185856798000499479e-01 1.119809184467124519e+00 1.330733503040628096e-01 9.575833065253512577e-02 -8.050181887198921693e-01 2.960708645687181936e-02 4.063143659970253063e-01 7.382088787819437448e-01 3.785119569750391433e-01 3.468627240527600297e-01 6.528531801907194732e-01 1.193547171525709411e-01 -7.403239697837969979e-01 4.878646128854290387e-01 -5.098376926884925497e-01 -4.421868070361319181e-02 -1.040364427333769326e+00 5.962226858549845021e-01 6.144397043483278420e-01 -1.414231749403852767e+00 1.008520715213634844e+00 -1.080807676363051639e+00 5.780164823450089084e-01 -7.875925521835855925e-01 4.737681200920452196e-01
7.710299038308748854e-01 -1.159858238305691236e+00 -1.035521693616042044e-01 -3.397804337572308819e-01 5.554394949710758089e-01 -2.084156141661866746e-01 5.642265884782260432e-01 1.127901187319387155e+00 -7.570943777939055305e-03 2.191686910935417842e-01 -1.200281580112329438e+00 -7.708090356990200398e-01 9.852293913641584355e-01 2.395817808569185914e+00 1.284077474783023920e+00 -2.665421542592911752e-01 1.726933235401146849e+00 -1.320925019076631401e-01 3.343820369202206710e-01 -1.273184072929424815e+00 -8.390089510371531167e-01 5.435457287209510824e-01 2.184138278898736463e+00 -2.495209475957745671e+00 -5.866643936078844157e-02 -4.119059824558892191e-01 -2.736784737435063786e+00 -2.901819240554116552e-01 -4.023753863342714454e-01 -3.501680247078172714e-01 -5.115336809223416381e-01 -4.089585117994538888e-02 1.696765994227969587e+00 1.750135310892994456e+00 -2.147319923882560211e-01 1.533321249310923173e+00 -1.070949174988969244e+00 3.824778380436482522e-02 1.435065928388700618e+00 6.909258357113839955e-01 1.685475550917014731e+00 8.349935600963751536e-01 -7.296729340794417817e-01 -5.162072092032838899e-01 -3.391132175876290233e-01 1.187104878296817434e+00 5.267702022743860901e-01 9.358608934774244048e-01
-4.546634207300643271e-01 7.572233081243456843e-01 -1.150769771917442341e+00 7.299102953280437456e-01 -1.262438302728616790e+00 -8.290314614854785713e-01 3.732907316443421220e-01 -4.568198365772618841e-01 -1.215760995719169513e+00 -1.426766018048688245e-01 -1.823066147450433716e+00 -2.146392320540081222e+00 7.284551348236744106e-01 -1.294857547971315137e+00 3.525501015793157666e-01 -1.883791250009164919e+00 1.855820870576367465e+00 -2.814920280087237492e-01 -2.928334565797334754e-01 -1.361887913141142326e+00 6.716872090343979362e-01 2.926557911143367052e-01 1.326812039997665726e+00 1.194463015973069447e-01 9.099379492382675405e-02 7.170340819766561902e-01 -6.636229070513971484e-01 -2.570411237356793888e-01 1.779875920452967053e+00 1.074464791456009038e+00 -2.222366220301736028e+00 -7.455066128780322154e-01 6.934671297488660402e-01 -9.423732000972067091e-01 2.452727400792017232e+00 6.944139470584196339e-01 -2.339878038251066439e-01 2.028609549382446087e+00 3.000855527993402383e-01 1.075177671255175937e+00 7.197751350274128601e-01 3.018940944509623803e-01 4.129076680070322136e-01 5.159355090086976681e-01 -6.572441098450817476e-01 -7.600230266743489560e-01 4.314927325514407164e-01 1.864002837262961787e+00
-4.056718391885366648e-01 2.130695508689268269e+00 1.910713311872365705e-01 -7.420545755468291871e-01 1.322101322968905812e+00 3.698637265790821194e-01 4.718175278097734293e-01 9.059114990206214302e-02 -1.186374420496095622e-01 1.274906679631361506e+00 2.152680114468165318e+00 6.903346074153482448e-01 9.728179974800065244e-01 8.999290650465606722e-01 2.411550843631409258e-01 1.627514224333530102e+00 1.985674719736553462e-01 6.440922958917196794e-01 4.351355796747563565e-01 6.388062192790930904e-01 6.266887900786867194e-01 3.990627861474098648e-01 1.570649639723866953e+00 3.350866988002734748e-01 -1.941455512356252966e-01 5.953741771512499614e-01 4.559581204771832597e-01 -1.413208914624261237e+00 8.362161179866151040e-01 9.191863754520491758e-01 -1.429194979501955842e+00 -8.511568869284762417e-01 9.022790503540711882e-01 2.843117353070210851e-01 -5.213227469241573653e-01 -8.222203404323471521e-01 1.943981215984164346e-01 -1.888808948514216546e+00 6.704060183533379069e-01 -1.659203078639325035e+00 -2.372969782077966883e-01 -3.003713801466241784e-01 5.729204742991219623e-01 -8.545867005302428820e-01 8.984643074483135150e-01 -9.683353029183953131e-01 1.567783263868419041e+00 5.190125062925621258e-01
1.106956196110302049e+00 3.736868058198200004e-01 -1.000342740098579597e+00 -5.696628842712284646e-01 -1.446502529464150477e+00 1.017389032259424564e+00 1.068861596322417534e-01 -9.696170361475302257e-02 9.916497892798846747e-01 3.303273382828695870e-01 -1.217576272999282949e+00 -5.396210614566705477e-01 1.651083780689886149e+00 -7.773979418126534258e-01 7.474136942883308210e-01 1.855959856147304077e+00 -6.308187981516140130e-01 8.602931178763797426e-01 4.014238507100033049e-01 4.007592806914432870e-01 -1.430210822707515650e+00 3.217328215195955354e-02 2.897317887823933624e-01 -2.322666537961650124e-01 5.257157366556928224e-01 -2.010808436923294362e+00 1.925446328946533558e+00 -7.137792689644485433e-01 8.466482499118381799e-01 7.563019548596439101e-01 3.268569668462770889e-02 -1.033611481029902829e-01 -2.133536978780340918e-02 -4.625251341878767741e-01 -9.268135287829203373e-01 -2.976051093536800085e+00 1.020348914765800030e+00 1.488390848334729455e+00 5.936768102161161798e-01 -7.174388216483459368e-01 -8.974160191606159187e-02 -1.904756107298204437e-01 -5.432133869953916783e-01 -4.179868701040255763e-01 -1.158476946030926102e+00 -1.713579111526941645e-01 8.790780203025553297e-01 -3.943801114105408012e-01
-3.304162797349944891e-01 2.911695266780533475e-01 6.106051791985496191e-01 -4.944246240829432426e-01 1.944898327505276914e+00 -1.143692578252446301e+00 -8.501043456262030729e-01 7.781482000186250580e-01 1.726462056379139520e+00 -1.795016723253252677e-01 -8.620262006647517739e-01 -1.562494782231748369e-01 2.112128420271373042e+00 -5.455756101117033019e-01 -7.513793536889462610e-01 -1.658996204605211466e-01 1.077825568395647249e+00 -1.615141719719006774e+00 1.521048452431881248e+00 1.682649206893733318e+00 -3.499153996366958785e-01 -8.274850615010435895e-02 4.792845422697765423e-02 1.307054936233986497e+00 -8.698532225878822244e-01 1.623500181062220493e+00 8.453511709578863387e-02 1.489318567851936337e-01 2.973820840332444537e-01 7.878120717271889228e-01 -8.897749707920723505e-01 -5.618234840026837817e-01 3.971880936658480632e-01 9.318724415776180603e-01 1.015191851569016285e-01 -1.962901274873643520e-01 2.824129898774274672e-01 5.105087557231138273e-01 -2.897122109585613670e-01 1.043512245239773817e+00 3.556689631439632904e-01 6.850912791261147827e-01 -5.085318566818729513e-01 -8.447671345617374650e-01 3.809137072446547312e-02 1.622651285553629308e-01 -7.472867990551404493e-02 5.360179111080184411e-01
-2.012909711932685308e+00 5.026050687853829413e-02 1.392036555371238826e+00 1.040147455233337181e+00 1.865641753824663462e+00 6.761577805790561779e-01 9.226113867646976718e-01 1.631350001100816183e+00 1.948017305130267385e-01 4.851247289865723844e-01 -5.539095809244590773e-01 6.110280128314757864e-01 2.240348597786791629e+00 -3.319961943334527876e-01 1.883462975284962981e+00 -1.875289048458939067e-01 -1.837896294267529429e+00 -8.517796737793520423e-02 -6.661786654436475663e-01 -2.041130543090096533e-02 5.117351842910851101e-01 -5.771494366748255445e-01 1.559682745357052758e+00 3.437247675926981966e-02 -4.497957342830303795e-01 1.629975123436394169e+00 1.116144964842208376e+00 1.786803972295382570e+00 2.711481875796156182e-01 -4.661749458671259339e-01 4.905501720176516645e-01 6.085928035974956796e-01 -1.508582121351010608e-01 1.349551945953162135e-01 1.208850495909839617e+00 -6.596116429697448380e-01 1.301655024675708150e+00 1.115910341744250855e+00 -9.286138530200530594e-01 7.391982433669562758e-01 4.816716585308938314e-01 8.980937767582158893e-01 -1.536629958634964987e+00 -1.318757929808414220e+00 1.864868072824066081e+00 -2.145615233418098899e+00 2.016368316742035427e-01 -2.748638310798471110e-02
-2.163379824459438883e+00 -1.073029472165784176e-01 1.459073667144794140e+00 7.382536608535420486e-01 -1.854381600981309108e-01 1.809057965539438539e+00 -2.257218507469853641e-01 2.306532615142257991e-02 7.697756257838069827e-01 1.869190092625791610e+00 -3.460883680006584528e-01 5.952209718253194115e-01 -3.870735578608642813e-01 5.892304324722725806e-01 2.102408500644844302e+00 -1.074935630073934556e+00 2.817115993310793653e-01 1.062673481365396938e-02 -4.496977581992301909e-01 1.090531646146343014e+00 1.719069905750338689e+00 -1.898234353038230973e-02 6.346781277591740933e-01 9.739703298376428675e-02 2.247767493869442038e-02 9.871048099729589076e-01 -1.966329563137931835e+00 1.052069374365948717e-01 1.148523710628838179e+00 1.468100216561418092e+00 8.830414612391175311e-01 -2.911901197636821426e-01 -1.427897171088579054e+00 7.686277275688128130e-01 -3.932132096707526836e-01 -9.189656896555987720e-01 -8.659565740874726192e-01 1.612098131202864548e-02 6.380606161090822681e-01 8.147184692136859585e-01 3.732784672461471054e-01 2.803877804193571910e-01 -8.098874588749640502e-01 5.695716456595662641e-02 -1.235070008591109714e+00 3.711001783065676629e-01 4.291503722968115775e-01 2.668036894335182319e-01
3.594776553374933181e-01 3.008883466656857020e-01 -6.795608448879449925e-01 2.584734372648159195e-02 -4.218827159560303297e-01 -7.391155801726889685e-01 -4.505263272520919071e-01 5.030039845951064237e-01 -1.006195466948976103e+00 9.493838917507555486e-01 1.472923239135683071e-01 -9.709579934531296086e-01 2.652960062288021725e-01 -1.043072762114972019e+00 7.158429368148832017e-01 1.645384602073976854e+00 -7.128955606510267717e-01 -1.021875341972111828e+00 8.645238262337935353e-01 -8.060730902542131426e-01 -2.013931926317245935e+00 -3.816812686981711084e-02 -4.747424038327811568e-01 -4.070370459643398164e-01 1.102931480370279216e+00 -1.028387849998878556e+00 -4.631306870629998129e-01 -8.873834344914213745e-02 1.125847681495969699e+00 5.546663229814249307e-01 -2.066172542562138226e+00 -4.058325644139673116e-01 -1.186048008203508086e+00 -3.455300850062700824e-01 -1.353654536584910500e-02 1.118365254585607538e+00 -1.785737694473345794e-01 -4.023900182923557667e-01 -4.955525370368611404e-01 1.351377349032583108e+00 -1.358458973202070652e+00 -1.574343417242223264e-01 2.086586261174065149e-01 -2.133711686192182599e-01 -3.921228800373535717e-01 1.618437215596952861e+00 -1.504740727846263226e+00 1.411240732650998808e+00
2.214662391464984559e+00 8.469077335173622600e-01 -1.079422281732335342e+00 2.407481358867235577e-01 -1.494490610615901494e+00 -3.115005893882271878e-02 1.051423533471025212e-01 1.878093405795841830e+00 -2.023797147004382513e+00 2.077021197821174101e-02 -5.657956431461547142e-01 -1.422609985886940098e+00 -6.928012352916238514e-01 -5.015597286884190265e-01 7.846636113620549316e-03 -3.358838939882146657e-01 -2.131582919202447357e+00 -8.199033755591826900e-01 -1.163726398950072127e+00 3.036956558053640065e-01 -1.126043466993090103e+00 -5.320693393841082752e-01 1.105604470769820796e-01 3.786175078197228094e-01 -1.572771114138912019e+00 5.701152977065722105e-01 2.739250683908019957e-01 1.317423154266086582e+00 1.226727391516387655e+00 6.710424991495913538e-01 -1.975824762976687021e-01 1.076697081975936277e+00 -9.302973766949430567e-01 -3.584292376696073812e-01 -1.065614548182239191e-01 5.317685935994970192e-01 -5.133464824606561727e-01 -2.392662611379757553e+00 -5.482577723782617873e-01 -2.322499202106314761e-02 -7.349560668652799222e-01 8.903052729007657207e-02 5.079127577203057520e-01 1.244136045017026635e-03 -1.649624493218415644e+00 4.920812721393247324e-01 4.045373182065861023e-02 1.294173964825954704e+00
6.671570527081895907e-01 5.506181412153956511e-01 -1.457250381070331668e+00 2.326083238257929675e-01 3.772408810979620553e-01 -4.931931259922809341e-01 -1.000274954265156779e+00 -2.635540061965694902e-01 -3.046324342234121296e-01 -4.766717040128866101e-01 -1.294607997003257349e+00 4.117978699995280545e-01 9.700729186777288238e-01 1.225648421722252301e+00 -5.233326531519307823e-01 1.195536838556281012e+00 -8.297181787460571334e-01 2.280463145450890128e+00 1.621762213998380053e+00 -1.695015100598649571e+00 -7.069304447294463278e-01 -8.791482135564266942e-01 -1.589327256339526928e-01 1.227485831968828656e+00 1.485640550099345536e-01 4.690035536890507784e-01 -1.574289690184972557e+00 1.092954076144979636e+00 -1.369505468856778485e+00 2.732770481003471419e-01 -9.688702963461860440e-01 7.552606806287285313e-01 -2.059623437567794646e+00 -1.109880759770371927e+00 7.501010948645862042e-01 6.199754249502366366e-02 -1.575662944968124313e+00 -5.143678509843653268e-01 -8.457387298764869332e-02 -1.539448161501601131e+00 8.117860552968076959e-01 2.729152301811628600e+00 4.078645734108913290e-01 -4.826373935215391708e-02 1.210966583383715545e+00 -6.828324969565230385e-01 -1.482491975376802440e+00 4.480422168908648750e-02
2.832266545821483295e+00 8.340390085622882976e-01 -3.598299782066927688e-01 -7.367347214496777763e-01 -2.954889167467971589e+00 -9.689722876537057994e-01 3.065508001936948501e-01 -1.717657747008195068e+00 1.139802595987355227e+00 -3.200451511628448209e-01 1.396342555966390453e+00 2.244038641842039272e+00 8.068594096861976261e-01 -8.110731719824670893e-01 -9.020688702854573471e-02 1.282635072251374408e+00 2.057249103393497425e+00 -7.803430571437045549e-01 -6.694369457288750214e-01 9.373278046980215716e-02 -2.916150925160591045e-01 2.268434570912001735e+00 9.953306431705603863e-02 -7.816704852559402950e-01 -1.078390168800014370e+00 1.085844930689684906e+00 8.828929089801356156e-01 -5.908745421064142134e-01 -7.818946712610855831e-01 -8.781747360097944544e-01 1.449699105163172463e+00 2.162556650264301772e-01 1.634498994777227487e+00 4.943435798873211939e-01 1.272061911044794602e+00 -1.688250920715198777e+00 -4.562256628090802790e-01 1.747693941637164405e+00 -9.105350635983052721e-01 9.536898471155287327e-01 8.396741081997256551e-01 -7.991133321478005591e-01 2.218464165447376485e-02 3.653643818090402950e-01 1.340283266947918106e-01 -7.192357500300546880e-01 -4.243632784994919027e-01 -4.011757255833227065e-01
-3.441888055619794495e-01 -3.760275710909574132e-01 -1.262163428676370769e+00 -1.704297428474973897e+00 -3.909331843284167274e-01 4.666112308907531259e-01 1.916129919917147539e+00 7.495172587349322457e-01 -1.018543485632227297e+00 2.525790719629683045e-01 5.585509025511294912e-01 7.966366043270493857e-02 -6.751265585801484725e-01 5.089994499010991325e-01 1.489933522348124706e+00 -7.542337611267585507e-01 -1.609808528497497671e+00 -7.930866738153651285e-01 1.995007217844473768e+00 1.265788427188106358e+00 -1.121662743536834261e+00 1.114478060236755219e+00 -5.337445443448384230e-01 9.788341923209989970e-01 9.111269062845226419e-01 -1.303624647983564033e+00 -9.875782234641876656e-01 4.599073909693978668e-01 -1.030059252216082077e+00 1.659531140517169767e+00 1.401421183946324422e+00 6.116050946424882451e-01 -1.120760226179993158e+00 -3.391711413674148301e-01 1.047513886965352858e+00 -4.356030708189176925e-01 1.851107767211989996e+00 2.266304470645474467e+00 -4.368341478399167532e-01 2.693329859327325826e-01 9.930165295958333083e-01 1.998952304192019858e-01 7.454495308475138637e-01 1.705933264831411278e-01 -9.094119962227872334e-01 -4.733617945123710369e-01 4.116611833800685183e-01 -1.865326396008288645e+00
-3.581716806212396215e-02 8.287937692277008717e-01 -2.288575372887157733e-01 1.081640467068464978e-01 1.531989449606097897e-01 1.276731151264201447e+00 9.449578622292560404e-01 1.153254849905834600e+00 2.352161192716284155e-01 9.480018450758428417e-01 1.583095659772319364e+00 -8.777350666383669786e-01 2.900583656287726297e-01 6.946442491309952061e-01 9.334607683609824624e-01 8.324546079615171568e-01 -2.687099932461625706e-01 -1.085892630319905683e+00 -1.014716067982630365e+00 9.830728497333059979e-01 4.488436415315973371e-01 1.252091534492910219e+00 1.339318176687992024e+00 9.448428511806248320e-01 -4.202333712448620417e-01 -9.372522715031868235e-02 9.339139368713180733e-01 -1.807050271209934278e-01 -6.794212243044006616e-01 -7.757514898805413506e-02 -8.930131818262692089e-01 7.468189010616147483e-01 -8.560456744916074001e-01 7.264547271701278230e-01 -1.723462024835619721e-01 1.308630054768319617e+00 -5.630007799281304681e-01 -1.393530465059858559e+00 -1.091704381381025879e+00 6.922758097363487240e-01 1.170694614986749649e+00 -1.244879606420298712e+00 -1.954883772850701362e+00 -6.975780736593910625e-01 -1.121828650598502564e-02 7.148960444246439394e-01 1.665418632127215082e+00 1.708273313264531967e-01
1.877735284677100491e+00 1.374211575733368662e-01 8.584156983849449141e-01 -9.358589419737547987e-02 -9.006548582071750575e-01 -2.213702909642990269e-01 8.937052686781071786e-02 -3.728582224283787938e-01 1.500076802503925499e+00 -7.096012241427861467e-01 -1.016228454316093543e+00 1.610238027849252573e-01 9.185073725977518366e-01 8.869094738290192459e-02 2.319493617254300144e+00 -1.011739590731303151e+00 2.890191667144235699e-01 -4.058598742877523868e-01 -1.977920620108425398e+00 -3.203930029646223088e-01 8.606699410440304954e-01 2.401153638999981244e+00 7.256622494143842861e-01 -9.998585109433741902e-01 -1.152950750675813651e+00 8.864926470012487458e-01 1.918075139682514640e-01 -1.504764101200020354e+00 3.680248628178601211e-01 9.697006061379914721e-01 3.454416719952831394e-01 -1.301335970916523754e+00 -9.187668669620883133e-01 -1.103757904164098941e-01 2.114101928810906972e-01 -1.240985934730572504e+00 -5.188188711521107832e-01 -2.268164539162347282e+00 -3.467457857574327007e-01 1.007442697492201278e+00 2.482363531434830795e-01 2.373026848028298996e-01 1.040130090285281694e+00 8.168167248650200218e-02 -2.026163054188843571e+00 -4.652474569589994946e-01 1.122763005105913203e+00 -2.211835570254155225e+00
-1.749992387446122344e-01 1.513904546154316799e+00 -1.127778513087575929e+00 -3.649535040172506295e-01 1.033372233988218980e+00 -1.567874627531831155e-01 5.055682170742447079e-01 1.229262596823943010e+00 -1.695040931357960190e+00 1.633176368381689114e+00 2.618198559843499806e-01 6.234327968919525231e-01 -7.470581691177022865e-01 9.429497841301301975e-01 -2.163913420572197988e-01 -6.324949881025698772e-01 5.303068031425749451e-01 -5.501116660618720067e-01 2.902331013685220396e-01 1.974266479462219337e+00 9.059173908625421656e-02 -8.075506263167552268e-01 1.357023697834862874e+00 4.974624018892432886e-01 1.321363972314610225e+00 7.207917625231251291e-02 3.490976774222366297e-01 -3.696139593136663071e-01 1.325051160117383997e+00 -3.923794608019581798e-01 -1.646039303511281027e+00 2.671143423816830231e-01 -5.752994570091285453e-02 -4.979657072297670184e-01 8.452488352851783571e-01 -4.224510222194167164e-01 1.204411385742179874e+00 1.179980336457745027e+00 1.975543576264737089e+00 1.216204672432556366e+00 4.756766566848056287e-03 6.459446217191328055e-01 6.701597781058582504e-02 -7.234740619708184273e-01 -8.635914400679550740e-02 -1.645956526829023547e-01 3.505388694885625545e-01 -6.163462707929450168e-01
4.771360726001135609e-03 1.533238372849000886e+00 -1.983110539751318013e+00 -6.300324873251640367e-01 1.167046491545296716e+00 8.175083554373219208e-01 4.266645850152889774e-01 -1.720294157921440803e+00 3.932334313060023012e-01 -6.474059696360803980e-03 -1.076136697978253842e+00 1.347076984082734796e+00 3.655650695927254112e+00 -9.522249343719376702e-01 -1.067678271851015603e+00 -1.069250946650409206e+00 5.751183216466411174e-01 5.401621157141052176e-01 2.647863454811532069e-01 5.179511926512258002e-01 -4.679735543335712955e-01 -1.004879847280705896e+00 -5.185823679470142888e-01 7.258280993444814477e-01 8.605610873974248731e-01 -1.215448064459000221e+00 9.779437734081246614e-01 9.969130226948591522e-01 -4.359632563090706792e-01 2.561392376507578006e-01 4.856510366840515736e-01 3.307273632891229442e-01 -2.393975115804560516e-01 -1.152228261374722118e+00 3.168513242817889153e-01 5.580348177109922814e-01 -1.628907566042659683e-01 -3.765686595386455449e-01 -7.933438669614793770e-02 4.146087664162374509e-01 2.294630967068267691e-01 -2.154312427617326997e-01 -1.076159497890973649e+00 -2.413530552572451804e-01 1.543694885233837466e+00 -1.614944597852435715e+00 -1.971879012861272873e-01 -5.484964858890922085e-03
-2.043898115404799987e-01 -1.139635477702445998e+00 1.496013839193765238e-01 8.691780386344506448e-01 -1.245603935995341471e+00 1.136140903790351597e+00 -9.011930039050318753e-01 5.000519776409632078e-01 3.222963772524837373e-02 -4.360608552030208890e-02 -1.934765230893212007e-01 -1.140265857849384279e+00 5.444126333611177815e-01 6.182175432817494931e-01 -4.308048114091933001e-01 2.423596242779624266e+00 -1.221939233427726368e+00 -8.888343749634524116e-01 1.073659871819213851e+00 -1.203164148988716681e-01 -7.363178440362193600e-01 7.711036302708887957e-01 -1.213500578543447173e+00 -1.451788694325852003e+00 7.601658028562374714e-01 -1.069370258295342824e+00 1.268107599923697704e+00 -2.526090965983855963e-01 1.320405341760468421e+00 -1.365849732411088535e+00 5.095437020730615441e-01 -1.555244347509034952e+00 5.855762113268007107e-01 -2.099049315077568423e+00 2.184590870914889238e-01 -4.353721748406175901e-02 5.420572382840719294e-01 -1.960651329552567101e-01 1.759276642896708820e+00 -7.504654712474380096e-01 -4.493326037207423518e-01 -1.130342701494012170e+00 -9.178290531762089977e-01 -1.389292622823053103e+00 -1.121082863325520762e+00 -1.385407442680240298e+00 1.704912052211315476e+00 1.235023195700545529e+00
-1.404980511981611446e+00 -4.077108062770243846e-01 -2.724535545392162139e-01 -1.327319817042053041e-01 5.229470601230026272e-01 -5.410263607608369885e-01 1.508426327947798073e+00 -1.326982623572068531e+00 -6.419958430950341022e-01 -9.913685935275369232e-01 -3.711796118092765967e-02 -9.836822583115052698e-02 -6.844572208703063598e-01 -3.282601264698427612e-01 5.785327942301504711e-01 1.529505209001940313e+00 -1.918599729089333294e+00 4.269957014296001940e-01 -1.786621024328261642e+00 5.103328617492502994e-02 -2.501626873504765314e-01 9.015390380430806649e-01 -1.776377114852421280e-01 -1.769031386748976808e-01 1.089194993783609178e+00 1.450168991028364385e+00 4.711178891054358386e-01 1.024015265177509626e+00 -8.959468365008356194e-01 2.211807507852903421e-01 1.678532490908308583e+00 -1.007304659506716993e+00 1.540909404226410873e+00 -2.423186533773866724e+00 -1.029297599742333702e+00 1.473459203513755256e+00 -4.318891702788901776e-01 -1.693163231339967378e+00 -3.248885748775589416e-02 2.125557671280167149e+00 -1.900445448037049845e+00 -4.190289276809110453e-01 9.159994808974029068e-01 -4.841896673013922348e-01 6.937213441169221007e-01 8.563441911945087748e-01 -1.289909370908856712e+00 1.398167890943902369e+00
-3.146603016216231730e-01 1.670300938646601452e+00 5.925412486386071320e-01 -1.041916058390557120e+00 3.620329170463100765e-01 7.445329913295058999e-01 4.229105783728220186e-02 -2.899749396161876436e-01 -1.554691898795246496e+00 6.307722500960180056e-01 3.053803458548465244e-01 1.897222034777108490e+00 1.727402330129558461e+00 -1.870125934502917253e-01 1.868715059405579859e-01 8.422622169382877333e-01 -1.415068576064879124e+00 -4.666602375653998158e-01 1.566339442956217631e+00 1.314278747565510441e+00 9.118683857331221221e-01 1.610720652188495583e+00 2.990997998018964377e-01 -1.906409463266361071e+00 7.978612157328107690e-02 6.725034791734322281e-01 5.193779585185592795e-01 -2.462543470987247074e-01 1.853933447460013761e+00 1.068834610981513222e+00 -4.602640905104478097e-01 1.002368333735369044e+00 1.146469856151416111e-01 5.227817895942946658e-01 -3.694497654886559901e-01 4.176081915571019931e-02 3.837056095511614529e-01 6.449996600391566526e-01 -5.638551512692066003e-01 1.057107623833623000e+00 -2.186721462099277258e-01 9.981040988985129259e-01 -6.658237768561863223e-01 -1.382414420444361136e+00 -3.039280674785763470e+00 -8.805147249331669590e-01 -1.408060657032975449e+00 -8.665080335199104589e-01
-1.074698621327972559e+00 1.418738273594573496e+00 1.378714941589776810e+00 -6.479077673223053724e-01 -7.061413802637336312e-01 7.015726623834085407e-01 -2.385298248944962285e-01 1.355624917614461689e+00 4.904619371559011398e-01 3.240385923891754283e-01 -1.091684020444872338e+00 6.629962100434487748e-01 7.741625860275255788e-02 6.451147152026148746e-02 -2.938210701771367880e-02 -3.377995569106644891e-01 -4.486732102076426143e-01 -6.793986559738060538e-02 6.453716189744372889e-01 4.144945586530325299e-01 -1.144586620554220113e+00 -1.112534663947989388e+00 -5.755401513316754647e-01 -5.823551372263637838e-01 -1.726980178863746218e+00 -3.970413670003513640e-01 6.098876654526489416e-01 1.287379187985017381e+00 1.235553216920952796e-01 5.770491193305238298e-01 -6.511837474827034677e-01 -4.272020509270615385e-01 -5.575643093057734978e-01 7.612811033326513099e-01 -2.824202118154633956e-01 8.155756372379438512e-02 -1.931654440772294201e+00 -6.925937235864561003e-01 6.083582388144144204e-01 2.187735114145564486e-01 -1.506544215385275942e+00 -1.181077335061876399e-01 -2.028990782336597576e+00 -1.215646671960711744e+00 -2.885493363853014817e-02 -1.678262691254037708e+00 -4.137784895096115467e-01 1.043483335570341675e+00
5.328728961018404098e-01 -7.245528264197391710e-01 1.161472028055197114e+00 -1.117349582839897382e+00 -1.047446226229396649e+00 3.273442551488646157e-01 -8.860741533200315878e-01 6.233945682951280015e-02 -1.031897087737104091e+00 7.945616099255452536e-01 -2.730787961742180414e-01 -1.038411191830042712e+00 1.128921838807895650e+00 3.127833551902349241e-01 -6.328775633166299208e-01 5.234751224014171783e-02 -1.648447224650732845e-01 9.043843496516701386e-02 1.714719273783942843e-01 -8.019591158514887130e-01 6.163652733153464069e-01 9.718463802651232664e-01 -7.075821693028345738e-01 2.194555815946760968e-01 -1.220593429791013262e+00 1.328934344888106800e+00 -4.128427620993766478e-01 -1.317472535376724041e+00 5.711697725274392581e-03 -3.754738415331042023e-01 5.978701776718042815e-01 2.798734186386764300e-01 9.580650223687247058e-01 -5.003536660031548781e-03 -6.023576600575994422e-02 -5.521911317142861320e-01 8.408093896807259382e-01 5.411138622244250351e-01 -2.157390641913392137e+00 -1.825890332131892002e+00 6.650865578527230815e-01 -2.890814939363646197e-01 -6.561185961015260082e-01 8.082003484245057212e-01 -5.883566478508601705e-01 1.449101732598928882e-01 4.097577043888083193e-01 -1.625546823064056290e-01
-1.641234179994958575e+00 7.402473379177368917e-01 -8.336545356610050028e-01 2.425416988886691938e-01 -5.619176802990482056e-01 -1.627926450918219192e+00 2.241875308121579757e-01 4.039572467428576563e-01 -1.060167045096041871e+00 -9.367111103579637277e-01 5.463235754247325326e-01 -1.119267710202607846e+00 -1.462092972639717603e+00 -2.797251586176743854e-01 6.714738794593074767e-01 1.067339799303819614e+00 -1.237428525114252498e+00 2.227232224172122965e+00 1.042662337250575222e+00 6.912384163926990066e-01 -2.166912184189629720e+00 -2.025412737913035721e-01 6.822618028629950926e-02 -1.199216420984269504e+00 -1.053598760333702478e+00 6.964732321018778094e-02 -7.108403530502195311e-01 -1.052661201033824989e+00 -1.183692314588844496e+00 1.111692241365167533e+00 -5.956156622241979282e-01 1.673179925916487676e+00 1.679223369000651667e-01 -6.163574028085462286e-01 4.759224398189226823e-01 -8.710946788119334760e-01 -2.404561830285375512e-01 1.717646973733935267e+00 -2.071235808869516859e+00 -5.566105839106034736e-01 -1.032541596415478491e+00 -5.708466652365755678e-01 -1.073649906718379343e+00 1.224699749462459186e+00 -1.389538063606220522e-02 -2.577786684139921625e-01 6.351964921896743332e-01 1.729243688273468804e-01
-8.031125095175671857e-01 -6.964118604080765489e-03 6.391768931645855911e-01 -1.596738874607824155e+00 2.239795413121722589e+00 5.022040044139752801e-01 3.298198957605014692e-01 1.674956175559722427e+00 -4.854741662670271629e-01 9.673270322921521114e-01 -1.698936392197557321e+00 -1.139077967359924948e+00 1.695966719849226756e-01 -1.792434759615639528e-01 -2.756370372091028753e-01 -1.557820733999805807e+00 2.686555470291283887e-02 1.415944998713375425e+00 -1.250593748548042505e+00 -2.202198508350312611e-01 -3.033160070278340670e-01 -1.863908940378702361e-01 -2.988809836592862812e-01 -1.399038989405142486e+00 1.003619101358222299e+00 1.881261331423195876e-02 -1.265980537449290066e+00 2.638785662360902062e+00 -1.001191196390065208e-01 3.616762410893609170e-01 -7.394537117681633243e-01 2.435523989013897328e+00 -1.521323164201188627e+00 -1.264495645405150803e+00 -4.415066728480725178e-02 2.711726404606743523e-01 -1.227021855247323101e+00 8.886927616264951590e-03 -6.201130127936578251e-01 3.645125614046244578e-01 2.331543650146759850e-01 1.408558689710394773e+00 -1.050823290893763806e+00 1.570206410561056642e-01 -1.817453976996881604e+00 1.277630532129542695e+00 -3.221650147366278971e-01 -1.823299485675282383e-01
1.371614939178591674e+00 1.396192554989052814e+00 1.009402950144298705e+00 1.076926641333002310e+00 -1.276158493340640576e-01 -3.818441319104473597e-01 3.741326681286390177e-02 1.295777490165271884e+00 -4.444650523793238217e-01 3.886763345959599603e-01 1.127403924708344635e-01 1.274933149716547531e-01 -2.400542570493111150e+00 8.415968362903702982e-02 7.500750668381844788e-01 4.398303211226938236e-01 1.536185341456006506e-02 -2.711134579877690909e-01 -8.063528445190329408e-02 -8.539130740692096877e-01 5.460941841487945009e-02 5.670035692119595322e-02 2.158803396609568770e-01 1.058099116400889939e+00 -3.618687025165214788e-01 -8.288892980947675238e-01 -8.066933170069697789e-01 -1.527550239959176270e+00 1.036692704125770526e+00 -7.100398360103898909e-01 -1.914028959697178456e+00 1.162778024782263664e+00 -5.780204387786897630e-02 6.771912120494071319e-01 9.221979128157123951e-01 1.331270112736322675e+00 -8.340450103868176646e-01 4.569913236129326262e-02 -9.536760724036938974e-01 -9.580508484007251857e-01 -6.006854025978367040e-02 3.210831338709080329e-01 -1.526523214754433422e+00 1.271102775957921427e+00 -5.549752833299252952e-01 -2.640157617780113930e-01 3.689364074038278818e-01 7.044916216764503247e-02
-6.045442046327845764e-01 4.359332840304232515e-01 3.664994286874726503e-01 1.189939941526670791e-01 -3.377109909435985213e-01 -4.210363353657448071e-01 7.017664927906879235e-01 -1.225241585750065809e+00 5.788187775510282851e-01 8.112906419950483006e-01 7.200704656485172883e-01 4.804074181655865888e-02 -1.745206936214504401e+00 2.642943094877162613e-01 1.963965862612665481e+00 -4.458864684574316561e-02 -4.392006184256486145e-01 -1.044121945506000237e-01 -7.765870157526949535e-01 2.937678133378708312e-01 1.327406871062394966e+00 1.185940307437730601e+00 -7.451957800796883413e-01 1.724011756622660652e-01 -3.632731808813507990e-01 -7.963679883297296314e-02 8.247816645815626568e-01 -1.145409019601747014e+00 1.844055476065576515e+00 -1.532736424721650836e+00 -8.259082933179884289e-01 7.370767670829745377e-01 -7.617267934985037792e-02 -8.317707100896565287e-02 2.980498236734929751e-01 1.242131568246341439e-01 4.903593959145052805e-02 -6.626414600782276620e-02 1.474338134248701082e-01 -9.236271498240306022e-01 -2.815057044002549080e-01 -1.524461960806851313e-01 -2.386096301063768965e-01 8.021079575575984499e-02 -5.603042476345191369e-01 -1.155472516688281326e+00 -7.369545668919275094e-01 -6.652524278839295757e-01
-1.193176923935940215e+00 1.077929936686088830e+00 -2.796749442993408108e-01 7.742981455196268348e-01 1.600737378727100646e+00 1.873720635805926626e-01 -5.253424880074955006e-01 3.799518880595942893e-01 -1.415411388051363850e-01 1.948269077194768328e-01 -5.201066687223657725e-01 -8.370136008449892140e-01 -1.211421746322396686e-01 4.399105545875966472e-01 -1.046989960739696413e+00 -3.024990652884804176e-01 7.317258887888934415e-01 3.028467803261918778e+00 -2.727621780087566838e-01 -1.295142984178116352e+00 1.029225859904197016e+00 2.290059053836048519e-01 3.854065541708510678e-01 1.685254393776879134e+00 -1.632888151324974668e+00 -1.651184004735435362e+00 2.247511755278960521e+00 -1.773131265135883261e+00 -1.225119084723836627e-01 4.109378995049485228e-01 -2.871080421323538023e-01 -9.268139313438678029e-01 -3.925370216293770365e-01 1.549596923781634272e-01 -1.474366885920081582e+00 -2.240395653364474216e-01 5.867480142596629561e-02 1.464452970859521308e+00 1.154826204512037907e-01 -7.046982789896438781e-02 1.088159541665717711e+00 -1.321615194620059608e+00 -5.656907071694947664e-01 -3.328495379243888164e-01 -2.177114851500304038e+00 -2.092873051443292221e-01 -1.136603221395446672e+00 6.719006285195736616e-01
-8.927184876855491780e-01 1.479706868199350267e-01 3.141465790823932402e-01 5.087747493437384527e-01 1.277097491785447625e+00 5.578321986956569223e-01 1.678080209698812775e+00 -1.543535362568793756e+00 1.262041733198320026e+00 -1.010714860352865507e+00 -5.994737695665492971e-01 -6.078345142043084515e-01 1.086281632119622115e-01 1.148091074475442674e+00 -7.982545001704426380e-01 2.074449943962093368e+00 -7.900794207415517967e-01 -1.758759097299377183e+00 -7.308984735891654871e-01 1.359450070397499211e+00 -2.901951146864466535e-01 7.080770615210427721e-01 -5.460992343045460995e-01 -1.440999220920927026e+00 1.434535124293147668e+00 2.100989870176667162e-01 -1.357973147736571962e+00 5.070835989033173341e-01 7.653018981310022451e-01 -1.179348808525406467e+00 -1.832557831078412525e+00 -7.976387952432518746e-01 -1.692488349876842268e-01 -5.904646943093538186e-02 3.717713050525653373e-01 4.947521142188284204e-01 1.000491512732044619e+00 -1.272614834589280930e+00 2.100636063784821761e-01 -8.190620460821821380e-01 -1.378494433098766958e+00 4.775624151865247580e-01 -9.014465934698153715e-01 -1.618613977093186218e+00 1.305446793746014578e+00 2.132606345831949413e-01 1.884294360033191840e+00 -8.840858217714812062e-01
-6.757995436122382626e-01 4.337270923577318249e-01 -1.546881540078507422e+00 -2.185630992356983326e-01 -1.044943107240317581e-01 -7.001917281329225196e-01 2.810769715578955719e-01 -1.850221767214100255e-01 2.125300237449259388e-01 -4.237585475407621566e-03 -4.881331495572731605e-01 1.865420094553117969e-01 1.349074419223848853e+00 -3.598758976097832935e-02 2.457670175641384624e-01 2.439947208518694066e-01 -1.338261156278682806e-01 1.128414323301595301e+00 -1.013207865135895780e+00 -1.082575907604733101e-01 -3.555097450146406102e-01 -1.662841773020067082e+00 -6.247462432848650132e-02 1.553274369433174096e+00 4.709069916594081362e-01 2.058968312850461557e-01 -3.795768134166794261e-01 1.212685741458315869e+00 -2.011926386206285056e+00 -1.012985413719754424e-01 2.500305624813420557e+00 1.146336161667730474e-01 -1.074940733275965954e+00 -1.702583038865241871e+00 -9.870249696018558450e-02 -2.793849436798687830e-02 1.431278820702968080e+00 1.003053418493315085e+00 1.415768553593251156e+00 2.113021887038786795e-01 1.389684128467126634e+00 3.479471208027086204e-01 -1.366218805081146348e-01 3.115684348007544680e-01 -2.913645850904986734e-01 8.184270764405671139e-01 -5.879423691451133305e-01 6.415022739762368253e-01
-1.230561681710905964e+00 -2.862918480510728614e+00 6.612437243603006554e-01 -7.854821219438937185e-02 -1.884700496333534606e-02 1.321430934937278812e-01 -7.088982145673041746e-01 -3.649508519758490332e-01 2.467909278643130311e-01 -1.213679137567989619e+00 -5.025990536526182551e-01 -1.507095402221479974e+00 -6.461500651144971297e-01 1.267660539028450772e+00 -1.816508466874596328e+00 -1.234979785481745695e+00 6.466726241725390123e-01 2.624476324313920750e-01 2.201530999060075378e-01 7.136085066487121154e-01 1.283111449910377067e+00 2.634544302572490171e-01 6.979826137664589814e-01 -3.374077239816040685e-01 5.492454365180282627e-01 5.377993215013836259e-02 -1.230823083915028704e+00 -5.889495418644697944e-01 -7.396769799218422259e-01 -2.249793179624971495e-01 -1.037480164831223517e+00 1.250700081297462463e+00 -1.577435916428621576e+00 -4.993236877938201923e-01 1.084240364016106239e+00 -1.448874856618662665e-01 1.246556980616280397e+00 -1.715492750898424790e+00 1.277426761722609161e+00 2.342969119194268757e+00 -4.555012863740018347e-02 2.193461993407445298e+00 1.316062706393218873e+00 1.478970191545563029e-01 4.758939455669342622e-01 9.608430675520718278e-01 -2.719856605999836918e-01 -4.293004668170237736e-01
7.360048964652350367e-01 -9.285303958956574455e-01 -1.743489652487816954e+00 -2.292015088532472156e+00 1.875706788473262623e-02 -1.705372101282336128e-02 -3.561437978535559323e-01 -5.631145030292646902e-01 3.312726008445369269e-02 -4.874130383597007898e-01 4.177802338672453875e-01 -5.201865520347990213e-01 -2.744090391261532758e-01 2.242263988471772662e-01 5.963316332463796110e-01 -6.262571538711497743e-01 -4.185067493026314867e-01 5.832400216127202608e-01 -2.127313542335885543e+00 -2.062082041492751400e-02 4.878818063625692814e-01 -4.515727893710231311e-01 4.788669464969048106e-01 1.258574772771289707e+00 4.174974232085832959e-01 4.804570620830680983e-01 1.044912537722008095e+00 1.303302656384854208e+00 1.539431858656733487e+00 -4.248432191625957088e+00 1.226667316344663528e+00 -4.296187465251707915e-01 -1.283052042454371655e+00 -4.923943893051320186e-01 1.908299659353193123e+00 3.789432789942808188e-01 -8.899345549507247100e-01 -2.304757970476114526e+00 -2.097056182062726482e+00 -6.015498290321625863e-01 4.554295285886583722e-01 2.861946621840768534e-01 -6.609717120418516778e-01 -9.216910066810772850e-01 -2.390747058342863329e-01 1.525471040997602168e-01 4.583522389452711066e-01 1.202965454649032262e+00
-4.976037820539356837e-01 6.652904012316573912e-01 4.132997130481208536e-01 1.313213843484819288e+00 6.338644648083219257e-01 -9.919927537189704436e-01 1.540950879557043685e+00 1.816803904410617954e-01 4.502072304493626720e-01 -3.466178169182615454e-01 5.128295639258933364e-02 1.713985912700862979e+00 6.408884830394213639e-01 -9.058170775750719328e-02 -2.275743483265740275e-01 1.320113535878730149e+00 1.023196076688987627e-01 5.227448057468769838e-02 6.889747489063194341e-02 -8.075698032265921089e-01 -6.926789410992388873e-01 -6.312989022945988404e-01 -2.315393298719613246e-01 8.614142530208669379e-01 6.878467934633447634e-01 -5.145097739613395671e-01 7.952960438403117172e-01 -9.665167155064160465e-01 1.206133795543725462e+00 -5.205018193430632073e-02 4.852227553381235348e-01 1.048632351610828684e+00 4.569151900770391031e-03 2.963224656790199377e-02 1.324289499328044961e+00 -3.720843895841562388e-01 -4.869003873751981959e-01 4.659547169257746702e-01 -5.109169515736553535e-01 2.169567956976354850e-01 4.104080833463165101e-01 2.439805197007483342e-02 -8.619021090088950510e-02 -7.981668604111560317e-01 4.283693014214169925e-01 -1.336110530236445104e-02 1.892746854228340547e+00 -7.497346544092188259e-01
-1.610579733179238637e+00 -4.139411170928433692e-01 -4.257711108459676375e-01 -9.484507011041635183e-01 -5.721804263237600940e-01 9.065073189674246468e-01 -1.034490451882612128e+00 -2.513095275512169241e-02 1.482005624261112597e+00 2.472232881961326623e+00 6.828288374743519684e-01 -1.370958712790250611e-01 5.048519526760872900e-01 -1.014726514081758957e+00 -5.360750140192870328e-01 1.992325572543739876e+00 -8.308824192810150278e-01 -8.920216868236949814e-01 1.006258274301126798e+00 -1.893846312186813430e+00 9.984675830996678769e-01 -2.822396635951743282e-02 3.705656656720817677e-01 1.206413791645275957e+00 -9.683278467057714334e-01 5.325172726769786813e-01 4.520397658508741867e-01 5.702906118376305233e-01 -9.734420163125961922e-01 6.834497787718806228e-01 6.595295050974615825e-02 -6.714559102086612441e-01 -8.703061425140882212e-01 -1.494935179064741659e-01 -5.607029493300843548e-01 -1.032772512512720509e+00 9.000968142775740422e-01 -1.113922999145702919e+00 -4.173160663990397867e-01 -6.571230944712865840e-01 -1.996631905392760808e+00 1.690757209390546523e+00 -3.156434864658981265e-01 1.584770856114963156e+00 7.125784252553463149e-01 -2.912210779413091921e-01 2.472836594638353203e-01 1.114927309757126839e+00
-8.626069479117624006e-01 -8.673084641797294825e-02 4.892966615989486900e-01 -3.659079291017099944e-01 -1.972963002661715315e+00 -1.014425859547811726e-01 -2.205872107319555742e+00 9.587058121965037483e-01 9.393724509579386428e-01 3.471674559512263891e-01 6.408631484634661965e-03 -4.212751635080724116e-02 5.403798392895180491e-01 7.305221189156660966e-01 1.682556868187619070e+00 -5.984334870261964756e-01 -4.578638272295360578e-01 -4.401382231368601294e-01 -4.389026262063069894e-02 2.296240061330402094e-01 -9.213815101593213486e-01 7.881842039438029524e-01 5.335667924459853717e-01 2.853394934781133818e-01 -1.453001850020209318e+00 1.005970587160280427e+00 5.319373905271259501e-02 -1.888698608521845346e+00 -1.157490207952871053e+00 -5.941436828240079931e-02 1.015074059404051265e+00 -5.354272938141615423e-01 1.163763297222596416e+00 -1.626782390572810710e+00 -1.441354653673612596e+00 -9.053427726618293869e-01 -3.009049545177008289e-01 5.441995937217475321e-02 -2.645364303263527006e+00 6.229148063209796193e-01 -1.421541906774397956e+00 1.190083264828601051e+00 5.912222381554237405e-01 4.069038776008581659e-01 -5.939239907750940572e-01 -2.111139410988527657e-02 4.032804245462843357e-02 5.166102863359588460e-01
1.759715304731011898e+00 -1.312265386551102475e+00 1.557415017479087949e+00 4.399643581173858231e-01 -7.759238588672883186e-01 6.563345494174291916e-01 4.531538775763911397e-01 2.943911966121975365e-01 -1.919614238844615794e+00 -1.134175907536859040e-01 1.454189118670770497e+00 9.148490647851633684e-01 4.973291956311382683e-02 1.937837358485210881e+00 -5.767322122081616209e-01 -3.425958352091498793e-01 -4.239987174788175106e-01 -2.388584231594390317e-01 7.120334355441687579e-02 1.637761140260299397e+00 8.901073888912408583e-01 -1.593602222409254976e-01 4.007753198606227030e-01 -2.084030847600644998e-01 1.161333117638881696e+00 -1.411130671252735835e+00 -1.320393681096764471e+00 -1.212710172889412519e+00 -2.488047544410827427e-01 -2.471720341595168846e-01 5.527155874437859051e-01 1.373388673394763393e-01 1.918302298966050867e-01 -1.432130715600836046e+00 6.258033497695919545e-01 -9.399012615340255339e-01 1.293464891746428092e-01 3.911409384610968765e-01 -5.912415260543932849e-01 3.578924641873709039e-02 -1.542068860956941068e+00 2.780161370595017889e-01 -4.355522909224471967e-02 1.156248064871940651e+00 3.459213749030670693e-01 4.634373667972720989e-01 7.617618171155565721e-01 1.003900131192538431e-01
-1.319988976066879927e+00 -3.380681083920588637e-01 -1.367686744528366249e+00 -4.800407496216778092e-01 1.089626339605089589e+00 -5.085599271787202280e-01 4.452688965984893943e-01 1.037365825356423299e+00 4.167691001361925607e-01 1.753174401805380311e+00 1.158308457990849361e+00 1.830802573113037568e-01 9.157401389519662649e-01 -3.239933363907075425e-01 4.038049571106983038e-01 9.037046466188759786e-02 -6.809884247630529908e-01 -4.637110928703513379e-01 9.611356761891949319e-01 7.536344012088365130e-01 4.754070523002220661e-01 -1.675103028408217343e+00 -3.336171039265704019e-01 -9.908482458137913840e-01 2.839279220341022203e-01 -5.459108436561592725e-01 1.667177926568502166e-01 9.447120102950733456e-01 3.632512931728222871e-01 -1.925335758918140794e-01 -2.086016328869223280e+00 7.716286699888518230e-01 -1.748292422212418262e-01 2.954442315558514914e-02 8.565403248044904938e-01 5.443682505397974269e-01 6.564796350636736832e-01 -3.125419171464185464e-01 -4.418850156483730141e-01 3.805856009481816127e-01 1.048094148429556727e+00 4.422327011742150926e-01 1.018426007820945944e+00 -1.833124179420726196e-01 -4.333805985343849865e-01 -1.260396234221857314e+00 3.086115648482159329e-02 2.476793555905014266e+00
-6.175027880313124218e-01 -1.077945192592749679e-01 -3.290001559390226538e-01 1.573641059723137059e-01 2.360853258921531972e-01 -3.854173461887950430e-02 -5.224705021097267865e-01 -5.921491098203185421e-02 -2.623270425090473701e+00 9.579218470154740039e-01 -1.224198217213299911e+00 -1.134514608176822259e+00 9.401398587184359723e-01 2.548575481383057451e-01 -9.174518398106700223e-01 6.454964210906150024e-01 7.779442219282708404e-01 3.863777555291898758e-02 3.712459179938565335e-01 3.759926120797917326e-01 5.116166862606528198e-01 -3.531072393310403235e-01 1.339523530438904597e+00 8.648257719478099625e-01 -8.261810919819119192e-01 9.089123551017802560e-01 1.474930152732625066e+00 -1.626968492807007394e+00 -9.982114791701348633e-01 2.135375279496946277e+00 -1.931964443590246105e+00 5.080302751906767833e-01 2.856334579343807190e-01 -1.118508384487350849e-01 1.069014640329424559e-01 1.369235729365103627e+00 9.518569142099926328e-01 -1.826758535194755062e+00 2.711121721287309549e-01 5.919518448922584941e-01 9.708268934953574458e-01 -6.840484673012873218e-01 9.562285028785451058e-01 1.026362947103498069e+00 -2.912230313562899076e-01 7.635333161118837975e-01 9.481647272379016556e-02 -1.948157739401617378e-02
-3.975638140074655991e-01 -1.204612427055919976e+00 -7.646052892622425823e-01 -3.537096009720879786e-01 -7.618010386557250158e-01 -1.086878007284115988e+00 2.524272218015209401e-01 -3.448778726298286301e+00 4.315941371561745621e-01 1.140926959440559552e+00 1.156716127993069332e-01 -4.489352148303262652e-02 -2.698065909429407494e+00 -1.786311004706393257e+00 -9.013987565028380722e-01 3.242956631087858810e-01 -1.017079114439036897e-01 1.612859005818841007e+00 1.745225717828295497e+00 -8.232518117995337725e-01 1.019647720061047647e-01 9.650590243522538803e-01 -1.039795204309507531e-01 -7.329301284800718852e-01 6.624659536334061016e-01 -1.788411940110659737e+00 -4.073434290683714543e-01 -1.986769357742876052e-01 3.088736820767588043e-01 -3.734082225383961173e-01 7.793974212725590656e-01 2.211442220091333954e+00 -5.945128662263030606e-01 -7.081619102438558855e-01 -4.685978056113896950e-01 5.485636337791301997e-01 -3.772057104178507814e-01 -3.171616947577243217e-01 -1.213730371287084948e-02 -6.632564941726702690e-02 1.003277563932895911e+00 -4.757089359277859031e-01 -1.392479010182021248e+00 1.107863102915129128e+00 -1.331999341843788098e+00 2.469576108526974068e+00 -1.350926095755094147e+00 3.557429179367387895e-01
-5.024339595607493214e-01 1.151090636489886077e+00 -5.940923755234399639e-01 5.333770160445002739e-01 -8.577852254528300913e-01 -1.370519162633728971e+00 -2.533670384188216662e+00 6.465635078155672621e-01 9.494312724374184831e-02 -8.512424909221066871e-01 8.441026067641467234e-01 -1.966703229757092719e-01 -9.313803826609786535e-03 2.101742242852989939e+00 4.582768758012234489e-01 3.270493445496998608e-01 -5.146774650819825325e-01 1.540542115587678618e+00 5.953987211624375275e-01 -5.769884747105709089e-01 6.061937280486083823e-01 -2.588632481552854414e-01 1.671598874885292574e+00 1.032068768152859084e+00 -2.774154999595073723e-01 -5.455056211585135317e-01 1.102909180191411931e+00 -9.386365839256446963e-02 -8.350237343066498757e-03 3.655897153205977523e-01 -1.046967655639604144e+00 -2.819693095839143626e-01 -2.166839611224443130e-01 -4.798143376915713909e-01 -7.580581764062084282e-01 1.614378910084404983e-01 -6.718211096158570594e-01 -5.072419319409081639e-01 -3.977420577380631483e-01 -2.859943833574132843e-01 -7.391539897737414710e-01 2.427137307400141442e+00 -2.600274699499053807e-02 -8.374513445046811722e-01 -4.264369105185995823e-02 1.136758239289022532e+00 -7.161624457389041964e-01 1.162530707194471269e+00
1.988739037799233333e+00 -1.255920393870421821e-02 3.198683663324637383e-01 -7.055664927038526879e-02 -4.661793559013129862e-01 1.313087200977979541e-01 2.000077045303953138e+00 8.053360523035044682e-01 -8.835838175499927116e-01 -6.268781181096390320e-02 1.332743839569182909e-01 9.437700247303645318e-01 -1.662359551185591533e+00 3.071592810810361285e-01 -5.221264148352129375e-01 -1.171076915609416957e+00 -2.048388702870420908e-01 -1.361626204286222830e+00 7.483656119076571578e-01 1.620117889396902378e+00 5.807602927511948954e-01 -5.907131126524738374e-01 1.059298286873846084e+00 -1.340580148180358311e+00 -1.088326132807521773e+00 -4.216541975035212331e-02 3.577961727743579901e-01 9.655641331087205792e-01 -9.044930999678864048e-01 -1.157195876218616304e+00 7.795203198893416729e-01 -1.003401037762649689e-01 1.798574325091001069e-01 -1.682664241130117644e-01 -5.122440690486627091e-01 -6.632596789165662310e-02 1.310074536878628848e+00 5.986893623151549049e-01 -3.921018008702219504e-01 6.342415069479134804e-01 4.162749954261484309e-01 1.787809480361632009e+00 -7.335196297743469263e-01 9.307157591285866727e-02 6.409442866994035093e-01 -1.921678308524270351e+00 5.429997804579241860e-01 1.233939719795018458e-01
